Fri Mar  1 17:00:39 2024,  ******************* STARTED Nashville ABM 2019 - Version 19.1.0 ******************* 
Fri Mar  1 17:00:39 2024, 1.1 Initialization.rsc, Initialization
Fri Mar  1 17:06:38 2024, 1.1 Initialization.rsc, Area Type
Fri Mar  1 17:09:10 2024, 1.1 Initialization.rsc, Capacity and FF Speed
Fri Mar  1 17:40:25 2024, 2.1 HwySkimming.rsc,   ****** Highway Skimming ****** 
Fri Mar  1 17:40:25 2024, Build highway network
Fri Mar  1 17:40:33 2024, Shortest path using length
Fri Mar  1 17:40:36 2024, Terminal time
Fri Mar  1 17:40:44 2024, Build HOV skims
Fri Mar  1 17:41:27 2024, Build SOV skims
Fri Mar  1 17:42:25 2024, 2.1 HwySkimming.rsc, Finished Highway Skimming
Fri Mar  1 17:42:26 2024, 2.2 TransitSkimming.rsc,   ****** Transit Skimming ****** 
Fri Mar  1 17:42:26 2024, Set transit paramters
Fri Mar  1 17:42:26 2024, Prepare inputs
Fri Mar  1 17:44:30 2024, Build drive connectors
Fri Mar  1 17:47:32 2024, Build transit paths
Fri Mar  1 17:47:32 2024, Build transit paths, Build transit paths Loop - AM - Walk - Local -1 of 40
Fri Mar  1 17:47:32 2024, Build transit paths, Build tranist network
Fri Mar  1 17:47:52 2024, Build transit paths, Tranist network settings
Fri Mar  1 17:47:54 2024, Build transit paths, Transit assignment PF
Fri Mar  1 17:48:10 2024, Build transit paths, Fill stop layer with base ivtt
Fri Mar  1 17:48:10 2024, Build transit paths, Update transit links with correct ivtt
Fri Mar  1 17:48:12 2024, Build transit paths, Transit skim PF
Fri Mar  1 17:49:39 2024, Build transit paths, Calculate boardings in transfers field
Fri Mar  1 17:49:40 2024, Build transit paths, Build transit paths Loop - AM - Walk - Brt -2 of 40
Fri Mar  1 17:49:40 2024, Build transit paths, Build tranist network
Fri Mar  1 17:50:00 2024, Build transit paths, Tranist network settings
Fri Mar  1 17:50:01 2024, Build transit paths, Transit assignment PF
Fri Mar  1 17:50:18 2024, Build transit paths, Fill stop layer with base ivtt
Fri Mar  1 17:50:18 2024, Build transit paths, Update transit links with correct ivtt
Fri Mar  1 17:50:20 2024, Build transit paths, Transit skim PF
Fri Mar  1 17:51:49 2024, Build transit paths, Calculate boardings in transfers field
Fri Mar  1 17:51:50 2024, Build transit paths, Build transit paths Loop - AM - Walk - ExpBus -3 of 40
Fri Mar  1 17:51:50 2024, Build transit paths, Build tranist network
Fri Mar  1 17:52:10 2024, Build transit paths, Tranist network settings
Fri Mar  1 17:52:12 2024, Build transit paths, Transit assignment PF
Fri Mar  1 17:52:31 2024, Build transit paths, Fill stop layer with base ivtt
Fri Mar  1 17:52:31 2024, Build transit paths, Update transit links with correct ivtt
Fri Mar  1 17:52:32 2024, Build transit paths, Transit skim PF
Fri Mar  1 17:54:07 2024, Build transit paths, Calculate boardings in transfers field
Fri Mar  1 17:54:08 2024, Build transit paths, Build transit paths Loop - AM - Walk - UrbRail -4 of 40
Fri Mar  1 17:54:08 2024, Build transit paths, Build tranist network
Fri Mar  1 17:54:28 2024, Build transit paths, Tranist network settings
Fri Mar  1 17:54:30 2024, Build transit paths, Transit assignment PF
Fri Mar  1 17:54:48 2024, Build transit paths, Fill stop layer with base ivtt
Fri Mar  1 17:54:49 2024, Build transit paths, Update transit links with correct ivtt
Fri Mar  1 17:54:50 2024, Build transit paths, Transit skim PF
Fri Mar  1 17:56:27 2024, Build transit paths, Calculate boardings in transfers field
Fri Mar  1 17:56:27 2024, Build transit paths, Build transit paths Loop - AM - Walk - ComRail -5 of 40
Fri Mar  1 17:56:27 2024, Build transit paths, Build tranist network
Fri Mar  1 17:56:50 2024, Build transit paths, Tranist network settings
Fri Mar  1 17:56:51 2024, Build transit paths, Transit assignment PF
Fri Mar  1 17:57:11 2024, Build transit paths, Fill stop layer with base ivtt
Fri Mar  1 17:57:11 2024, Build transit paths, Update transit links with correct ivtt
Fri Mar  1 17:57:12 2024, Build transit paths, Transit skim PF
Fri Mar  1 17:58:50 2024, Build transit paths, Calculate boardings in transfers field
Fri Mar  1 17:58:50 2024, Build transit paths, Build transit paths Loop - AM - Drive - Local -6 of 40
Fri Mar  1 17:58:50 2024, Build transit paths, Build tranist network
Fri Mar  1 17:59:12 2024, Build transit paths, Tranist network settings
Fri Mar  1 17:59:18 2024, Build transit paths, Transit assignment PF
Fri Mar  1 17:59:29 2024, Build transit paths, Fill stop layer with base ivtt
Fri Mar  1 17:59:30 2024, Build transit paths, Update transit links with correct ivtt
Fri Mar  1 17:59:31 2024, Build transit paths, Transit skim PF
Fri Mar  1 18:00:14 2024, Build transit paths, Calculate boardings in transfers field
Fri Mar  1 18:00:14 2024, Build transit paths, Build transit paths Loop - AM - Drive - Brt -7 of 40
Fri Mar  1 18:00:14 2024, Build transit paths, Build tranist network
Fri Mar  1 18:00:36 2024, Build transit paths, Tranist network settings
Fri Mar  1 18:00:43 2024, Build transit paths, Transit assignment PF
Fri Mar  1 18:00:53 2024, Build transit paths, Fill stop layer with base ivtt
Fri Mar  1 18:00:54 2024, Build transit paths, Update transit links with correct ivtt
Fri Mar  1 18:00:55 2024, Build transit paths, Transit skim PF
Fri Mar  1 18:01:38 2024, Build transit paths, Calculate boardings in transfers field
Fri Mar  1 18:01:38 2024, Build transit paths, Build transit paths Loop - AM - Drive - ExpBus -8 of 40
Fri Mar  1 18:01:38 2024, Build transit paths, Build tranist network
Fri Mar  1 18:02:00 2024, Build transit paths, Tranist network settings
Fri Mar  1 18:02:06 2024, Build transit paths, Transit assignment PF
Fri Mar  1 18:02:18 2024, Build transit paths, Fill stop layer with base ivtt
Fri Mar  1 18:02:18 2024, Build transit paths, Update transit links with correct ivtt
Fri Mar  1 18:02:20 2024, Build transit paths, Transit skim PF
Fri Mar  1 18:03:08 2024, Build transit paths, Calculate boardings in transfers field
Fri Mar  1 18:03:08 2024, Build transit paths, Build transit paths Loop - AM - Drive - UrbRail -9 of 40
Fri Mar  1 18:03:08 2024, Build transit paths, Build tranist network
Fri Mar  1 18:03:31 2024, Build transit paths, Tranist network settings
Fri Mar  1 18:03:37 2024, Build transit paths, Transit assignment PF
Fri Mar  1 18:03:49 2024, Build transit paths, Fill stop layer with base ivtt
Fri Mar  1 18:03:49 2024, Build transit paths, Update transit links with correct ivtt
Fri Mar  1 18:03:51 2024, Build transit paths, Transit skim PF
Fri Mar  1 18:04:39 2024, Build transit paths, Calculate boardings in transfers field
Fri Mar  1 18:04:39 2024, Build transit paths, Build transit paths Loop - AM - Drive - ComRail -10 of 40
Fri Mar  1 18:04:39 2024, Build transit paths, Build tranist network
Fri Mar  1 18:05:02 2024, Build transit paths, Tranist network settings
Fri Mar  1 18:05:08 2024, Build transit paths, Transit assignment PF
Fri Mar  1 18:05:20 2024, Build transit paths, Fill stop layer with base ivtt
Fri Mar  1 18:05:20 2024, Build transit paths, Update transit links with correct ivtt
Fri Mar  1 18:05:22 2024, Build transit paths, Transit skim PF
Fri Mar  1 18:06:09 2024, Build transit paths, Calculate boardings in transfers field
Fri Mar  1 18:06:10 2024, Build transit paths, Build transit paths Loop - MD - Walk - Local -11 of 40
Fri Mar  1 18:06:10 2024, Build transit paths, Build tranist network
Fri Mar  1 18:06:32 2024, Build transit paths, Tranist network settings
Fri Mar  1 18:06:34 2024, Build transit paths, Transit assignment PF
Fri Mar  1 18:06:50 2024, Build transit paths, Fill stop layer with base ivtt
Fri Mar  1 18:06:50 2024, Build transit paths, Update transit links with correct ivtt
Fri Mar  1 18:06:52 2024, Build transit paths, Transit skim PF
Fri Mar  1 18:08:23 2024, Build transit paths, Calculate boardings in transfers field
Fri Mar  1 18:08:23 2024, Build transit paths, Build transit paths Loop - MD - Walk - Brt -12 of 40
Fri Mar  1 18:08:23 2024, Build transit paths, Build tranist network
Fri Mar  1 18:08:45 2024, Build transit paths, Tranist network settings
Fri Mar  1 18:08:47 2024, Build transit paths, Transit assignment PF
Fri Mar  1 18:09:03 2024, Build transit paths, Fill stop layer with base ivtt
Fri Mar  1 18:09:03 2024, Build transit paths, Update transit links with correct ivtt
Fri Mar  1 18:09:05 2024, Build transit paths, Transit skim PF
Fri Mar  1 18:10:35 2024, Build transit paths, Calculate boardings in transfers field
Fri Mar  1 18:10:36 2024, Build transit paths, Build transit paths Loop - MD - Walk - ExpBus -13 of 40
Fri Mar  1 18:10:36 2024, Build transit paths, Build tranist network
Fri Mar  1 18:10:58 2024, Build transit paths, Tranist network settings
Fri Mar  1 18:11:00 2024, Build transit paths, Transit assignment PF
Fri Mar  1 18:11:17 2024, Build transit paths, Fill stop layer with base ivtt
Fri Mar  1 18:11:18 2024, Build transit paths, Update transit links with correct ivtt
Fri Mar  1 18:11:19 2024, Build transit paths, Transit skim PF
Fri Mar  1 18:12:54 2024, Build transit paths, Calculate boardings in transfers field
Fri Mar  1 18:12:54 2024, Build transit paths, Build transit paths Loop - MD - Walk - UrbRail -14 of 40
Fri Mar  1 18:12:54 2024, Build transit paths, Build tranist network
Fri Mar  1 18:13:17 2024, Build transit paths, Tranist network settings
Fri Mar  1 18:13:18 2024, Build transit paths, Transit assignment PF
Fri Mar  1 18:13:36 2024, Build transit paths, Fill stop layer with base ivtt
Fri Mar  1 18:13:36 2024, Build transit paths, Update transit links with correct ivtt
Fri Mar  1 18:13:38 2024, Build transit paths, Transit skim PF
Fri Mar  1 18:15:12 2024, Build transit paths, Calculate boardings in transfers field
Fri Mar  1 18:15:12 2024, Build transit paths, Build transit paths Loop - MD - Walk - ComRail -15 of 40
Fri Mar  1 18:15:12 2024, Build transit paths, Build tranist network
Fri Mar  1 18:15:34 2024, Build transit paths, Tranist network settings
Fri Mar  1 18:15:36 2024, Build transit paths, Transit assignment PF
Fri Mar  1 18:15:53 2024, Build transit paths, Fill stop layer with base ivtt
Fri Mar  1 18:15:54 2024, Build transit paths, Update transit links with correct ivtt
Fri Mar  1 18:15:55 2024, Build transit paths, Transit skim PF
Fri Mar  1 18:17:30 2024, Build transit paths, Calculate boardings in transfers field
Fri Mar  1 18:17:30 2024, Build transit paths, Build transit paths Loop - MD - Drive - Local -16 of 40
Fri Mar  1 18:17:30 2024, Build transit paths, Build tranist network
Fri Mar  1 18:17:53 2024, Build transit paths, Tranist network settings
Fri Mar  1 18:17:59 2024, Build transit paths, Transit assignment PF
Fri Mar  1 18:18:10 2024, Build transit paths, Fill stop layer with base ivtt
Fri Mar  1 18:18:10 2024, Build transit paths, Update transit links with correct ivtt
Fri Mar  1 18:18:11 2024, Build transit paths, Transit skim PF
Fri Mar  1 18:18:55 2024, Build transit paths, Calculate boardings in transfers field
Fri Mar  1 18:18:55 2024, Build transit paths, Build transit paths Loop - MD - Drive - Brt -17 of 40
Fri Mar  1 18:18:55 2024, Build transit paths, Build tranist network
Fri Mar  1 18:19:17 2024, Build transit paths, Tranist network settings
Fri Mar  1 18:19:23 2024, Build transit paths, Transit assignment PF
Fri Mar  1 18:19:34 2024, Build transit paths, Fill stop layer with base ivtt
Fri Mar  1 18:19:34 2024, Build transit paths, Update transit links with correct ivtt
Fri Mar  1 18:19:36 2024, Build transit paths, Transit skim PF
Fri Mar  1 18:20:19 2024, Build transit paths, Calculate boardings in transfers field
Fri Mar  1 18:20:19 2024, Build transit paths, Build transit paths Loop - MD - Drive - ExpBus -18 of 40
Fri Mar  1 18:20:19 2024, Build transit paths, Build tranist network
Fri Mar  1 18:20:41 2024, Build transit paths, Tranist network settings
Fri Mar  1 18:20:47 2024, Build transit paths, Transit assignment PF
Fri Mar  1 18:20:58 2024, Build transit paths, Fill stop layer with base ivtt
Fri Mar  1 18:20:59 2024, Build transit paths, Update transit links with correct ivtt
Fri Mar  1 18:21:00 2024, Build transit paths, Transit skim PF
Fri Mar  1 18:21:45 2024, Build transit paths, Calculate boardings in transfers field
Fri Mar  1 18:21:45 2024, Build transit paths, Build transit paths Loop - MD - Drive - UrbRail -19 of 40
Fri Mar  1 18:21:45 2024, Build transit paths, Build tranist network
Fri Mar  1 18:22:07 2024, Build transit paths, Tranist network settings
Fri Mar  1 18:22:12 2024, Build transit paths, Transit assignment PF
Fri Mar  1 18:22:23 2024, Build transit paths, Fill stop layer with base ivtt
Fri Mar  1 18:22:23 2024, Build transit paths, Update transit links with correct ivtt
Fri Mar  1 18:22:25 2024, Build transit paths, Transit skim PF
Fri Mar  1 18:23:09 2024, Build transit paths, Calculate boardings in transfers field
Fri Mar  1 18:23:10 2024, Build transit paths, Build transit paths Loop - MD - Drive - ComRail -20 of 40
Fri Mar  1 18:23:10 2024, Build transit paths, Build tranist network
Fri Mar  1 18:23:28 2024, Build transit paths, Tranist network settings
Fri Mar  1 18:23:34 2024, Build transit paths, Transit assignment PF
Fri Mar  1 18:23:45 2024, Build transit paths, Fill stop layer with base ivtt
Fri Mar  1 18:23:46 2024, Build transit paths, Update transit links with correct ivtt
Fri Mar  1 18:23:47 2024, Build transit paths, Transit skim PF
Fri Mar  1 18:24:29 2024, Build transit paths, Calculate boardings in transfers field
Fri Mar  1 18:24:29 2024, Build transit paths, Build transit paths Loop - PM - Walk - Local -21 of 40
Fri Mar  1 18:24:29 2024, Build transit paths, Build tranist network
Fri Mar  1 18:24:51 2024, Build transit paths, Tranist network settings
Fri Mar  1 18:24:55 2024, Build transit paths, Transit assignment PF
Fri Mar  1 18:25:15 2024, Build transit paths, Fill stop layer with base ivtt
Fri Mar  1 18:25:16 2024, Build transit paths, Update transit links with correct ivtt
Fri Mar  1 18:25:17 2024, Build transit paths, Transit skim PF
Fri Mar  1 18:27:27 2024, Build transit paths, Calculate boardings in transfers field
Fri Mar  1 18:27:27 2024, Build transit paths, Build transit paths Loop - PM - Walk - Brt -22 of 40
Fri Mar  1 18:27:27 2024, Build transit paths, Build tranist network
Fri Mar  1 18:27:56 2024, Build transit paths, Tranist network settings
Fri Mar  1 18:27:59 2024, Build transit paths, Transit assignment PF
Fri Mar  1 18:28:19 2024, Build transit paths, Fill stop layer with base ivtt
Fri Mar  1 18:28:20 2024, Build transit paths, Update transit links with correct ivtt
Fri Mar  1 18:28:22 2024, Build transit paths, Transit skim PF
Fri Mar  1 18:30:28 2024, Build transit paths, Calculate boardings in transfers field
Fri Mar  1 18:30:28 2024, Build transit paths, Build transit paths Loop - PM - Walk - ExpBus -23 of 40
Fri Mar  1 18:30:28 2024, Build transit paths, Build tranist network
Fri Mar  1 18:31:00 2024, Build transit paths, Tranist network settings
Fri Mar  1 18:31:03 2024, Build transit paths, Transit assignment PF
Fri Mar  1 18:31:28 2024, Build transit paths, Fill stop layer with base ivtt
Fri Mar  1 18:31:29 2024, Build transit paths, Update transit links with correct ivtt
Fri Mar  1 18:31:31 2024, Build transit paths, Transit skim PF
Fri Mar  1 18:33:41 2024, Build transit paths, Calculate boardings in transfers field
Fri Mar  1 18:33:41 2024, Build transit paths, Build transit paths Loop - PM - Walk - UrbRail -24 of 40
Fri Mar  1 18:33:41 2024, Build transit paths, Build tranist network
Fri Mar  1 18:34:12 2024, Build transit paths, Tranist network settings
Fri Mar  1 18:34:15 2024, Build transit paths, Transit assignment PF
Fri Mar  1 18:34:40 2024, Build transit paths, Fill stop layer with base ivtt
Fri Mar  1 18:34:41 2024, Build transit paths, Update transit links with correct ivtt
Fri Mar  1 18:34:43 2024, Build transit paths, Transit skim PF
Fri Mar  1 18:36:53 2024, Build transit paths, Calculate boardings in transfers field
Fri Mar  1 18:36:53 2024, Build transit paths, Build transit paths Loop - PM - Walk - ComRail -25 of 40
Fri Mar  1 18:36:53 2024, Build transit paths, Build tranist network
Fri Mar  1 18:37:24 2024, Build transit paths, Tranist network settings
Fri Mar  1 18:37:28 2024, Build transit paths, Transit assignment PF
Fri Mar  1 18:37:53 2024, Build transit paths, Fill stop layer with base ivtt
Fri Mar  1 18:37:54 2024, Build transit paths, Update transit links with correct ivtt
Fri Mar  1 18:37:56 2024, Build transit paths, Transit skim PF
Fri Mar  1 18:40:07 2024, Build transit paths, Calculate boardings in transfers field
Fri Mar  1 18:40:08 2024, Build transit paths, Build transit paths Loop - PM - Drive - Local -26 of 40
Fri Mar  1 18:40:08 2024, Build transit paths, Build tranist network
Fri Mar  1 18:40:37 2024, Build transit paths, Tranist network settings
Fri Mar  1 18:40:50 2024, Build transit paths, Transit assignment PF
Fri Mar  1 18:41:29 2024, Build transit paths, Fill stop layer with base ivtt
Fri Mar  1 18:41:30 2024, Build transit paths, Update transit links with correct ivtt
Fri Mar  1 18:41:32 2024, Build transit paths, Transit skim PF
Fri Mar  1 18:42:53 2024, Build transit paths, Calculate boardings in transfers field
Fri Mar  1 18:42:53 2024, Build transit paths, Build transit paths Loop - PM - Drive - Brt -27 of 40
Fri Mar  1 18:42:53 2024, Build transit paths, Build tranist network
Fri Mar  1 18:43:23 2024, Build transit paths, Tranist network settings
Fri Mar  1 18:43:36 2024, Build transit paths, Transit assignment PF
Fri Mar  1 18:44:16 2024, Build transit paths, Fill stop layer with base ivtt
Fri Mar  1 18:44:17 2024, Build transit paths, Update transit links with correct ivtt
Fri Mar  1 18:44:19 2024, Build transit paths, Transit skim PF
Fri Mar  1 18:45:40 2024, Build transit paths, Calculate boardings in transfers field
Fri Mar  1 18:45:40 2024, Build transit paths, Build transit paths Loop - PM - Drive - ExpBus -28 of 40
Fri Mar  1 18:45:40 2024, Build transit paths, Build tranist network
Fri Mar  1 18:46:11 2024, Build transit paths, Tranist network settings
Fri Mar  1 18:46:24 2024, Build transit paths, Transit assignment PF
Fri Mar  1 18:47:10 2024, Build transit paths, Fill stop layer with base ivtt
Fri Mar  1 18:47:10 2024, Build transit paths, Update transit links with correct ivtt
Fri Mar  1 18:47:13 2024, Build transit paths, Transit skim PF
Fri Mar  1 18:48:50 2024, Build transit paths, Calculate boardings in transfers field
Fri Mar  1 18:48:50 2024, Build transit paths, Build transit paths Loop - PM - Drive - UrbRail -29 of 40
Fri Mar  1 18:48:50 2024, Build transit paths, Build tranist network
Fri Mar  1 18:49:21 2024, Build transit paths, Tranist network settings
Fri Mar  1 18:49:32 2024, Build transit paths, Transit assignment PF
Fri Mar  1 18:50:20 2024, Build transit paths, Fill stop layer with base ivtt
Fri Mar  1 18:50:20 2024, Build transit paths, Update transit links with correct ivtt
Fri Mar  1 18:50:22 2024, Build transit paths, Transit skim PF
Fri Mar  1 18:51:58 2024, Build transit paths, Calculate boardings in transfers field
Fri Mar  1 18:51:58 2024, Build transit paths, Build transit paths Loop - PM - Drive - ComRail -30 of 40
Fri Mar  1 18:51:58 2024, Build transit paths, Build tranist network
Fri Mar  1 18:52:30 2024, Build transit paths, Tranist network settings
Fri Mar  1 18:52:43 2024, Build transit paths, Transit assignment PF
Fri Mar  1 18:53:32 2024, Build transit paths, Fill stop layer with base ivtt
Fri Mar  1 18:53:33 2024, Build transit paths, Update transit links with correct ivtt
Fri Mar  1 18:53:35 2024, Build transit paths, Transit skim PF
Fri Mar  1 18:55:14 2024, Build transit paths, Calculate boardings in transfers field
Fri Mar  1 18:55:15 2024, Build transit paths, Build transit paths Loop - OP - Walk - Local -31 of 40
Fri Mar  1 18:55:15 2024, Build transit paths, Build tranist network
Fri Mar  1 18:55:43 2024, Build transit paths, Tranist network settings
Fri Mar  1 18:55:46 2024, Build transit paths, Transit assignment PF
Fri Mar  1 18:56:05 2024, Build transit paths, Fill stop layer with base ivtt
Fri Mar  1 18:56:06 2024, Build transit paths, Update transit links with correct ivtt
Fri Mar  1 18:56:08 2024, Build transit paths, Transit skim PF
Fri Mar  1 18:58:13 2024, Build transit paths, Calculate boardings in transfers field
Fri Mar  1 18:58:15 2024, Build transit paths, Build transit paths Loop - OP - Walk - Brt -32 of 40
Fri Mar  1 18:58:15 2024, Build transit paths, Build tranist network
Fri Mar  1 18:58:44 2024, Build transit paths, Tranist network settings
Fri Mar  1 18:58:47 2024, Build transit paths, Transit assignment PF
Fri Mar  1 18:59:06 2024, Build transit paths, Fill stop layer with base ivtt
Fri Mar  1 18:59:07 2024, Build transit paths, Update transit links with correct ivtt
Fri Mar  1 18:59:09 2024, Build transit paths, Transit skim PF
Fri Mar  1 19:01:16 2024, Build transit paths, Calculate boardings in transfers field
Fri Mar  1 19:01:17 2024, Build transit paths, Build transit paths Loop - OP - Walk - ExpBus -33 of 40
Fri Mar  1 19:01:17 2024, Build transit paths, Build tranist network
Fri Mar  1 19:01:46 2024, Build transit paths, Tranist network settings
Fri Mar  1 19:01:49 2024, Build transit paths, Transit assignment PF
Fri Mar  1 19:02:10 2024, Build transit paths, Fill stop layer with base ivtt
Fri Mar  1 19:02:10 2024, Build transit paths, Update transit links with correct ivtt
Fri Mar  1 19:02:13 2024, Build transit paths, Transit skim PF
Fri Mar  1 19:04:18 2024, Build transit paths, Calculate boardings in transfers field
Fri Mar  1 19:04:18 2024, Build transit paths, Build transit paths Loop - OP - Walk - UrbRail -34 of 40
Fri Mar  1 19:04:18 2024, Build transit paths, Build tranist network
Fri Mar  1 19:04:47 2024, Build transit paths, Tranist network settings
Fri Mar  1 19:04:50 2024, Build transit paths, Transit assignment PF
Fri Mar  1 19:05:10 2024, Build transit paths, Fill stop layer with base ivtt
Fri Mar  1 19:05:11 2024, Build transit paths, Update transit links with correct ivtt
Fri Mar  1 19:05:13 2024, Build transit paths, Transit skim PF
Fri Mar  1 19:07:16 2024, Build transit paths, Calculate boardings in transfers field
Fri Mar  1 19:07:16 2024, Build transit paths, Build transit paths Loop - OP - Walk - ComRail -35 of 40
Fri Mar  1 19:07:16 2024, Build transit paths, Build tranist network
Fri Mar  1 19:07:45 2024, Build transit paths, Tranist network settings
Fri Mar  1 19:07:49 2024, Build transit paths, Transit assignment PF
Fri Mar  1 19:08:09 2024, Build transit paths, Fill stop layer with base ivtt
Fri Mar  1 19:08:09 2024, Build transit paths, Update transit links with correct ivtt
Fri Mar  1 19:08:11 2024, Build transit paths, Transit skim PF
Fri Mar  1 19:10:14 2024, Build transit paths, Calculate boardings in transfers field
Fri Mar  1 19:10:14 2024, Build transit paths, Build transit paths Loop - OP - Drive - Local -36 of 40
Fri Mar  1 19:10:14 2024, Build transit paths, Build tranist network
Fri Mar  1 19:10:42 2024, Build transit paths, Tranist network settings
Fri Mar  1 19:10:55 2024, Build transit paths, Transit assignment PF
Fri Mar  1 19:11:33 2024, Build transit paths, Fill stop layer with base ivtt
Fri Mar  1 19:11:34 2024, Build transit paths, Update transit links with correct ivtt
Fri Mar  1 19:11:36 2024, Build transit paths, Transit skim PF
Fri Mar  1 19:12:54 2024, Build transit paths, Calculate boardings in transfers field
Fri Mar  1 19:12:55 2024, Build transit paths, Build transit paths Loop - OP - Drive - Brt -37 of 40
Fri Mar  1 19:12:55 2024, Build transit paths, Build tranist network
Fri Mar  1 19:13:23 2024, Build transit paths, Tranist network settings
Fri Mar  1 19:13:36 2024, Build transit paths, Transit assignment PF
Fri Mar  1 19:14:02 2024, Build transit paths, Fill stop layer with base ivtt
Fri Mar  1 19:14:03 2024, Build transit paths, Update transit links with correct ivtt
Fri Mar  1 19:14:04 2024, Build transit paths, Transit skim PF
Fri Mar  1 19:15:01 2024, Build transit paths, Calculate boardings in transfers field
Fri Mar  1 19:15:02 2024, Build transit paths, Build transit paths Loop - OP - Drive - ExpBus -38 of 40
Fri Mar  1 19:15:02 2024, Build transit paths, Build tranist network
Fri Mar  1 19:15:19 2024, Build transit paths, Tranist network settings
Fri Mar  1 19:15:25 2024, Build transit paths, Transit assignment PF
Fri Mar  1 19:15:51 2024, Build transit paths, Fill stop layer with base ivtt
Fri Mar  1 19:15:51 2024, Build transit paths, Update transit links with correct ivtt
Fri Mar  1 19:15:52 2024, Build transit paths, Transit skim PF
Fri Mar  1 19:16:57 2024, Build transit paths, Calculate boardings in transfers field
Fri Mar  1 19:16:57 2024, Build transit paths, Build transit paths Loop - OP - Drive - UrbRail -39 of 40
Fri Mar  1 19:16:57 2024, Build transit paths, Build tranist network
Fri Mar  1 19:17:20 2024, Build transit paths, Tranist network settings
Fri Mar  1 19:17:27 2024, Build transit paths, Transit assignment PF
Fri Mar  1 19:17:56 2024, Build transit paths, Fill stop layer with base ivtt
Fri Mar  1 19:17:57 2024, Build transit paths, Update transit links with correct ivtt
Fri Mar  1 19:17:58 2024, Build transit paths, Transit skim PF
Fri Mar  1 19:19:06 2024, Build transit paths, Calculate boardings in transfers field
Fri Mar  1 19:19:06 2024, Build transit paths, Build transit paths Loop - OP - Drive - ComRail -40 of 40
Fri Mar  1 19:19:06 2024, Build transit paths, Build tranist network
Fri Mar  1 19:19:29 2024, Build transit paths, Tranist network settings
Fri Mar  1 19:19:36 2024, Build transit paths, Transit assignment PF
Fri Mar  1 19:20:06 2024, Build transit paths, Fill stop layer with base ivtt
Fri Mar  1 19:20:06 2024, Build transit paths, Update transit links with correct ivtt
Fri Mar  1 19:20:08 2024, Build transit paths, Transit skim PF
Fri Mar  1 19:21:16 2024, Build transit paths, Calculate boardings in transfers field
Fri Mar  1 19:21:17 2024, Process transit skims
Fri Mar  1 19:44:09 2024, Create percent walk for TCMS
Fri Mar  1 19:47:41 2024, 4 InternalTruckModel.rsc, Run Internal Truck and Commercial Vehicle Model
Fri Mar  1 19:47:41 2024, Aggregate LandUse
Fri Mar  1 19:48:00 2024, Calculate Accessibilities
Fri Mar  1 19:48:10 2024, Run Truck Model
Fri Mar  1 19:48:37 2024, Run Commercial Vehicle Model
Fri Mar  1 19:48:47 2024, Run Trip Length Summaries
Fri Mar  1 19:49:00 2024, Close All Views
Fri Mar  1 19:49:00 2024, 5 VisitorModel.rsc, Run Visitor Model
Fri Mar  1 19:49:00 2024, Prepare input data
Fri Mar  1 19:49:40 2024, Visitor Trip Gen
Fri Mar  1 19:49:45 2024, Visitor Trip Distribution
Fri Mar  1 19:50:00 2024, Visitor Trip Mode Choice
Fri Mar  1 19:50:02 2024, Visitor Trip Time of Day
Fri Mar  1 19:50:06 2024, 7.1 RunDaySim.rsc,   ****** Run DaySim ****** 
Fri Mar  1 19:50:06 2024, Set transit paramters
Fri Mar  1 19:55:37 2024, Runing OMX Re Export in feedback loop 1
Fri Mar  1 19:55:37 2024, Set transit paramters
Fri Mar  1 23:47:52 2024, Copy DaySim inputs in feedback loop 1
Fri Mar  1 23:47:52 2024, Runing DaySim for iteration 1 in feedback loop 1
Mon Mar  4 12:51:35 2024, 7.1 RunDaySim.rsc,  ******** Build DaySim Trip Matrices ******** 
Mon Mar  4 12:51:35 2024, Set transit paramters
Mon Mar  4 12:51:35 2024, Copying DaySim outputs
Mon Mar  4 12:51:40 2024,  ******************* FINISHED Nashville ABM 2019 - Version 19.1.0 ******************* 
Mon Mar  4 12:52:58 2024,  ******************* STARTED Nashville ABM 2019 - Version 19.1.0 ******************* 
Mon Mar  4 12:52:58 2024, 1.1 Initialization.rsc, Initialization
Mon Mar  4 12:56:56 2024, 1.1 Initialization.rsc, Area Type
Mon Mar  4 12:58:04 2024, 1.1 Initialization.rsc, Capacity and FF Speed
Mon Mar  4 13:42:32 2024,  ******************* FINISHED Nashville ABM 2019 - Version 19.1.0 ******************* 
Mon Mar  4 13:44:19 2024,  ******************* STARTED Nashville ABM 2019 - Version 19.1.0 ******************* 
Mon Mar  4 13:44:19 2024, 2.1 HwySkimming.rsc,   ****** Highway Skimming ****** 
Mon Mar  4 13:44:19 2024, Build highway network
Mon Mar  4 13:44:24 2024, Shortest path using length
Mon Mar  4 13:44:25 2024, Terminal time
Mon Mar  4 13:44:28 2024, Build HOV skims
Mon Mar  4 13:44:51 2024, Build SOV skims
Mon Mar  4 13:45:24 2024, 2.1 HwySkimming.rsc, Finished Highway Skimming
Mon Mar  4 13:45:24 2024, 2.2 TransitSkimming.rsc,   ****** Transit Skimming ****** 
Mon Mar  4 13:45:24 2024, Set transit paramters
Mon Mar  4 13:45:24 2024, Prepare inputs
Mon Mar  4 13:46:55 2024, Build drive connectors
Mon Mar  4 13:49:06 2024, Build transit paths
Mon Mar  4 13:49:06 2024, Build transit paths, Build transit paths Loop - AM - Walk - Local -1 of 40
Mon Mar  4 13:49:06 2024, Build transit paths, Build tranist network
Mon Mar  4 13:49:15 2024, Build transit paths, Tranist network settings
Mon Mar  4 13:49:16 2024, Build transit paths, Transit assignment PF
Mon Mar  4 13:49:32 2024, Build transit paths, Fill stop layer with base ivtt
Mon Mar  4 13:49:32 2024, Build transit paths, Update transit links with correct ivtt
Mon Mar  4 13:49:33 2024, Build transit paths, Transit skim PF
Mon Mar  4 13:50:57 2024, Build transit paths, Calculate boardings in transfers field
Mon Mar  4 13:50:57 2024, Build transit paths, Build transit paths Loop - AM - Walk - Brt -2 of 40
Mon Mar  4 13:50:57 2024, Build transit paths, Build tranist network
Mon Mar  4 13:51:05 2024, Build transit paths, Tranist network settings
Mon Mar  4 13:51:06 2024, Build transit paths, Transit assignment PF
Mon Mar  4 13:51:22 2024, Build transit paths, Fill stop layer with base ivtt
Mon Mar  4 13:51:23 2024, Build transit paths, Update transit links with correct ivtt
Mon Mar  4 13:51:24 2024, Build transit paths, Transit skim PF
Mon Mar  4 13:52:55 2024, Build transit paths, Calculate boardings in transfers field
Mon Mar  4 13:52:55 2024, Build transit paths, Build transit paths Loop - AM - Walk - ExpBus -3 of 40
Mon Mar  4 13:52:55 2024, Build transit paths, Build tranist network
Mon Mar  4 13:53:04 2024, Build transit paths, Tranist network settings
Mon Mar  4 13:53:05 2024, Build transit paths, Transit assignment PF
Mon Mar  4 13:53:23 2024, Build transit paths, Fill stop layer with base ivtt
Mon Mar  4 13:53:24 2024, Build transit paths, Update transit links with correct ivtt
Mon Mar  4 13:53:25 2024, Build transit paths, Transit skim PF
Mon Mar  4 13:55:03 2024, Build transit paths, Calculate boardings in transfers field
Mon Mar  4 13:55:03 2024, Build transit paths, Build transit paths Loop - AM - Walk - UrbRail -4 of 40
Mon Mar  4 13:55:03 2024, Build transit paths, Build tranist network
Mon Mar  4 13:55:12 2024, Build transit paths, Tranist network settings
Mon Mar  4 13:55:13 2024, Build transit paths, Transit assignment PF
Mon Mar  4 13:55:31 2024, Build transit paths, Fill stop layer with base ivtt
Mon Mar  4 13:55:32 2024, Build transit paths, Update transit links with correct ivtt
Mon Mar  4 13:55:33 2024, Build transit paths, Transit skim PF
Mon Mar  4 13:57:11 2024, Build transit paths, Calculate boardings in transfers field
Mon Mar  4 13:57:11 2024, Build transit paths, Build transit paths Loop - AM - Walk - ComRail -5 of 40
Mon Mar  4 13:57:11 2024, Build transit paths, Build tranist network
Mon Mar  4 13:57:20 2024, Build transit paths, Tranist network settings
Mon Mar  4 13:57:21 2024, Build transit paths, Transit assignment PF
Mon Mar  4 13:57:40 2024, Build transit paths, Fill stop layer with base ivtt
Mon Mar  4 13:57:40 2024, Build transit paths, Update transit links with correct ivtt
Mon Mar  4 13:57:42 2024, Build transit paths, Transit skim PF
Mon Mar  4 13:59:20 2024, Build transit paths, Calculate boardings in transfers field
Mon Mar  4 13:59:20 2024, Build transit paths, Build transit paths Loop - AM - Drive - Local -6 of 40
Mon Mar  4 13:59:20 2024, Build transit paths, Build tranist network
Mon Mar  4 13:59:29 2024, Build transit paths, Tranist network settings
Mon Mar  4 13:59:33 2024, Build transit paths, Transit assignment PF
Mon Mar  4 13:59:43 2024, Build transit paths, Fill stop layer with base ivtt
Mon Mar  4 13:59:44 2024, Build transit paths, Update transit links with correct ivtt
Mon Mar  4 13:59:45 2024, Build transit paths, Transit skim PF
Mon Mar  4 14:00:32 2024, Build transit paths, Calculate boardings in transfers field
Mon Mar  4 14:00:32 2024, Build transit paths, Build transit paths Loop - AM - Drive - Brt -7 of 40
Mon Mar  4 14:00:32 2024, Build transit paths, Build tranist network
Mon Mar  4 14:00:41 2024, Build transit paths, Tranist network settings
Mon Mar  4 14:00:45 2024, Build transit paths, Transit assignment PF
Mon Mar  4 14:00:56 2024, Build transit paths, Fill stop layer with base ivtt
Mon Mar  4 14:00:56 2024, Build transit paths, Update transit links with correct ivtt
Mon Mar  4 14:00:57 2024, Build transit paths, Transit skim PF
Mon Mar  4 14:01:44 2024, Build transit paths, Calculate boardings in transfers field
Mon Mar  4 14:01:44 2024, Build transit paths, Build transit paths Loop - AM - Drive - ExpBus -8 of 40
Mon Mar  4 14:01:44 2024, Build transit paths, Build tranist network
Mon Mar  4 14:01:53 2024, Build transit paths, Tranist network settings
Mon Mar  4 14:01:58 2024, Build transit paths, Transit assignment PF
Mon Mar  4 14:02:09 2024, Build transit paths, Fill stop layer with base ivtt
Mon Mar  4 14:02:09 2024, Build transit paths, Update transit links with correct ivtt
Mon Mar  4 14:02:10 2024, Build transit paths, Transit skim PF
Mon Mar  4 14:03:04 2024, Build transit paths, Calculate boardings in transfers field
Mon Mar  4 14:03:04 2024, Build transit paths, Build transit paths Loop - AM - Drive - UrbRail -9 of 40
Mon Mar  4 14:03:04 2024, Build transit paths, Build tranist network
Mon Mar  4 14:03:13 2024, Build transit paths, Tranist network settings
Mon Mar  4 14:03:18 2024, Build transit paths, Transit assignment PF
Mon Mar  4 14:03:29 2024, Build transit paths, Fill stop layer with base ivtt
Mon Mar  4 14:03:29 2024, Build transit paths, Update transit links with correct ivtt
Mon Mar  4 14:03:30 2024, Build transit paths, Transit skim PF
Mon Mar  4 14:04:23 2024, Build transit paths, Calculate boardings in transfers field
Mon Mar  4 14:04:23 2024, Build transit paths, Build transit paths Loop - AM - Drive - ComRail -10 of 40
Mon Mar  4 14:04:23 2024, Build transit paths, Build tranist network
Mon Mar  4 14:04:33 2024, Build transit paths, Tranist network settings
Mon Mar  4 14:04:37 2024, Build transit paths, Transit assignment PF
Mon Mar  4 14:04:48 2024, Build transit paths, Fill stop layer with base ivtt
Mon Mar  4 14:04:49 2024, Build transit paths, Update transit links with correct ivtt
Mon Mar  4 14:04:50 2024, Build transit paths, Transit skim PF
Mon Mar  4 14:05:42 2024, Build transit paths, Calculate boardings in transfers field
Mon Mar  4 14:05:43 2024, Build transit paths, Build transit paths Loop - MD - Walk - Local -11 of 40
Mon Mar  4 14:05:43 2024, Build transit paths, Build tranist network
Mon Mar  4 14:05:51 2024, Build transit paths, Tranist network settings
Mon Mar  4 14:05:52 2024, Build transit paths, Transit assignment PF
Mon Mar  4 14:06:08 2024, Build transit paths, Fill stop layer with base ivtt
Mon Mar  4 14:06:09 2024, Build transit paths, Update transit links with correct ivtt
Mon Mar  4 14:06:10 2024, Build transit paths, Transit skim PF
Mon Mar  4 14:07:41 2024, Build transit paths, Calculate boardings in transfers field
Mon Mar  4 14:07:41 2024, Build transit paths, Build transit paths Loop - MD - Walk - Brt -12 of 40
Mon Mar  4 14:07:41 2024, Build transit paths, Build tranist network
Mon Mar  4 14:07:50 2024, Build transit paths, Tranist network settings
Mon Mar  4 14:07:51 2024, Build transit paths, Transit assignment PF
Mon Mar  4 14:08:07 2024, Build transit paths, Fill stop layer with base ivtt
Mon Mar  4 14:08:07 2024, Build transit paths, Update transit links with correct ivtt
Mon Mar  4 14:08:08 2024, Build transit paths, Transit skim PF
Mon Mar  4 14:09:39 2024, Build transit paths, Calculate boardings in transfers field
Mon Mar  4 14:09:39 2024, Build transit paths, Build transit paths Loop - MD - Walk - ExpBus -13 of 40
Mon Mar  4 14:09:39 2024, Build transit paths, Build tranist network
Mon Mar  4 14:09:48 2024, Build transit paths, Tranist network settings
Mon Mar  4 14:09:49 2024, Build transit paths, Transit assignment PF
Mon Mar  4 14:10:07 2024, Build transit paths, Fill stop layer with base ivtt
Mon Mar  4 14:10:07 2024, Build transit paths, Update transit links with correct ivtt
Mon Mar  4 14:10:08 2024, Build transit paths, Transit skim PF
Mon Mar  4 14:11:46 2024, Build transit paths, Calculate boardings in transfers field
Mon Mar  4 14:11:46 2024, Build transit paths, Build transit paths Loop - MD - Walk - UrbRail -14 of 40
Mon Mar  4 14:11:46 2024, Build transit paths, Build tranist network
Mon Mar  4 14:11:55 2024, Build transit paths, Tranist network settings
Mon Mar  4 14:11:56 2024, Build transit paths, Transit assignment PF
Mon Mar  4 14:12:13 2024, Build transit paths, Fill stop layer with base ivtt
Mon Mar  4 14:12:14 2024, Build transit paths, Update transit links with correct ivtt
Mon Mar  4 14:12:15 2024, Build transit paths, Transit skim PF
Mon Mar  4 14:13:50 2024, Build transit paths, Calculate boardings in transfers field
Mon Mar  4 14:13:50 2024, Build transit paths, Build transit paths Loop - MD - Walk - ComRail -15 of 40
Mon Mar  4 14:13:50 2024, Build transit paths, Build tranist network
Mon Mar  4 14:13:59 2024, Build transit paths, Tranist network settings
Mon Mar  4 14:14:00 2024, Build transit paths, Transit assignment PF
Mon Mar  4 14:14:17 2024, Build transit paths, Fill stop layer with base ivtt
Mon Mar  4 14:14:17 2024, Build transit paths, Update transit links with correct ivtt
Mon Mar  4 14:14:19 2024, Build transit paths, Transit skim PF
Mon Mar  4 14:15:54 2024, Build transit paths, Calculate boardings in transfers field
Mon Mar  4 14:15:54 2024, Build transit paths, Build transit paths Loop - MD - Drive - Local -16 of 40
Mon Mar  4 14:15:54 2024, Build transit paths, Build tranist network
Mon Mar  4 14:16:03 2024, Build transit paths, Tranist network settings
Mon Mar  4 14:16:07 2024, Build transit paths, Transit assignment PF
Mon Mar  4 14:16:17 2024, Build transit paths, Fill stop layer with base ivtt
Mon Mar  4 14:16:17 2024, Build transit paths, Update transit links with correct ivtt
Mon Mar  4 14:16:18 2024, Build transit paths, Transit skim PF
Mon Mar  4 14:17:06 2024, Build transit paths, Calculate boardings in transfers field
Mon Mar  4 14:17:06 2024, Build transit paths, Build transit paths Loop - MD - Drive - Brt -17 of 40
Mon Mar  4 14:17:06 2024, Build transit paths, Build tranist network
Mon Mar  4 14:17:15 2024, Build transit paths, Tranist network settings
Mon Mar  4 14:17:19 2024, Build transit paths, Transit assignment PF
Mon Mar  4 14:17:29 2024, Build transit paths, Fill stop layer with base ivtt
Mon Mar  4 14:17:29 2024, Build transit paths, Update transit links with correct ivtt
Mon Mar  4 14:17:30 2024, Build transit paths, Transit skim PF
Mon Mar  4 14:18:17 2024, Build transit paths, Calculate boardings in transfers field
Mon Mar  4 14:18:17 2024, Build transit paths, Build transit paths Loop - MD - Drive - ExpBus -18 of 40
Mon Mar  4 14:18:17 2024, Build transit paths, Build tranist network
Mon Mar  4 14:18:26 2024, Build transit paths, Tranist network settings
Mon Mar  4 14:18:30 2024, Build transit paths, Transit assignment PF
Mon Mar  4 14:18:41 2024, Build transit paths, Fill stop layer with base ivtt
Mon Mar  4 14:18:41 2024, Build transit paths, Update transit links with correct ivtt
Mon Mar  4 14:18:42 2024, Build transit paths, Transit skim PF
Mon Mar  4 14:19:32 2024, Build transit paths, Calculate boardings in transfers field
Mon Mar  4 14:19:32 2024, Build transit paths, Build transit paths Loop - MD - Drive - UrbRail -19 of 40
Mon Mar  4 14:19:32 2024, Build transit paths, Build tranist network
Mon Mar  4 14:19:41 2024, Build transit paths, Tranist network settings
Mon Mar  4 14:19:45 2024, Build transit paths, Transit assignment PF
Mon Mar  4 14:19:56 2024, Build transit paths, Fill stop layer with base ivtt
Mon Mar  4 14:19:56 2024, Build transit paths, Update transit links with correct ivtt
Mon Mar  4 14:19:57 2024, Build transit paths, Transit skim PF
Mon Mar  4 14:20:47 2024, Build transit paths, Calculate boardings in transfers field
Mon Mar  4 14:20:47 2024, Build transit paths, Build transit paths Loop - MD - Drive - ComRail -20 of 40
Mon Mar  4 14:20:47 2024, Build transit paths, Build tranist network
Mon Mar  4 14:20:56 2024, Build transit paths, Tranist network settings
Mon Mar  4 14:21:01 2024, Build transit paths, Transit assignment PF
Mon Mar  4 14:21:12 2024, Build transit paths, Fill stop layer with base ivtt
Mon Mar  4 14:21:12 2024, Build transit paths, Update transit links with correct ivtt
Mon Mar  4 14:21:13 2024, Build transit paths, Transit skim PF
Mon Mar  4 14:22:06 2024, Build transit paths, Calculate boardings in transfers field
Mon Mar  4 14:22:07 2024, Build transit paths, Build transit paths Loop - PM - Walk - Local -21 of 40
Mon Mar  4 14:22:07 2024, Build transit paths, Build tranist network
Mon Mar  4 14:22:16 2024, Build transit paths, Tranist network settings
Mon Mar  4 14:22:17 2024, Build transit paths, Transit assignment PF
Mon Mar  4 14:22:33 2024, Build transit paths, Fill stop layer with base ivtt
Mon Mar  4 14:22:34 2024, Build transit paths, Update transit links with correct ivtt
Mon Mar  4 14:22:35 2024, Build transit paths, Transit skim PF
Mon Mar  4 14:24:06 2024, Build transit paths, Calculate boardings in transfers field
Mon Mar  4 14:24:06 2024, Build transit paths, Build transit paths Loop - PM - Walk - Brt -22 of 40
Mon Mar  4 14:24:06 2024, Build transit paths, Build tranist network
Mon Mar  4 14:24:15 2024, Build transit paths, Tranist network settings
Mon Mar  4 14:24:16 2024, Build transit paths, Transit assignment PF
Mon Mar  4 14:24:31 2024, Build transit paths, Fill stop layer with base ivtt
Mon Mar  4 14:24:31 2024, Build transit paths, Update transit links with correct ivtt
Mon Mar  4 14:24:33 2024, Build transit paths, Transit skim PF
Mon Mar  4 14:26:04 2024, Build transit paths, Calculate boardings in transfers field
Mon Mar  4 14:26:05 2024, Build transit paths, Build transit paths Loop - PM - Walk - ExpBus -23 of 40
Mon Mar  4 14:26:05 2024, Build transit paths, Build tranist network
Mon Mar  4 14:26:14 2024, Build transit paths, Tranist network settings
Mon Mar  4 14:26:15 2024, Build transit paths, Transit assignment PF
Mon Mar  4 14:26:34 2024, Build transit paths, Fill stop layer with base ivtt
Mon Mar  4 14:26:34 2024, Build transit paths, Update transit links with correct ivtt
Mon Mar  4 14:26:35 2024, Build transit paths, Transit skim PF
Mon Mar  4 14:28:11 2024, Build transit paths, Calculate boardings in transfers field
Mon Mar  4 14:28:11 2024, Build transit paths, Build transit paths Loop - PM - Walk - UrbRail -24 of 40
Mon Mar  4 14:28:11 2024, Build transit paths, Build tranist network
Mon Mar  4 14:28:20 2024, Build transit paths, Tranist network settings
Mon Mar  4 14:28:21 2024, Build transit paths, Transit assignment PF
Mon Mar  4 14:28:40 2024, Build transit paths, Fill stop layer with base ivtt
Mon Mar  4 14:28:40 2024, Build transit paths, Update transit links with correct ivtt
Mon Mar  4 14:28:41 2024, Build transit paths, Transit skim PF
Mon Mar  4 14:30:19 2024, Build transit paths, Calculate boardings in transfers field
Mon Mar  4 14:30:19 2024, Build transit paths, Build transit paths Loop - PM - Walk - ComRail -25 of 40
Mon Mar  4 14:30:19 2024, Build transit paths, Build tranist network
Mon Mar  4 14:30:29 2024, Build transit paths, Tranist network settings
Mon Mar  4 14:30:29 2024, Build transit paths, Transit assignment PF
Mon Mar  4 14:30:48 2024, Build transit paths, Fill stop layer with base ivtt
Mon Mar  4 14:30:49 2024, Build transit paths, Update transit links with correct ivtt
Mon Mar  4 14:30:50 2024, Build transit paths, Transit skim PF
Mon Mar  4 14:32:26 2024, Build transit paths, Calculate boardings in transfers field
Mon Mar  4 14:32:26 2024, Build transit paths, Build transit paths Loop - PM - Drive - Local -26 of 40
Mon Mar  4 14:32:26 2024, Build transit paths, Build tranist network
Mon Mar  4 14:32:35 2024, Build transit paths, Tranist network settings
Mon Mar  4 14:32:40 2024, Build transit paths, Transit assignment PF
Mon Mar  4 14:32:56 2024, Build transit paths, Fill stop layer with base ivtt
Mon Mar  4 14:32:57 2024, Build transit paths, Update transit links with correct ivtt
Mon Mar  4 14:32:58 2024, Build transit paths, Transit skim PF
Mon Mar  4 14:33:57 2024, Build transit paths, Calculate boardings in transfers field
Mon Mar  4 14:33:57 2024, Build transit paths, Build transit paths Loop - PM - Drive - Brt -27 of 40
Mon Mar  4 14:33:57 2024, Build transit paths, Build tranist network
Mon Mar  4 14:34:06 2024, Build transit paths, Tranist network settings
Mon Mar  4 14:34:11 2024, Build transit paths, Transit assignment PF
Mon Mar  4 14:34:28 2024, Build transit paths, Fill stop layer with base ivtt
Mon Mar  4 14:34:28 2024, Build transit paths, Update transit links with correct ivtt
Mon Mar  4 14:34:29 2024, Build transit paths, Transit skim PF
Mon Mar  4 14:35:25 2024, Build transit paths, Calculate boardings in transfers field
Mon Mar  4 14:35:25 2024, Build transit paths, Build transit paths Loop - PM - Drive - ExpBus -28 of 40
Mon Mar  4 14:35:25 2024, Build transit paths, Build tranist network
Mon Mar  4 14:35:35 2024, Build transit paths, Tranist network settings
Mon Mar  4 14:35:39 2024, Build transit paths, Transit assignment PF
Mon Mar  4 14:36:00 2024, Build transit paths, Fill stop layer with base ivtt
Mon Mar  4 14:36:00 2024, Build transit paths, Update transit links with correct ivtt
Mon Mar  4 14:36:01 2024, Build transit paths, Transit skim PF
Mon Mar  4 14:37:10 2024, Build transit paths, Calculate boardings in transfers field
Mon Mar  4 14:37:10 2024, Build transit paths, Build transit paths Loop - PM - Drive - UrbRail -29 of 40
Mon Mar  4 14:37:10 2024, Build transit paths, Build tranist network
Mon Mar  4 14:37:19 2024, Build transit paths, Tranist network settings
Mon Mar  4 14:37:23 2024, Build transit paths, Transit assignment PF
Mon Mar  4 14:37:44 2024, Build transit paths, Fill stop layer with base ivtt
Mon Mar  4 14:37:44 2024, Build transit paths, Update transit links with correct ivtt
Mon Mar  4 14:37:46 2024, Build transit paths, Transit skim PF
Mon Mar  4 14:38:52 2024, Build transit paths, Calculate boardings in transfers field
Mon Mar  4 14:38:53 2024, Build transit paths, Build transit paths Loop - PM - Drive - ComRail -30 of 40
Mon Mar  4 14:38:53 2024, Build transit paths, Build tranist network
Mon Mar  4 14:39:02 2024, Build transit paths, Tranist network settings
Mon Mar  4 14:39:06 2024, Build transit paths, Transit assignment PF
Mon Mar  4 14:39:28 2024, Build transit paths, Fill stop layer with base ivtt
Mon Mar  4 14:39:28 2024, Build transit paths, Update transit links with correct ivtt
Mon Mar  4 14:39:29 2024, Build transit paths, Transit skim PF
Mon Mar  4 14:40:39 2024, Build transit paths, Calculate boardings in transfers field
Mon Mar  4 14:40:39 2024, Build transit paths, Build transit paths Loop - OP - Walk - Local -31 of 40
Mon Mar  4 14:40:39 2024, Build transit paths, Build tranist network
Mon Mar  4 14:40:47 2024, Build transit paths, Tranist network settings
Mon Mar  4 14:40:48 2024, Build transit paths, Transit assignment PF
Mon Mar  4 14:41:03 2024, Build transit paths, Fill stop layer with base ivtt
Mon Mar  4 14:41:03 2024, Build transit paths, Update transit links with correct ivtt
Mon Mar  4 14:41:04 2024, Build transit paths, Transit skim PF
Mon Mar  4 14:42:26 2024, Build transit paths, Calculate boardings in transfers field
Mon Mar  4 14:42:27 2024, Build transit paths, Build transit paths Loop - OP - Walk - Brt -32 of 40
Mon Mar  4 14:42:27 2024, Build transit paths, Build tranist network
Mon Mar  4 14:42:35 2024, Build transit paths, Tranist network settings
Mon Mar  4 14:42:36 2024, Build transit paths, Transit assignment PF
Mon Mar  4 14:42:50 2024, Build transit paths, Fill stop layer with base ivtt
Mon Mar  4 14:42:50 2024, Build transit paths, Update transit links with correct ivtt
Mon Mar  4 14:42:51 2024, Build transit paths, Transit skim PF
Mon Mar  4 14:44:14 2024, Build transit paths, Calculate boardings in transfers field
Mon Mar  4 14:44:15 2024, Build transit paths, Build transit paths Loop - OP - Walk - ExpBus -33 of 40
Mon Mar  4 14:44:15 2024, Build transit paths, Build tranist network
Mon Mar  4 14:44:23 2024, Build transit paths, Tranist network settings
Mon Mar  4 14:44:24 2024, Build transit paths, Transit assignment PF
Mon Mar  4 14:44:39 2024, Build transit paths, Fill stop layer with base ivtt
Mon Mar  4 14:44:39 2024, Build transit paths, Update transit links with correct ivtt
Mon Mar  4 14:44:40 2024, Build transit paths, Transit skim PF
Mon Mar  4 14:46:05 2024, Build transit paths, Calculate boardings in transfers field
Mon Mar  4 14:46:05 2024, Build transit paths, Build transit paths Loop - OP - Walk - UrbRail -34 of 40
Mon Mar  4 14:46:05 2024, Build transit paths, Build tranist network
Mon Mar  4 14:46:14 2024, Build transit paths, Tranist network settings
Mon Mar  4 14:46:14 2024, Build transit paths, Transit assignment PF
Mon Mar  4 14:46:29 2024, Build transit paths, Fill stop layer with base ivtt
Mon Mar  4 14:46:30 2024, Build transit paths, Update transit links with correct ivtt
Mon Mar  4 14:46:31 2024, Build transit paths, Transit skim PF
Mon Mar  4 14:47:55 2024, Build transit paths, Calculate boardings in transfers field
Mon Mar  4 14:47:55 2024, Build transit paths, Build transit paths Loop - OP - Walk - ComRail -35 of 40
Mon Mar  4 14:47:55 2024, Build transit paths, Build tranist network
Mon Mar  4 14:48:04 2024, Build transit paths, Tranist network settings
Mon Mar  4 14:48:05 2024, Build transit paths, Transit assignment PF
Mon Mar  4 14:48:20 2024, Build transit paths, Fill stop layer with base ivtt
Mon Mar  4 14:48:20 2024, Build transit paths, Update transit links with correct ivtt
Mon Mar  4 14:48:21 2024, Build transit paths, Transit skim PF
Mon Mar  4 14:49:46 2024, Build transit paths, Calculate boardings in transfers field
Mon Mar  4 14:49:46 2024, Build transit paths, Build transit paths Loop - OP - Drive - Local -36 of 40
Mon Mar  4 14:49:46 2024, Build transit paths, Build tranist network
Mon Mar  4 14:49:55 2024, Build transit paths, Tranist network settings
Mon Mar  4 14:49:59 2024, Build transit paths, Transit assignment PF
Mon Mar  4 14:50:15 2024, Build transit paths, Fill stop layer with base ivtt
Mon Mar  4 14:50:15 2024, Build transit paths, Update transit links with correct ivtt
Mon Mar  4 14:50:17 2024, Build transit paths, Transit skim PF
Mon Mar  4 14:51:09 2024, Build transit paths, Calculate boardings in transfers field
Mon Mar  4 14:51:09 2024, Build transit paths, Build transit paths Loop - OP - Drive - Brt -37 of 40
Mon Mar  4 14:51:09 2024, Build transit paths, Build tranist network
Mon Mar  4 14:51:18 2024, Build transit paths, Tranist network settings
Mon Mar  4 14:51:22 2024, Build transit paths, Transit assignment PF
Mon Mar  4 14:51:38 2024, Build transit paths, Fill stop layer with base ivtt
Mon Mar  4 14:51:39 2024, Build transit paths, Update transit links with correct ivtt
Mon Mar  4 14:51:40 2024, Build transit paths, Transit skim PF
Mon Mar  4 14:52:32 2024, Build transit paths, Calculate boardings in transfers field
Mon Mar  4 14:52:32 2024, Build transit paths, Build transit paths Loop - OP - Drive - ExpBus -38 of 40
Mon Mar  4 14:52:32 2024, Build transit paths, Build tranist network
Mon Mar  4 14:52:41 2024, Build transit paths, Tranist network settings
Mon Mar  4 14:52:45 2024, Build transit paths, Transit assignment PF
Mon Mar  4 14:53:02 2024, Build transit paths, Fill stop layer with base ivtt
Mon Mar  4 14:53:03 2024, Build transit paths, Update transit links with correct ivtt
Mon Mar  4 14:53:04 2024, Build transit paths, Transit skim PF
Mon Mar  4 14:54:02 2024, Build transit paths, Calculate boardings in transfers field
Mon Mar  4 14:54:03 2024, Build transit paths, Build transit paths Loop - OP - Drive - UrbRail -39 of 40
Mon Mar  4 14:54:03 2024, Build transit paths, Build tranist network
Mon Mar  4 14:54:12 2024, Build transit paths, Tranist network settings
Mon Mar  4 14:54:16 2024, Build transit paths, Transit assignment PF
Mon Mar  4 14:54:33 2024, Build transit paths, Fill stop layer with base ivtt
Mon Mar  4 14:54:33 2024, Build transit paths, Update transit links with correct ivtt
Mon Mar  4 14:54:35 2024, Build transit paths, Transit skim PF
Mon Mar  4 14:55:32 2024, Build transit paths, Calculate boardings in transfers field
Mon Mar  4 14:55:32 2024, Build transit paths, Build transit paths Loop - OP - Drive - ComRail -40 of 40
Mon Mar  4 14:55:32 2024, Build transit paths, Build tranist network
Mon Mar  4 14:55:41 2024, Build transit paths, Tranist network settings
Mon Mar  4 14:55:45 2024, Build transit paths, Transit assignment PF
Mon Mar  4 14:56:02 2024, Build transit paths, Fill stop layer with base ivtt
Mon Mar  4 14:56:03 2024, Build transit paths, Update transit links with correct ivtt
Mon Mar  4 14:56:04 2024, Build transit paths, Transit skim PF
Mon Mar  4 14:57:02 2024, Build transit paths, Calculate boardings in transfers field
Mon Mar  4 14:57:02 2024, Process transit skims
Mon Mar  4 15:26:23 2024, Create percent walk for TCMS
Mon Mar  4 16:50:30 2024,  ******************* FINISHED Nashville ABM 2019 - Version 19.1.0 ******************* 
Mon Mar  4 16:55:44 2024,  ******************* STARTED Nashville ABM 2019 - Version 19.1.0 ******************* 
Mon Mar  4 16:55:44 2024, 4 InternalTruckModel.rsc, Run Internal Truck and Commercial Vehicle Model
Mon Mar  4 16:55:44 2024, Aggregate LandUse
Mon Mar  4 16:55:48 2024, Calculate Accessibilities
Mon Mar  4 16:55:54 2024, Run Truck Model
Mon Mar  4 16:56:16 2024, Run Commercial Vehicle Model
Mon Mar  4 16:56:22 2024, Run Trip Length Summaries
Mon Mar  4 16:56:33 2024, Close All Views
Mon Mar  4 20:14:12 2024,  ******************* FINISHED Nashville ABM 2019 - Version 19.1.0 ******************* 
Mon Mar  4 20:14:20 2024,  ******************* STARTED Nashville ABM 2019 - Version 19.1.0 ******************* 
Mon Mar  4 20:14:20 2024, 5 VisitorModel.rsc, Run Visitor Model
Mon Mar  4 20:14:21 2024, Prepare input data
Mon Mar  4 20:15:01 2024, Visitor Trip Gen
Mon Mar  4 20:15:10 2024, Visitor Trip Distribution
Mon Mar  4 20:15:23 2024, Visitor Trip Mode Choice
Mon Mar  4 20:15:25 2024, Visitor Trip Time of Day
Mon Mar  4 20:39:25 2024,  ******************* FINISHED Nashville ABM 2019 - Version 19.1.0 ******************* 
Mon Mar  4 20:39:41 2024,  ******************* STARTED Nashville ABM 2019 - Version 19.1.0 ******************* 
Mon Mar  4 20:39:41 2024, 7.1 RunDaySim.rsc,   ****** Run DaySim ****** 
Mon Mar  4 20:39:41 2024, Set transit paramters
Mon Mar  4 20:45:41 2024, Runing OMX Re Export in feedback loop 1
Mon Mar  4 20:45:41 2024, Set transit paramters
Tue Mar  5 00:39:34 2024, Copy DaySim inputs in feedback loop 1
Tue Mar  5 00:39:34 2024, Runing DaySim for iteration 1 in feedback loop 1
Tue Mar  5 11:56:43 2024, Runing DaySim Summaries in feedback loop 1
Tue Mar  5 11:56:43 2024, Set transit paramters
Tue Mar  5 11:56:48 2024, 7.1 RunDaySim.rsc,  ******** Build DaySim Trip Matrices ******** 
Tue Mar  5 11:56:48 2024, Set transit paramters
Tue Mar  5 11:56:48 2024, Copying DaySim outputs
Tue Mar  5 11:56:53 2024,  ******************* FINISHED Nashville ABM 2019 - Version 19.1.0 ******************* 
Tue Mar  5 11:57:15 2024,  ******************* STARTED Nashville ABM 2019 - Version 19.1.0 ******************* 
Tue Mar  5 11:57:15 2024, 7.1 RunDaySim.rsc,   ****** Run DaySim ****** 
Tue Mar  5 11:57:15 2024, Set transit paramters
Tue Mar  5 12:08:33 2024, Runing OMX Re Export in feedback loop 1
Tue Mar  5 12:08:33 2024, Set transit paramters
Tue Mar  5 15:35:40 2024, Copy DaySim inputs in feedback loop 1
Tue Mar  5 15:35:40 2024, Runing DaySim for iteration 1 in feedback loop 1
Tue Mar  5 16:40:57 2024, Runing DaySim Summaries in feedback loop 1
Tue Mar  5 16:40:57 2024, Set transit paramters
Tue Mar  5 16:45:44 2024, 7.1 RunDaySim.rsc,  ******** Build DaySim Trip Matrices ******** 
Tue Mar  5 16:45:44 2024, Set transit paramters
Tue Mar  5 16:45:44 2024, Copying DaySim outputs
Tue Mar  5 16:45:53 2024, Joining trip and tour files
Tue Mar  5 16:51:03 2024, Processing trips ... , Auto
Tue Mar  5 16:51:03 2024, Processing trips for: , AM
Tue Mar  5 16:58:45 2024, Processing trips for: , MD
Tue Mar  5 17:05:43 2024, Processing trips for: , PM
Tue Mar  5 17:13:43 2024, Processing trips for: , OP
Tue Mar  5 17:17:08 2024, Processing trips ... , Transit
Tue Mar  5 17:17:08 2024, Processing trips trips for: , AM
Tue Mar  5 17:21:17 2024, Processing trips trips for: , MD
Tue Mar  5 17:22:43 2024, Processing trips trips for: , PM
Tue Mar  5 17:24:26 2024, Processing trips trips for: , OP
Tue Mar  5 17:25:14 2024, Set transit paramters
Tue Mar  5 17:32:48 2024,  ******************* FINISHED Nashville ABM 2019 - Version 19.1.0 ******************* 
Tue Mar  5 17:32:55 2024,  ******************* STARTED Nashville ABM 2019 - Version 19.1.0 ******************* 
Tue Mar  5 17:32:55 2024, 8.1 HwyAssignment.rsc,   ****** Pre Assignment ****** 
Tue Mar  5 17:32:55 2024, Add visitor trips 
Tue Mar  5 17:32:59 2024, Add internal truck demand 
Tue Mar  5 17:33:03 2024, Add internal commercial vehicle demand 
Tue Mar  5 17:33:04 2024, Add external truck demand 
Tue Mar  5 17:34:00 2024, Add external auto demand 
Tue Mar  5 17:34:14 2024, Highway Assignment - Processing Matrices for , AM
Tue Mar  5 17:34:21 2024, Highway Assignment - Processing Matrices for , MD
Tue Mar  5 17:34:28 2024, Highway Assignment - Processing Matrices for , PM
Tue Mar  5 17:34:36 2024, Highway Assignment - Processing Matrices for , OP
Tue Mar  5 17:34:42 2024, Highway Assignment - Network Settings
Tue Mar  5 17:34:43 2024, Highway Assignment - Preload Assignment for AM
Tue Mar  5 17:35:08 2024, Highway Assignment - Preload Assignment for MD
Tue Mar  5 17:35:36 2024, Highway Assignment - Preload Assignment for PM
Tue Mar  5 17:35:59 2024, Highway Assignment - Preload Assignment for OP
Tue Mar  5 17:36:41 2024, Highway Assignment - General Assignment for AM
Tue Mar  5 17:44:25 2024, Highway Assignment - General Assignment for MD
Tue Mar  5 17:47:14 2024, Highway Assignment - General Assignment for PM
Tue Mar  5 17:55:02 2024, Highway Assignment - General Assignment for OP
Tue Mar  5 17:56:47 2024, 8.1 HwyAssignment.rsc,   ****** Highway Post Processor ****** 
Tue Mar  5 18:07:34 2024, 8.3 FeedbackLoop.rsc,   ****** Update Travel Times ****** 
Tue Mar  5 18:16:51 2024,  ******************* FINISHED Nashville ABM 2019 - Version 19.1.0 ******************* 
Tue Mar  5 18:17:19 2024,  ******************* STARTED Nashville ABM 2019 - Version 19.1.0 ******************* 
Tue Mar  5 18:17:19 2024, 1.1 Initialization.rsc, Initialization
Tue Mar  5 18:29:32 2024, 1.1 Initialization.rsc, Area Type
Tue Mar  5 18:33:10 2024, 1.1 Initialization.rsc, Capacity and FF Speed
Tue Mar  5 19:05:04 2024, 2.1 HwySkimming.rsc,   ****** Highway Skimming ****** 
Tue Mar  5 19:05:04 2024, Build highway network
Tue Mar  5 19:05:20 2024, Shortest path using length
Tue Mar  5 19:05:22 2024, Terminal time
Tue Mar  5 19:05:27 2024, Build HOV skims
Tue Mar  5 19:06:36 2024, Build SOV skims
Tue Mar  5 19:08:04 2024, 2.1 HwySkimming.rsc, Finished Highway Skimming
Tue Mar  5 19:08:04 2024, 2.2 TransitSkimming.rsc,   ****** Transit Skimming ****** 
Tue Mar  5 19:08:04 2024, Set transit paramters
Tue Mar  5 19:08:04 2024, Prepare inputs
Tue Mar  5 19:12:25 2024, Build drive connectors
Tue Mar  5 19:18:09 2024, Build transit paths
Tue Mar  5 19:18:09 2024, Build transit paths, Build transit paths Loop - AM - Walk - Local -1 of 40
Tue Mar  5 19:18:09 2024, Build transit paths, Build tranist network
Tue Mar  5 19:18:39 2024, Build transit paths, Tranist network settings
Tue Mar  5 19:18:42 2024, Build transit paths, Transit assignment PF
Tue Mar  5 19:19:01 2024, Build transit paths, Fill stop layer with base ivtt
Tue Mar  5 19:19:02 2024, Build transit paths, Update transit links with correct ivtt
Tue Mar  5 19:19:04 2024, Build transit paths, Transit skim PF
Tue Mar  5 19:21:10 2024, Build transit paths, Calculate boardings in transfers field
Tue Mar  5 19:21:10 2024, Build transit paths, Build transit paths Loop - AM - Walk - Brt -2 of 40
Tue Mar  5 19:21:10 2024, Build transit paths, Build tranist network
Tue Mar  5 19:21:41 2024, Build transit paths, Tranist network settings
Tue Mar  5 19:21:44 2024, Build transit paths, Transit assignment PF
Tue Mar  5 19:22:03 2024, Build transit paths, Fill stop layer with base ivtt
Tue Mar  5 19:22:04 2024, Build transit paths, Update transit links with correct ivtt
Tue Mar  5 19:22:06 2024, Build transit paths, Transit skim PF
Tue Mar  5 19:23:44 2024, Build transit paths, Calculate boardings in transfers field
Tue Mar  5 19:23:44 2024, Build transit paths, Build transit paths Loop - AM - Walk - ExpBus -3 of 40
Tue Mar  5 19:23:44 2024, Build transit paths, Build tranist network
Tue Mar  5 19:24:03 2024, Build transit paths, Tranist network settings
Tue Mar  5 19:24:05 2024, Build transit paths, Transit assignment PF
Tue Mar  5 19:24:23 2024, Build transit paths, Fill stop layer with base ivtt
Tue Mar  5 19:24:24 2024, Build transit paths, Update transit links with correct ivtt
Tue Mar  5 19:24:25 2024, Build transit paths, Transit skim PF
Tue Mar  5 19:26:00 2024, Build transit paths, Calculate boardings in transfers field
Tue Mar  5 19:26:00 2024, Build transit paths, Build transit paths Loop - AM - Walk - UrbRail -4 of 40
Tue Mar  5 19:26:00 2024, Build transit paths, Build tranist network
Tue Mar  5 19:26:23 2024, Build transit paths, Tranist network settings
Tue Mar  5 19:26:25 2024, Build transit paths, Transit assignment PF
Tue Mar  5 19:26:44 2024, Build transit paths, Fill stop layer with base ivtt
Tue Mar  5 19:26:45 2024, Build transit paths, Update transit links with correct ivtt
Tue Mar  5 19:26:46 2024, Build transit paths, Transit skim PF
Tue Mar  5 19:28:22 2024, Build transit paths, Calculate boardings in transfers field
Tue Mar  5 19:28:23 2024, Build transit paths, Build transit paths Loop - AM - Walk - ComRail -5 of 40
Tue Mar  5 19:28:23 2024, Build transit paths, Build tranist network
Tue Mar  5 19:28:46 2024, Build transit paths, Tranist network settings
Tue Mar  5 19:28:47 2024, Build transit paths, Transit assignment PF
Tue Mar  5 19:29:06 2024, Build transit paths, Fill stop layer with base ivtt
Tue Mar  5 19:29:07 2024, Build transit paths, Update transit links with correct ivtt
Tue Mar  5 19:29:08 2024, Build transit paths, Transit skim PF
Tue Mar  5 19:30:46 2024, Build transit paths, Calculate boardings in transfers field
Tue Mar  5 19:30:46 2024, Build transit paths, Build transit paths Loop - AM - Drive - Local -6 of 40
Tue Mar  5 19:30:46 2024, Build transit paths, Build tranist network
Tue Mar  5 19:31:09 2024, Build transit paths, Tranist network settings
Tue Mar  5 19:31:15 2024, Build transit paths, Transit assignment PF
Tue Mar  5 19:31:26 2024, Build transit paths, Fill stop layer with base ivtt
Tue Mar  5 19:31:27 2024, Build transit paths, Update transit links with correct ivtt
Tue Mar  5 19:31:28 2024, Build transit paths, Transit skim PF
Tue Mar  5 19:32:10 2024, Build transit paths, Calculate boardings in transfers field
Tue Mar  5 19:32:11 2024, Build transit paths, Build transit paths Loop - AM - Drive - Brt -7 of 40
Tue Mar  5 19:32:11 2024, Build transit paths, Build tranist network
Tue Mar  5 19:32:33 2024, Build transit paths, Tranist network settings
Tue Mar  5 19:32:39 2024, Build transit paths, Transit assignment PF
Tue Mar  5 19:32:50 2024, Build transit paths, Fill stop layer with base ivtt
Tue Mar  5 19:32:50 2024, Build transit paths, Update transit links with correct ivtt
Tue Mar  5 19:32:52 2024, Build transit paths, Transit skim PF
Tue Mar  5 19:33:35 2024, Build transit paths, Calculate boardings in transfers field
Tue Mar  5 19:33:36 2024, Build transit paths, Build transit paths Loop - AM - Drive - ExpBus -8 of 40
Tue Mar  5 19:33:36 2024, Build transit paths, Build tranist network
Tue Mar  5 19:33:59 2024, Build transit paths, Tranist network settings
Tue Mar  5 19:34:05 2024, Build transit paths, Transit assignment PF
Tue Mar  5 19:34:16 2024, Build transit paths, Fill stop layer with base ivtt
Tue Mar  5 19:34:17 2024, Build transit paths, Update transit links with correct ivtt
Tue Mar  5 19:34:19 2024, Build transit paths, Transit skim PF
Tue Mar  5 19:35:06 2024, Build transit paths, Calculate boardings in transfers field
Tue Mar  5 19:35:06 2024, Build transit paths, Build transit paths Loop - AM - Drive - UrbRail -9 of 40
Tue Mar  5 19:35:06 2024, Build transit paths, Build tranist network
Tue Mar  5 19:35:29 2024, Build transit paths, Tranist network settings
Tue Mar  5 19:35:35 2024, Build transit paths, Transit assignment PF
Tue Mar  5 19:35:47 2024, Build transit paths, Fill stop layer with base ivtt
Tue Mar  5 19:35:47 2024, Build transit paths, Update transit links with correct ivtt
Tue Mar  5 19:35:49 2024, Build transit paths, Transit skim PF
Tue Mar  5 19:36:36 2024, Build transit paths, Calculate boardings in transfers field
Tue Mar  5 19:36:37 2024, Build transit paths, Build transit paths Loop - AM - Drive - ComRail -10 of 40
Tue Mar  5 19:36:37 2024, Build transit paths, Build tranist network
Tue Mar  5 19:37:00 2024, Build transit paths, Tranist network settings
Tue Mar  5 19:37:06 2024, Build transit paths, Transit assignment PF
Tue Mar  5 19:37:18 2024, Build transit paths, Fill stop layer with base ivtt
Tue Mar  5 19:37:19 2024, Build transit paths, Update transit links with correct ivtt
Tue Mar  5 19:37:20 2024, Build transit paths, Transit skim PF
Tue Mar  5 19:38:08 2024, Build transit paths, Calculate boardings in transfers field
Tue Mar  5 19:38:08 2024, Build transit paths, Build transit paths Loop - MD - Walk - Local -11 of 40
Tue Mar  5 19:38:08 2024, Build transit paths, Build tranist network
Tue Mar  5 19:38:31 2024, Build transit paths, Tranist network settings
Tue Mar  5 19:38:33 2024, Build transit paths, Transit assignment PF
Tue Mar  5 19:38:49 2024, Build transit paths, Fill stop layer with base ivtt
Tue Mar  5 19:38:50 2024, Build transit paths, Update transit links with correct ivtt
Tue Mar  5 19:38:51 2024, Build transit paths, Transit skim PF
Tue Mar  5 19:40:20 2024, Build transit paths, Calculate boardings in transfers field
Tue Mar  5 19:40:20 2024, Build transit paths, Build transit paths Loop - MD - Walk - Brt -12 of 40
Tue Mar  5 19:40:20 2024, Build transit paths, Build tranist network
Tue Mar  5 19:40:43 2024, Build transit paths, Tranist network settings
Tue Mar  5 19:40:44 2024, Build transit paths, Transit assignment PF
Tue Mar  5 19:41:01 2024, Build transit paths, Fill stop layer with base ivtt
Tue Mar  5 19:41:02 2024, Build transit paths, Update transit links with correct ivtt
Tue Mar  5 19:41:03 2024, Build transit paths, Transit skim PF
Tue Mar  5 19:42:33 2024, Build transit paths, Calculate boardings in transfers field
Tue Mar  5 19:42:34 2024, Build transit paths, Build transit paths Loop - MD - Walk - ExpBus -13 of 40
Tue Mar  5 19:42:34 2024, Build transit paths, Build tranist network
Tue Mar  5 19:42:56 2024, Build transit paths, Tranist network settings
Tue Mar  5 19:42:58 2024, Build transit paths, Transit assignment PF
Tue Mar  5 19:43:15 2024, Build transit paths, Fill stop layer with base ivtt
Tue Mar  5 19:43:16 2024, Build transit paths, Update transit links with correct ivtt
Tue Mar  5 19:43:17 2024, Build transit paths, Transit skim PF
Tue Mar  5 19:45:02 2024, Build transit paths, Calculate boardings in transfers field
Tue Mar  5 19:45:03 2024, Build transit paths, Build transit paths Loop - MD - Walk - UrbRail -14 of 40
Tue Mar  5 19:45:03 2024, Build transit paths, Build tranist network
Tue Mar  5 19:45:26 2024, Build transit paths, Tranist network settings
Tue Mar  5 19:45:28 2024, Build transit paths, Transit assignment PF
Tue Mar  5 19:45:46 2024, Build transit paths, Fill stop layer with base ivtt
Tue Mar  5 19:45:47 2024, Build transit paths, Update transit links with correct ivtt
Tue Mar  5 19:45:48 2024, Build transit paths, Transit skim PF
Tue Mar  5 19:47:23 2024, Build transit paths, Calculate boardings in transfers field
Tue Mar  5 19:47:24 2024, Build transit paths, Build transit paths Loop - MD - Walk - ComRail -15 of 40
Tue Mar  5 19:47:24 2024, Build transit paths, Build tranist network
Tue Mar  5 19:47:45 2024, Build transit paths, Tranist network settings
Tue Mar  5 19:47:46 2024, Build transit paths, Transit assignment PF
Tue Mar  5 19:48:04 2024, Build transit paths, Fill stop layer with base ivtt
Tue Mar  5 19:48:04 2024, Build transit paths, Update transit links with correct ivtt
Tue Mar  5 19:48:06 2024, Build transit paths, Transit skim PF
Tue Mar  5 19:49:40 2024, Build transit paths, Calculate boardings in transfers field
Tue Mar  5 19:49:40 2024, Build transit paths, Build transit paths Loop - MD - Drive - Local -16 of 40
Tue Mar  5 19:49:40 2024, Build transit paths, Build tranist network
Tue Mar  5 19:50:01 2024, Build transit paths, Tranist network settings
Tue Mar  5 19:50:07 2024, Build transit paths, Transit assignment PF
Tue Mar  5 19:50:18 2024, Build transit paths, Fill stop layer with base ivtt
Tue Mar  5 19:50:19 2024, Build transit paths, Update transit links with correct ivtt
Tue Mar  5 19:50:20 2024, Build transit paths, Transit skim PF
Tue Mar  5 19:51:02 2024, Build transit paths, Calculate boardings in transfers field
Tue Mar  5 19:51:02 2024, Build transit paths, Build transit paths Loop - MD - Drive - Brt -17 of 40
Tue Mar  5 19:51:02 2024, Build transit paths, Build tranist network
Tue Mar  5 19:51:23 2024, Build transit paths, Tranist network settings
Tue Mar  5 19:51:29 2024, Build transit paths, Transit assignment PF
Tue Mar  5 19:51:39 2024, Build transit paths, Fill stop layer with base ivtt
Tue Mar  5 19:51:40 2024, Build transit paths, Update transit links with correct ivtt
Tue Mar  5 19:51:41 2024, Build transit paths, Transit skim PF
Tue Mar  5 19:52:22 2024, Build transit paths, Calculate boardings in transfers field
Tue Mar  5 19:52:22 2024, Build transit paths, Build transit paths Loop - MD - Drive - ExpBus -18 of 40
Tue Mar  5 19:52:22 2024, Build transit paths, Build tranist network
Tue Mar  5 19:52:44 2024, Build transit paths, Tranist network settings
Tue Mar  5 19:52:50 2024, Build transit paths, Transit assignment PF
Tue Mar  5 19:53:01 2024, Build transit paths, Fill stop layer with base ivtt
Tue Mar  5 19:53:02 2024, Build transit paths, Update transit links with correct ivtt
Tue Mar  5 19:53:03 2024, Build transit paths, Transit skim PF
Tue Mar  5 19:53:45 2024, Build transit paths, Calculate boardings in transfers field
Tue Mar  5 19:53:46 2024, Build transit paths, Build transit paths Loop - MD - Drive - UrbRail -19 of 40
Tue Mar  5 19:53:46 2024, Build transit paths, Build tranist network
Tue Mar  5 19:54:06 2024, Build transit paths, Tranist network settings
Tue Mar  5 19:54:12 2024, Build transit paths, Transit assignment PF
Tue Mar  5 19:54:23 2024, Build transit paths, Fill stop layer with base ivtt
Tue Mar  5 19:54:24 2024, Build transit paths, Update transit links with correct ivtt
Tue Mar  5 19:54:25 2024, Build transit paths, Transit skim PF
Tue Mar  5 19:55:08 2024, Build transit paths, Calculate boardings in transfers field
Tue Mar  5 19:55:08 2024, Build transit paths, Build transit paths Loop - MD - Drive - ComRail -20 of 40
Tue Mar  5 19:55:08 2024, Build transit paths, Build tranist network
Tue Mar  5 19:55:29 2024, Build transit paths, Tranist network settings
Tue Mar  5 19:55:35 2024, Build transit paths, Transit assignment PF
Tue Mar  5 19:55:46 2024, Build transit paths, Fill stop layer with base ivtt
Tue Mar  5 19:55:47 2024, Build transit paths, Update transit links with correct ivtt
Tue Mar  5 19:55:48 2024, Build transit paths, Transit skim PF
Tue Mar  5 19:56:33 2024, Build transit paths, Calculate boardings in transfers field
Tue Mar  5 19:56:33 2024, Build transit paths, Build transit paths Loop - PM - Walk - Local -21 of 40
Tue Mar  5 19:56:33 2024, Build transit paths, Build tranist network
Tue Mar  5 19:56:53 2024, Build transit paths, Tranist network settings
Tue Mar  5 19:56:55 2024, Build transit paths, Transit assignment PF
Tue Mar  5 19:57:11 2024, Build transit paths, Fill stop layer with base ivtt
Tue Mar  5 19:57:12 2024, Build transit paths, Update transit links with correct ivtt
Tue Mar  5 19:57:13 2024, Build transit paths, Transit skim PF
Tue Mar  5 19:58:41 2024, Build transit paths, Calculate boardings in transfers field
Tue Mar  5 19:58:41 2024, Build transit paths, Build transit paths Loop - PM - Walk - Brt -22 of 40
Tue Mar  5 19:58:41 2024, Build transit paths, Build tranist network
Tue Mar  5 19:59:01 2024, Build transit paths, Tranist network settings
Tue Mar  5 19:59:03 2024, Build transit paths, Transit assignment PF
Tue Mar  5 19:59:19 2024, Build transit paths, Fill stop layer with base ivtt
Tue Mar  5 19:59:20 2024, Build transit paths, Update transit links with correct ivtt
Tue Mar  5 19:59:21 2024, Build transit paths, Transit skim PF
Tue Mar  5 20:00:48 2024, Build transit paths, Calculate boardings in transfers field
Tue Mar  5 20:00:49 2024, Build transit paths, Build transit paths Loop - PM - Walk - ExpBus -23 of 40
Tue Mar  5 20:00:49 2024, Build transit paths, Build tranist network
Tue Mar  5 20:01:10 2024, Build transit paths, Tranist network settings
Tue Mar  5 20:01:11 2024, Build transit paths, Transit assignment PF
Tue Mar  5 20:01:31 2024, Build transit paths, Fill stop layer with base ivtt
Tue Mar  5 20:01:32 2024, Build transit paths, Update transit links with correct ivtt
Tue Mar  5 20:01:33 2024, Build transit paths, Transit skim PF
Tue Mar  5 20:03:09 2024, Build transit paths, Calculate boardings in transfers field
Tue Mar  5 20:03:09 2024, Build transit paths, Build transit paths Loop - PM - Walk - UrbRail -24 of 40
Tue Mar  5 20:03:09 2024, Build transit paths, Build tranist network
Tue Mar  5 20:03:30 2024, Build transit paths, Tranist network settings
Tue Mar  5 20:03:31 2024, Build transit paths, Transit assignment PF
Tue Mar  5 20:03:51 2024, Build transit paths, Fill stop layer with base ivtt
Tue Mar  5 20:03:51 2024, Build transit paths, Update transit links with correct ivtt
Tue Mar  5 20:03:53 2024, Build transit paths, Transit skim PF
Tue Mar  5 20:05:28 2024, Build transit paths, Calculate boardings in transfers field
Tue Mar  5 20:05:29 2024, Build transit paths, Build transit paths Loop - PM - Walk - ComRail -25 of 40
Tue Mar  5 20:05:29 2024, Build transit paths, Build tranist network
Tue Mar  5 20:05:50 2024, Build transit paths, Tranist network settings
Tue Mar  5 20:05:51 2024, Build transit paths, Transit assignment PF
Tue Mar  5 20:06:11 2024, Build transit paths, Fill stop layer with base ivtt
Tue Mar  5 20:06:12 2024, Build transit paths, Update transit links with correct ivtt
Tue Mar  5 20:06:13 2024, Build transit paths, Transit skim PF
Tue Mar  5 20:07:50 2024, Build transit paths, Calculate boardings in transfers field
Tue Mar  5 20:07:50 2024, Build transit paths, Build transit paths Loop - PM - Drive - Local -26 of 40
Tue Mar  5 20:07:50 2024, Build transit paths, Build tranist network
Tue Mar  5 20:08:10 2024, Build transit paths, Tranist network settings
Tue Mar  5 20:08:16 2024, Build transit paths, Transit assignment PF
Tue Mar  5 20:08:43 2024, Build transit paths, Fill stop layer with base ivtt
Tue Mar  5 20:08:43 2024, Build transit paths, Update transit links with correct ivtt
Tue Mar  5 20:08:45 2024, Build transit paths, Transit skim PF
Tue Mar  5 20:09:43 2024, Build transit paths, Calculate boardings in transfers field
Tue Mar  5 20:09:43 2024, Build transit paths, Build transit paths Loop - PM - Drive - Brt -27 of 40
Tue Mar  5 20:09:43 2024, Build transit paths, Build tranist network
Tue Mar  5 20:10:04 2024, Build transit paths, Tranist network settings
Tue Mar  5 20:10:10 2024, Build transit paths, Transit assignment PF
Tue Mar  5 20:10:36 2024, Build transit paths, Fill stop layer with base ivtt
Tue Mar  5 20:10:37 2024, Build transit paths, Update transit links with correct ivtt
Tue Mar  5 20:10:38 2024, Build transit paths, Transit skim PF
Tue Mar  5 20:11:39 2024, Build transit paths, Calculate boardings in transfers field
Tue Mar  5 20:11:39 2024, Build transit paths, Build transit paths Loop - PM - Drive - ExpBus -28 of 40
Tue Mar  5 20:11:39 2024, Build transit paths, Build tranist network
Tue Mar  5 20:12:00 2024, Build transit paths, Tranist network settings
Tue Mar  5 20:12:06 2024, Build transit paths, Transit assignment PF
Tue Mar  5 20:12:37 2024, Build transit paths, Fill stop layer with base ivtt
Tue Mar  5 20:12:38 2024, Build transit paths, Update transit links with correct ivtt
Tue Mar  5 20:12:39 2024, Build transit paths, Transit skim PF
Tue Mar  5 20:13:53 2024, Build transit paths, Calculate boardings in transfers field
Tue Mar  5 20:13:53 2024, Build transit paths, Build transit paths Loop - PM - Drive - UrbRail -29 of 40
Tue Mar  5 20:13:53 2024, Build transit paths, Build tranist network
Tue Mar  5 20:14:14 2024, Build transit paths, Tranist network settings
Tue Mar  5 20:14:20 2024, Build transit paths, Transit assignment PF
Tue Mar  5 20:14:51 2024, Build transit paths, Fill stop layer with base ivtt
Tue Mar  5 20:14:51 2024, Build transit paths, Update transit links with correct ivtt
Tue Mar  5 20:14:53 2024, Build transit paths, Transit skim PF
Tue Mar  5 20:16:05 2024, Build transit paths, Calculate boardings in transfers field
Tue Mar  5 20:16:05 2024, Build transit paths, Build transit paths Loop - PM - Drive - ComRail -30 of 40
Tue Mar  5 20:16:05 2024, Build transit paths, Build tranist network
Tue Mar  5 20:16:27 2024, Build transit paths, Tranist network settings
Tue Mar  5 20:16:32 2024, Build transit paths, Transit assignment PF
Tue Mar  5 20:17:04 2024, Build transit paths, Fill stop layer with base ivtt
Tue Mar  5 20:17:04 2024, Build transit paths, Update transit links with correct ivtt
Tue Mar  5 20:17:06 2024, Build transit paths, Transit skim PF
Tue Mar  5 20:18:22 2024, Build transit paths, Calculate boardings in transfers field
Tue Mar  5 20:18:22 2024, Build transit paths, Build transit paths Loop - OP - Walk - Local -31 of 40
Tue Mar  5 20:18:22 2024, Build transit paths, Build tranist network
Tue Mar  5 20:18:42 2024, Build transit paths, Tranist network settings
Tue Mar  5 20:18:43 2024, Build transit paths, Transit assignment PF
Tue Mar  5 20:18:58 2024, Build transit paths, Fill stop layer with base ivtt
Tue Mar  5 20:18:58 2024, Build transit paths, Update transit links with correct ivtt
Tue Mar  5 20:19:00 2024, Build transit paths, Transit skim PF
Tue Mar  5 20:20:22 2024, Build transit paths, Calculate boardings in transfers field
Tue Mar  5 20:20:23 2024, Build transit paths, Build transit paths Loop - OP - Walk - Brt -32 of 40
Tue Mar  5 20:20:23 2024, Build transit paths, Build tranist network
Tue Mar  5 20:20:42 2024, Build transit paths, Tranist network settings
Tue Mar  5 20:20:44 2024, Build transit paths, Transit assignment PF
Tue Mar  5 20:20:58 2024, Build transit paths, Fill stop layer with base ivtt
Tue Mar  5 20:20:59 2024, Build transit paths, Update transit links with correct ivtt
Tue Mar  5 20:21:00 2024, Build transit paths, Transit skim PF
Tue Mar  5 20:22:24 2024, Build transit paths, Calculate boardings in transfers field
Tue Mar  5 20:22:24 2024, Build transit paths, Build transit paths Loop - OP - Walk - ExpBus -33 of 40
Tue Mar  5 20:22:24 2024, Build transit paths, Build tranist network
Tue Mar  5 20:22:45 2024, Build transit paths, Tranist network settings
Tue Mar  5 20:22:46 2024, Build transit paths, Transit assignment PF
Tue Mar  5 20:23:01 2024, Build transit paths, Fill stop layer with base ivtt
Tue Mar  5 20:23:02 2024, Build transit paths, Update transit links with correct ivtt
Tue Mar  5 20:23:03 2024, Build transit paths, Transit skim PF
Tue Mar  5 20:24:29 2024, Build transit paths, Calculate boardings in transfers field
Tue Mar  5 20:24:30 2024, Build transit paths, Build transit paths Loop - OP - Walk - UrbRail -34 of 40
Tue Mar  5 20:24:30 2024, Build transit paths, Build tranist network
Tue Mar  5 20:24:50 2024, Build transit paths, Tranist network settings
Tue Mar  5 20:24:51 2024, Build transit paths, Transit assignment PF
Tue Mar  5 20:25:07 2024, Build transit paths, Fill stop layer with base ivtt
Tue Mar  5 20:25:07 2024, Build transit paths, Update transit links with correct ivtt
Tue Mar  5 20:25:09 2024, Build transit paths, Transit skim PF
Tue Mar  5 20:26:36 2024, Build transit paths, Calculate boardings in transfers field
Tue Mar  5 20:26:37 2024, Build transit paths, Build transit paths Loop - OP - Walk - ComRail -35 of 40
Tue Mar  5 20:26:37 2024, Build transit paths, Build tranist network
Tue Mar  5 20:26:57 2024, Build transit paths, Tranist network settings
Tue Mar  5 20:26:58 2024, Build transit paths, Transit assignment PF
Tue Mar  5 20:27:14 2024, Build transit paths, Fill stop layer with base ivtt
Tue Mar  5 20:27:14 2024, Build transit paths, Update transit links with correct ivtt
Tue Mar  5 20:27:15 2024, Build transit paths, Transit skim PF
Tue Mar  5 20:28:42 2024, Build transit paths, Calculate boardings in transfers field
Tue Mar  5 20:28:42 2024, Build transit paths, Build transit paths Loop - OP - Drive - Local -36 of 40
Tue Mar  5 20:28:42 2024, Build transit paths, Build tranist network
Tue Mar  5 20:29:02 2024, Build transit paths, Tranist network settings
Tue Mar  5 20:29:08 2024, Build transit paths, Transit assignment PF
Tue Mar  5 20:29:33 2024, Build transit paths, Fill stop layer with base ivtt
Tue Mar  5 20:29:34 2024, Build transit paths, Update transit links with correct ivtt
Tue Mar  5 20:29:35 2024, Build transit paths, Transit skim PF
Tue Mar  5 20:30:32 2024, Build transit paths, Calculate boardings in transfers field
Tue Mar  5 20:30:32 2024, Build transit paths, Build transit paths Loop - OP - Drive - Brt -37 of 40
Tue Mar  5 20:30:32 2024, Build transit paths, Build tranist network
Tue Mar  5 20:30:53 2024, Build transit paths, Tranist network settings
Tue Mar  5 20:30:59 2024, Build transit paths, Transit assignment PF
Tue Mar  5 20:31:24 2024, Build transit paths, Fill stop layer with base ivtt
Tue Mar  5 20:31:24 2024, Build transit paths, Update transit links with correct ivtt
Tue Mar  5 20:31:26 2024, Build transit paths, Transit skim PF
Tue Mar  5 20:32:24 2024, Build transit paths, Calculate boardings in transfers field
Tue Mar  5 20:32:24 2024, Build transit paths, Build transit paths Loop - OP - Drive - ExpBus -38 of 40
Tue Mar  5 20:32:24 2024, Build transit paths, Build tranist network
Tue Mar  5 20:32:42 2024, Build transit paths, Tranist network settings
Tue Mar  5 20:32:48 2024, Build transit paths, Transit assignment PF
Tue Mar  5 20:33:13 2024, Build transit paths, Fill stop layer with base ivtt
Tue Mar  5 20:33:14 2024, Build transit paths, Update transit links with correct ivtt
Tue Mar  5 20:33:16 2024, Build transit paths, Transit skim PF
Tue Mar  5 20:34:13 2024, Build transit paths, Calculate boardings in transfers field
Tue Mar  5 20:34:14 2024, Build transit paths, Build transit paths Loop - OP - Drive - UrbRail -39 of 40
Tue Mar  5 20:34:14 2024, Build transit paths, Build tranist network
Tue Mar  5 20:34:32 2024, Build transit paths, Tranist network settings
Tue Mar  5 20:34:37 2024, Build transit paths, Transit assignment PF
Tue Mar  5 20:35:06 2024, Build transit paths, Fill stop layer with base ivtt
Tue Mar  5 20:35:06 2024, Build transit paths, Update transit links with correct ivtt
Tue Mar  5 20:35:08 2024, Build transit paths, Transit skim PF
Tue Mar  5 20:36:24 2024, Build transit paths, Calculate boardings in transfers field
Tue Mar  5 20:36:24 2024, Build transit paths, Build transit paths Loop - OP - Drive - ComRail -40 of 40
Tue Mar  5 20:36:24 2024, Build transit paths, Build tranist network
Tue Mar  5 20:36:46 2024, Build transit paths, Tranist network settings
Tue Mar  5 20:36:52 2024, Build transit paths, Transit assignment PF
Tue Mar  5 20:37:21 2024, Build transit paths, Fill stop layer with base ivtt
Tue Mar  5 20:37:21 2024, Build transit paths, Update transit links with correct ivtt
Tue Mar  5 20:37:23 2024, Build transit paths, Transit skim PF
Tue Mar  5 20:38:28 2024, Build transit paths, Calculate boardings in transfers field
Tue Mar  5 20:38:28 2024, Process transit skims
Tue Mar  5 21:00:35 2024, Create percent walk for TCMS
Tue Mar  5 21:04:11 2024, 4 InternalTruckModel.rsc, Run Internal Truck and Commercial Vehicle Model
Tue Mar  5 21:04:11 2024, Aggregate LandUse
Tue Mar  5 21:04:32 2024, Calculate Accessibilities
Tue Mar  5 21:04:43 2024, Run Truck Model
Tue Mar  5 21:05:14 2024, Run Commercial Vehicle Model
Tue Mar  5 21:05:25 2024, Run Trip Length Summaries
Tue Mar  5 21:05:40 2024, Close All Views
Tue Mar  5 21:05:40 2024, 5 VisitorModel.rsc, Run Visitor Model
Tue Mar  5 21:05:41 2024, Prepare input data
Tue Mar  5 21:06:25 2024, Visitor Trip Gen
Tue Mar  5 21:06:31 2024, Visitor Trip Distribution
Tue Mar  5 21:06:44 2024, Visitor Trip Mode Choice
Tue Mar  5 21:06:46 2024, Visitor Trip Time of Day
Tue Mar  5 21:06:55 2024, 7.1 RunDaySim.rsc,   ****** Run DaySim ****** 
Tue Mar  5 21:06:55 2024, Set transit paramters
Tue Mar  5 21:24:23 2024, Runing OMX Re Export in feedback loop 1
Tue Mar  5 21:24:23 2024, Set transit paramters
Wed Mar  6 00:52:54 2024, Copy DaySim inputs in feedback loop 1
Wed Mar  6 00:52:54 2024, Runing DaySim for iteration 1 in feedback loop 1
Wed Mar  6 02:12:11 2024, Runing DaySim Summaries in feedback loop 1
Wed Mar  6 02:12:11 2024, Set transit paramters
Wed Mar  6 02:16:57 2024, 7.1 RunDaySim.rsc,  ******** Build DaySim Trip Matrices ******** 
Wed Mar  6 02:16:57 2024, Set transit paramters
Wed Mar  6 02:16:57 2024, Copying DaySim outputs
Wed Mar  6 02:17:08 2024, Joining trip and tour files
Wed Mar  6 02:22:19 2024, Processing trips ... , Auto
Wed Mar  6 02:22:19 2024, Processing trips for: , AM
Wed Mar  6 02:30:00 2024, Processing trips for: , MD
Wed Mar  6 02:37:02 2024, Processing trips for: , PM
Wed Mar  6 02:45:10 2024, Processing trips for: , OP
Wed Mar  6 02:48:37 2024, Processing trips ... , Transit
Wed Mar  6 02:48:37 2024, Processing trips trips for: , AM
Wed Mar  6 02:52:43 2024, Processing trips trips for: , MD
Wed Mar  6 02:54:08 2024, Processing trips trips for: , PM
Wed Mar  6 02:55:51 2024, Processing trips trips for: , OP
Wed Mar  6 02:56:37 2024, Set transit paramters
Wed Mar  6 02:56:40 2024, 8.1 HwyAssignment.rsc,   ****** Pre Assignment ****** 
Wed Mar  6 02:56:40 2024, Add visitor trips 
Wed Mar  6 02:56:43 2024, Add internal truck demand 
Wed Mar  6 02:56:45 2024, Add internal commercial vehicle demand 
Wed Mar  6 02:56:46 2024, Add external truck demand 
Wed Mar  6 02:56:55 2024, Add external auto demand 
Wed Mar  6 02:57:00 2024, Highway Assignment - Processing Matrices for , AM
Wed Mar  6 02:57:07 2024, Highway Assignment - Processing Matrices for , MD
Wed Mar  6 02:57:17 2024, Highway Assignment - Processing Matrices for , PM
Wed Mar  6 02:57:23 2024, Highway Assignment - Processing Matrices for , OP
Wed Mar  6 02:57:29 2024, Highway Assignment - Network Settings
Wed Mar  6 02:57:31 2024, Highway Assignment - Preload Assignment for AM
Wed Mar  6 02:57:57 2024, Highway Assignment - Preload Assignment for MD
Wed Mar  6 02:58:26 2024, Highway Assignment - Preload Assignment for PM
Wed Mar  6 02:58:49 2024, Highway Assignment - Preload Assignment for OP
Wed Mar  6 02:59:32 2024, Highway Assignment - General Assignment for AM
Wed Mar  6 03:07:20 2024, Highway Assignment - General Assignment for MD
Wed Mar  6 03:10:11 2024, Highway Assignment - General Assignment for PM
Wed Mar  6 03:18:01 2024, Highway Assignment - General Assignment for OP
Wed Mar  6 03:20:03 2024, 8.1 HwyAssignment.rsc,   ****** Highway Post Processor ****** 
Wed Mar  6 03:43:58 2024, 8.3 FeedbackLoop.rsc,   ****** Update Travel Times ****** 
Wed Mar  6 13:45:03 2024,  ******************* FINISHED Nashville ABM 2019 - Version 19.1.0 ******************* 
Mon Mar 11 20:52:58 2024,  ******************* STARTED Nashville ABM 2019 - Version 19.1.0 ******************* 
Mon Mar 11 20:52:58 2024, 1.1 Initialization.rsc, Initialization
Mon Mar 11 20:57:41 2024, 1.1 Initialization.rsc, Area Type
Mon Mar 11 20:59:33 2024,  ******************* FINISHED Nashville ABM 2019 - Version 19.1.0 ******************* 
Mon Mar 11 21:03:14 2024,  ******************* STARTED Nashville ABM 2019 - Version 19.1.0 ******************* 
Mon Mar 11 21:03:14 2024, 1.1 Initialization.rsc, Initialization
Mon Mar 11 21:08:22 2024, 1.1 Initialization.rsc, Area Type
Mon Mar 11 21:10:23 2024, 1.1 Initialization.rsc, Capacity and FF Speed
Mon Mar 11 21:38:12 2024, 2.1 HwySkimming.rsc,   ****** Highway Skimming ****** 
Mon Mar 11 21:38:12 2024, Build highway network
Mon Mar 11 21:38:20 2024, Shortest path using length
Mon Mar 11 21:38:21 2024, Terminal time
Mon Mar 11 21:38:26 2024, Build HOV skims
Mon Mar 11 21:39:03 2024, Build SOV skims
Mon Mar 11 21:39:51 2024, 2.1 HwySkimming.rsc, Finished Highway Skimming
Mon Mar 11 21:39:51 2024, 2.2 TransitSkimming.rsc,   ****** Transit Skimming ****** 
Mon Mar 11 21:39:51 2024, Set transit paramters
Mon Mar 11 21:39:51 2024, Prepare inputs
Mon Mar 11 21:41:40 2024, Build drive connectors
Mon Mar 11 21:44:28 2024, Build transit paths
Mon Mar 11 21:44:28 2024, Build transit paths, Build transit paths Loop - AM - Walk - Local -1 of 40
Mon Mar 11 21:44:28 2024, Build transit paths, Build tranist network
Mon Mar 11 21:44:46 2024, Build transit paths, Tranist network settings
Mon Mar 11 21:44:47 2024, Build transit paths, Transit assignment PF
Mon Mar 11 21:45:03 2024, Build transit paths, Fill stop layer with base ivtt
Mon Mar 11 21:45:03 2024, Build transit paths, Update transit links with correct ivtt
Mon Mar 11 21:45:04 2024, Build transit paths, Transit skim PF
Mon Mar 11 21:46:26 2024, Build transit paths, Calculate boardings in transfers field
Mon Mar 11 21:46:26 2024, Build transit paths, Build transit paths Loop - AM - Walk - Brt -2 of 40
Mon Mar 11 21:46:26 2024, Build transit paths, Build tranist network
Mon Mar 11 21:46:45 2024, Build transit paths, Tranist network settings
Mon Mar 11 21:46:46 2024, Build transit paths, Transit assignment PF
Mon Mar 11 21:47:02 2024, Build transit paths, Fill stop layer with base ivtt
Mon Mar 11 21:47:02 2024, Build transit paths, Update transit links with correct ivtt
Mon Mar 11 21:47:03 2024, Build transit paths, Transit skim PF
Mon Mar 11 21:48:26 2024, Build transit paths, Calculate boardings in transfers field
Mon Mar 11 21:48:27 2024, Build transit paths, Build transit paths Loop - AM - Walk - ExpBus -3 of 40
Mon Mar 11 21:48:27 2024, Build transit paths, Build tranist network
Mon Mar 11 21:48:45 2024, Build transit paths, Tranist network settings
Mon Mar 11 21:48:47 2024, Build transit paths, Transit assignment PF
Mon Mar 11 21:49:05 2024, Build transit paths, Fill stop layer with base ivtt
Mon Mar 11 21:49:05 2024, Build transit paths, Update transit links with correct ivtt
Mon Mar 11 21:49:07 2024, Build transit paths, Transit skim PF
Mon Mar 11 21:50:38 2024, Build transit paths, Calculate boardings in transfers field
Mon Mar 11 21:50:38 2024, Build transit paths, Build transit paths Loop - AM - Walk - UrbRail -4 of 40
Mon Mar 11 21:50:38 2024, Build transit paths, Build tranist network
Mon Mar 11 21:50:56 2024, Build transit paths, Tranist network settings
Mon Mar 11 21:50:58 2024, Build transit paths, Transit assignment PF
Mon Mar 11 21:51:16 2024, Build transit paths, Fill stop layer with base ivtt
Mon Mar 11 21:51:17 2024, Build transit paths, Update transit links with correct ivtt
Mon Mar 11 21:51:18 2024, Build transit paths, Transit skim PF
Mon Mar 11 21:52:48 2024, Build transit paths, Calculate boardings in transfers field
Mon Mar 11 21:52:49 2024, Build transit paths, Build transit paths Loop - AM - Walk - ComRail -5 of 40
Mon Mar 11 21:52:49 2024, Build transit paths, Build tranist network
Mon Mar 11 21:53:07 2024, Build transit paths, Tranist network settings
Mon Mar 11 21:53:08 2024, Build transit paths, Transit assignment PF
Mon Mar 11 21:53:27 2024, Build transit paths, Fill stop layer with base ivtt
Mon Mar 11 21:53:27 2024, Build transit paths, Update transit links with correct ivtt
Mon Mar 11 21:53:29 2024, Build transit paths, Transit skim PF
Mon Mar 11 21:54:59 2024, Build transit paths, Calculate boardings in transfers field
Mon Mar 11 21:54:59 2024, Build transit paths, Build transit paths Loop - AM - Drive - Local -6 of 40
Mon Mar 11 21:54:59 2024, Build transit paths, Build tranist network
Mon Mar 11 21:55:17 2024, Build transit paths, Tranist network settings
Mon Mar 11 21:55:23 2024, Build transit paths, Transit assignment PF
Mon Mar 11 21:55:33 2024, Build transit paths, Fill stop layer with base ivtt
Mon Mar 11 21:55:33 2024, Build transit paths, Update transit links with correct ivtt
Mon Mar 11 21:55:35 2024, Build transit paths, Transit skim PF
Mon Mar 11 21:56:11 2024, Build transit paths, Calculate boardings in transfers field
Mon Mar 11 21:56:11 2024, Build transit paths, Build transit paths Loop - AM - Drive - Brt -7 of 40
Mon Mar 11 21:56:11 2024, Build transit paths, Build tranist network
Mon Mar 11 21:56:30 2024, Build transit paths, Tranist network settings
Mon Mar 11 21:56:35 2024, Build transit paths, Transit assignment PF
Mon Mar 11 21:56:45 2024, Build transit paths, Fill stop layer with base ivtt
Mon Mar 11 21:56:46 2024, Build transit paths, Update transit links with correct ivtt
Mon Mar 11 21:56:47 2024, Build transit paths, Transit skim PF
Mon Mar 11 21:57:25 2024, Build transit paths, Calculate boardings in transfers field
Mon Mar 11 21:57:25 2024, Build transit paths, Build transit paths Loop - AM - Drive - ExpBus -8 of 40
Mon Mar 11 21:57:25 2024, Build transit paths, Build tranist network
Mon Mar 11 21:57:43 2024, Build transit paths, Tranist network settings
Mon Mar 11 21:57:48 2024, Build transit paths, Transit assignment PF
Mon Mar 11 21:58:00 2024, Build transit paths, Fill stop layer with base ivtt
Mon Mar 11 21:58:00 2024, Build transit paths, Update transit links with correct ivtt
Mon Mar 11 21:58:01 2024, Build transit paths, Transit skim PF
Mon Mar 11 21:58:45 2024, Build transit paths, Calculate boardings in transfers field
Mon Mar 11 21:58:45 2024, Build transit paths, Build transit paths Loop - AM - Drive - UrbRail -9 of 40
Mon Mar 11 21:58:45 2024, Build transit paths, Build tranist network
Mon Mar 11 21:59:03 2024, Build transit paths, Tranist network settings
Mon Mar 11 21:59:09 2024, Build transit paths, Transit assignment PF
Mon Mar 11 21:59:20 2024, Build transit paths, Fill stop layer with base ivtt
Mon Mar 11 21:59:21 2024, Build transit paths, Update transit links with correct ivtt
Mon Mar 11 21:59:22 2024, Build transit paths, Transit skim PF
Mon Mar 11 22:00:04 2024, Build transit paths, Calculate boardings in transfers field
Mon Mar 11 22:00:04 2024, Build transit paths, Build transit paths Loop - AM - Drive - ComRail -10 of 40
Mon Mar 11 22:00:04 2024, Build transit paths, Build tranist network
Mon Mar 11 22:00:22 2024, Build transit paths, Tranist network settings
Mon Mar 11 22:00:28 2024, Build transit paths, Transit assignment PF
Mon Mar 11 22:00:39 2024, Build transit paths, Fill stop layer with base ivtt
Mon Mar 11 22:00:40 2024, Build transit paths, Update transit links with correct ivtt
Mon Mar 11 22:00:41 2024, Build transit paths, Transit skim PF
Mon Mar 11 22:01:24 2024, Build transit paths, Calculate boardings in transfers field
Mon Mar 11 22:01:25 2024, Build transit paths, Build transit paths Loop - MD - Walk - Local -11 of 40
Mon Mar 11 22:01:25 2024, Build transit paths, Build tranist network
Mon Mar 11 22:01:43 2024, Build transit paths, Tranist network settings
Mon Mar 11 22:01:44 2024, Build transit paths, Transit assignment PF
Mon Mar 11 22:02:00 2024, Build transit paths, Fill stop layer with base ivtt
Mon Mar 11 22:02:00 2024, Build transit paths, Update transit links with correct ivtt
Mon Mar 11 22:02:02 2024, Build transit paths, Transit skim PF
Mon Mar 11 22:03:24 2024, Build transit paths, Calculate boardings in transfers field
Mon Mar 11 22:03:24 2024, Build transit paths, Build transit paths Loop - MD - Walk - Brt -12 of 40
Mon Mar 11 22:03:24 2024, Build transit paths, Build tranist network
Mon Mar 11 22:03:42 2024, Build transit paths, Tranist network settings
Mon Mar 11 22:03:44 2024, Build transit paths, Transit assignment PF
Mon Mar 11 22:04:00 2024, Build transit paths, Fill stop layer with base ivtt
Mon Mar 11 22:04:00 2024, Build transit paths, Update transit links with correct ivtt
Mon Mar 11 22:04:01 2024, Build transit paths, Transit skim PF
Mon Mar 11 22:05:24 2024, Build transit paths, Calculate boardings in transfers field
Mon Mar 11 22:05:24 2024, Build transit paths, Build transit paths Loop - MD - Walk - ExpBus -13 of 40
Mon Mar 11 22:05:24 2024, Build transit paths, Build tranist network
Mon Mar 11 22:05:42 2024, Build transit paths, Tranist network settings
Mon Mar 11 22:05:44 2024, Build transit paths, Transit assignment PF
Mon Mar 11 22:06:01 2024, Build transit paths, Fill stop layer with base ivtt
Mon Mar 11 22:06:02 2024, Build transit paths, Update transit links with correct ivtt
Mon Mar 11 22:06:03 2024, Build transit paths, Transit skim PF
Mon Mar 11 22:07:29 2024, Build transit paths, Calculate boardings in transfers field
Mon Mar 11 22:07:29 2024, Build transit paths, Build transit paths Loop - MD - Walk - UrbRail -14 of 40
Mon Mar 11 22:07:29 2024, Build transit paths, Build tranist network
Mon Mar 11 22:07:47 2024, Build transit paths, Tranist network settings
Mon Mar 11 22:07:49 2024, Build transit paths, Transit assignment PF
Mon Mar 11 22:08:06 2024, Build transit paths, Fill stop layer with base ivtt
Mon Mar 11 22:08:06 2024, Build transit paths, Update transit links with correct ivtt
Mon Mar 11 22:08:08 2024, Build transit paths, Transit skim PF
Mon Mar 11 22:09:34 2024, Build transit paths, Calculate boardings in transfers field
Mon Mar 11 22:09:34 2024, Build transit paths, Build transit paths Loop - MD - Walk - ComRail -15 of 40
Mon Mar 11 22:09:34 2024, Build transit paths, Build tranist network
Mon Mar 11 22:09:52 2024, Build transit paths, Tranist network settings
Mon Mar 11 22:09:54 2024, Build transit paths, Transit assignment PF
Mon Mar 11 22:10:11 2024, Build transit paths, Fill stop layer with base ivtt
Mon Mar 11 22:10:11 2024, Build transit paths, Update transit links with correct ivtt
Mon Mar 11 22:10:13 2024, Build transit paths, Transit skim PF
Mon Mar 11 22:11:46 2024, Build transit paths, Calculate boardings in transfers field
Mon Mar 11 22:11:47 2024, Build transit paths, Build transit paths Loop - MD - Drive - Local -16 of 40
Mon Mar 11 22:11:47 2024, Build transit paths, Build tranist network
Mon Mar 11 22:12:06 2024, Build transit paths, Tranist network settings
Mon Mar 11 22:12:12 2024, Build transit paths, Transit assignment PF
Mon Mar 11 22:12:23 2024, Build transit paths, Fill stop layer with base ivtt
Mon Mar 11 22:12:23 2024, Build transit paths, Update transit links with correct ivtt
Mon Mar 11 22:12:24 2024, Build transit paths, Transit skim PF
Mon Mar 11 22:13:03 2024, Build transit paths, Calculate boardings in transfers field
Mon Mar 11 22:13:03 2024, Build transit paths, Build transit paths Loop - MD - Drive - Brt -17 of 40
Mon Mar 11 22:13:03 2024, Build transit paths, Build tranist network
Mon Mar 11 22:13:21 2024, Build transit paths, Tranist network settings
Mon Mar 11 22:13:27 2024, Build transit paths, Transit assignment PF
Mon Mar 11 22:13:37 2024, Build transit paths, Fill stop layer with base ivtt
Mon Mar 11 22:13:37 2024, Build transit paths, Update transit links with correct ivtt
Mon Mar 11 22:13:39 2024, Build transit paths, Transit skim PF
Mon Mar 11 22:14:20 2024, Build transit paths, Calculate boardings in transfers field
Mon Mar 11 22:14:22 2024, Build transit paths, Build transit paths Loop - MD - Drive - ExpBus -18 of 40
Mon Mar 11 22:14:22 2024, Build transit paths, Build tranist network
Mon Mar 11 22:14:40 2024, Build transit paths, Tranist network settings
Mon Mar 11 22:14:45 2024, Build transit paths, Transit assignment PF
Mon Mar 11 22:14:56 2024, Build transit paths, Fill stop layer with base ivtt
Mon Mar 11 22:14:57 2024, Build transit paths, Update transit links with correct ivtt
Mon Mar 11 22:14:58 2024, Build transit paths, Transit skim PF
Mon Mar 11 22:15:38 2024, Build transit paths, Calculate boardings in transfers field
Mon Mar 11 22:15:38 2024, Build transit paths, Build transit paths Loop - MD - Drive - UrbRail -19 of 40
Mon Mar 11 22:15:38 2024, Build transit paths, Build tranist network
Mon Mar 11 22:15:56 2024, Build transit paths, Tranist network settings
Mon Mar 11 22:16:01 2024, Build transit paths, Transit assignment PF
Mon Mar 11 22:16:12 2024, Build transit paths, Fill stop layer with base ivtt
Mon Mar 11 22:16:12 2024, Build transit paths, Update transit links with correct ivtt
Mon Mar 11 22:16:14 2024, Build transit paths, Transit skim PF
Mon Mar 11 22:16:52 2024, Build transit paths, Calculate boardings in transfers field
Mon Mar 11 22:16:52 2024, Build transit paths, Build transit paths Loop - MD - Drive - ComRail -20 of 40
Mon Mar 11 22:16:52 2024, Build transit paths, Build tranist network
Mon Mar 11 22:17:10 2024, Build transit paths, Tranist network settings
Mon Mar 11 22:17:16 2024, Build transit paths, Transit assignment PF
Mon Mar 11 22:17:27 2024, Build transit paths, Fill stop layer with base ivtt
Mon Mar 11 22:17:27 2024, Build transit paths, Update transit links with correct ivtt
Mon Mar 11 22:17:28 2024, Build transit paths, Transit skim PF
Mon Mar 11 22:18:07 2024, Build transit paths, Calculate boardings in transfers field
Mon Mar 11 22:18:07 2024, Build transit paths, Build transit paths Loop - PM - Walk - Local -21 of 40
Mon Mar 11 22:18:07 2024, Build transit paths, Build tranist network
Mon Mar 11 22:18:25 2024, Build transit paths, Tranist network settings
Mon Mar 11 22:18:27 2024, Build transit paths, Transit assignment PF
Mon Mar 11 22:18:43 2024, Build transit paths, Fill stop layer with base ivtt
Mon Mar 11 22:18:43 2024, Build transit paths, Update transit links with correct ivtt
Mon Mar 11 22:18:44 2024, Build transit paths, Transit skim PF
Mon Mar 11 22:20:07 2024, Build transit paths, Calculate boardings in transfers field
Mon Mar 11 22:20:07 2024, Build transit paths, Build transit paths Loop - PM - Walk - Brt -22 of 40
Mon Mar 11 22:20:07 2024, Build transit paths, Build tranist network
Mon Mar 11 22:20:25 2024, Build transit paths, Tranist network settings
Mon Mar 11 22:20:26 2024, Build transit paths, Transit assignment PF
Mon Mar 11 22:20:42 2024, Build transit paths, Fill stop layer with base ivtt
Mon Mar 11 22:20:43 2024, Build transit paths, Update transit links with correct ivtt
Mon Mar 11 22:20:44 2024, Build transit paths, Transit skim PF
Mon Mar 11 22:22:09 2024, Build transit paths, Calculate boardings in transfers field
Mon Mar 11 22:22:09 2024, Build transit paths, Build transit paths Loop - PM - Walk - ExpBus -23 of 40
Mon Mar 11 22:22:09 2024, Build transit paths, Build tranist network
Mon Mar 11 22:22:28 2024, Build transit paths, Tranist network settings
Mon Mar 11 22:22:29 2024, Build transit paths, Transit assignment PF
Mon Mar 11 22:22:48 2024, Build transit paths, Fill stop layer with base ivtt
Mon Mar 11 22:22:49 2024, Build transit paths, Update transit links with correct ivtt
Mon Mar 11 22:22:50 2024, Build transit paths, Transit skim PF
Mon Mar 11 22:24:20 2024, Build transit paths, Calculate boardings in transfers field
Mon Mar 11 22:24:21 2024, Build transit paths, Build transit paths Loop - PM - Walk - UrbRail -24 of 40
Mon Mar 11 22:24:21 2024, Build transit paths, Build tranist network
Mon Mar 11 22:24:39 2024, Build transit paths, Tranist network settings
Mon Mar 11 22:24:41 2024, Build transit paths, Transit assignment PF
Mon Mar 11 22:25:00 2024, Build transit paths, Fill stop layer with base ivtt
Mon Mar 11 22:25:00 2024, Build transit paths, Update transit links with correct ivtt
Mon Mar 11 22:25:02 2024, Build transit paths, Transit skim PF
Mon Mar 11 22:39:04 2024,  ******************* STARTED Nashville ABM 2019 - Version 19.1.0 ******************* 
Mon Mar 11 22:39:12 2024,  ******************* FINISHED Nashville ABM 2019 - Version 19.1.0 ******************* 
Mon Mar 11 22:41:24 2024,  ******************* STARTED Nashville ABM 2019 - Version 19.1.0 ******************* 
Mon Mar 11 22:41:28 2024,  ******************* FINISHED Nashville ABM 2019 - Version 19.1.0 ******************* 
Mon Mar 11 22:42:20 2024,  ******************* STARTED Nashville ABM 2019 - Version 19.1.0 ******************* 
Mon Mar 11 22:42:20 2024, 1.1 Initialization.rsc, Initialization
Mon Mar 11 22:48:16 2024, 1.1 Initialization.rsc, Area Type
Mon Mar 11 22:57:59 2024, 1.1 Initialization.rsc, Capacity and FF Speed
Mon Mar 11 23:32:07 2024,  ******************* FINISHED Nashville ABM 2019 - Version 19.1.0 ******************* 
Mon Mar 11 23:38:27 2024,  ******************* STARTED Nashville ABM 2019 - Version 19.1.0 ******************* 
Mon Mar 11 23:38:27 2024, 2.1 HwySkimming.rsc,   ****** Highway Skimming ****** 
Mon Mar 11 23:38:27 2024, Build highway network
Mon Mar 11 23:38:32 2024, Shortest path using length
Mon Mar 11 23:38:33 2024, Terminal time
Mon Mar 11 23:38:37 2024, Build HOV skims
Mon Mar 11 23:39:17 2024, Build SOV skims
Mon Mar 11 23:40:08 2024, 2.1 HwySkimming.rsc, Finished Highway Skimming
Mon Mar 11 23:40:08 2024, 2.2 TransitSkimming.rsc,   ****** Transit Skimming ****** 
Mon Mar 11 23:40:08 2024, Set transit paramters
Mon Mar 11 23:40:08 2024, Prepare inputs
Mon Mar 11 23:41:51 2024, Build drive connectors
Mon Mar 11 23:45:22 2024,  ******************* FINISHED Nashville ABM 2019 - Version 19.1.0 ******************* 
Mon Mar 11 23:47:35 2024,  ******************* STARTED Nashville ABM 2019 - Version 19.1.0 ******************* 
Mon Mar 11 23:47:35 2024, 1.1 Initialization.rsc, Initialization
Mon Mar 11 23:53:29 2024, 1.1 Initialization.rsc, Area Type
Tue Mar 12 00:03:08 2024, 1.1 Initialization.rsc, Capacity and FF Speed
Tue Mar 12 00:34:31 2024,  ******************* FINISHED Nashville ABM 2019 - Version 19.1.0 ******************* 
Tue Mar 12 00:34:45 2024,  ******************* STARTED Nashville ABM 2019 - Version 19.1.0 ******************* 
Tue Mar 12 00:34:45 2024, 2.1 HwySkimming.rsc,   ****** Highway Skimming ****** 
Tue Mar 12 00:34:45 2024, Build highway network
Tue Mar 12 00:34:51 2024, Shortest path using length
Tue Mar 12 00:34:53 2024, Terminal time
Tue Mar 12 00:34:57 2024, Build HOV skims
Tue Mar 12 00:35:42 2024, Build SOV skims
Tue Mar 12 00:36:34 2024, 2.1 HwySkimming.rsc, Finished Highway Skimming
Tue Mar 12 00:36:34 2024, 2.2 TransitSkimming.rsc,   ****** Transit Skimming ****** 
Tue Mar 12 00:36:34 2024, Set transit paramters
Tue Mar 12 00:36:34 2024, Prepare inputs
Tue Mar 12 00:38:18 2024, Build drive connectors
Tue Mar 12 00:39:14 2024,  ******************* FINISHED Nashville ABM 2019 - Version 19.1.0 ******************* 
Tue Mar 12 00:44:45 2024,  ******************* STARTED Nashville ABM 2019 - Version 19.1.0 ******************* 
Tue Mar 12 00:44:45 2024, 2.1 HwySkimming.rsc,   ****** Highway Skimming ****** 
Tue Mar 12 00:44:45 2024, Build highway network
Tue Mar 12 00:44:50 2024, Shortest path using length
Tue Mar 12 00:44:51 2024, Terminal time
Tue Mar 12 00:44:54 2024, Build HOV skims
Tue Mar 12 00:45:44 2024, Build SOV skims
Tue Mar 12 00:46:37 2024, 2.1 HwySkimming.rsc, Finished Highway Skimming
Tue Mar 12 00:46:37 2024, 2.2 TransitSkimming.rsc,   ****** Transit Skimming ****** 
Tue Mar 12 00:46:37 2024, Set transit paramters
Tue Mar 12 00:46:37 2024, Prepare inputs
Tue Mar 12 12:54:14 2024,  ******************* STARTED Nashville ABM 2019 - Version 19.1.0 ******************* 
Tue Mar 12 12:54:14 2024, 2.2 TransitSkimming.rsc,   ****** Transit Skimming ****** 
Tue Mar 12 12:54:14 2024, Set transit paramters
Tue Mar 12 12:54:14 2024, Prepare inputs
Tue Mar 12 13:04:24 2024,  ******************* STARTED Nashville ABM 2019 - Version 19.1.0 ******************* 
Tue Mar 12 13:04:24 2024, 1.1 Initialization.rsc, Initialization
Tue Mar 12 13:08:21 2024, 1.1 Initialization.rsc, Area Type
Tue Mar 12 13:11:26 2024, 1.1 Initialization.rsc, Capacity and FF Speed
Tue Mar 12 13:39:55 2024, 2.1 HwySkimming.rsc,   ****** Highway Skimming ****** 
Tue Mar 12 13:39:55 2024, Build highway network
Tue Mar 12 13:40:00 2024, Shortest path using length
Tue Mar 12 13:40:01 2024, Terminal time
Tue Mar 12 13:40:04 2024, Build HOV skims
Tue Mar 12 13:40:40 2024, Build SOV skims
Tue Mar 12 13:41:14 2024, 2.1 HwySkimming.rsc, Finished Highway Skimming
Tue Mar 12 13:41:15 2024, 2.2 TransitSkimming.rsc,   ****** Transit Skimming ****** 
Tue Mar 12 13:41:15 2024, Set transit paramters
Tue Mar 12 13:41:15 2024, Prepare inputs
Tue Mar 12 15:18:57 2024,  ******************* STARTED Nashville ABM 2019 - Version 19.1.0 ******************* 
Tue Mar 12 15:18:57 2024, 1.1 Initialization.rsc, Initialization
Tue Mar 12 15:23:27 2024, 1.1 Initialization.rsc, Area Type
Tue Mar 12 15:34:28 2024, 1.1 Initialization.rsc, Capacity and FF Speed
Tue Mar 12 16:10:24 2024, 2.1 HwySkimming.rsc,   ****** Highway Skimming ****** 
Tue Mar 12 16:10:24 2024, Build highway network
Tue Mar 12 16:10:33 2024, Shortest path using length
Tue Mar 12 16:10:35 2024, Terminal time
Tue Mar 12 16:10:40 2024, Build HOV skims
Tue Mar 12 16:11:34 2024, Build SOV skims
Tue Mar 12 16:12:40 2024, 2.1 HwySkimming.rsc, Finished Highway Skimming
Tue Mar 12 16:12:41 2024, 2.2 TransitSkimming.rsc,   ****** Transit Skimming ****** 
Tue Mar 12 16:12:41 2024, Set transit paramters
Tue Mar 12 16:12:41 2024, Prepare inputs
Tue Mar 12 16:54:20 2024,  ******************* STARTED Nashville ABM 2019 - Version 19.1.0 ******************* 
Tue Mar 12 17:07:04 2024, 2.2 TransitSkimming.rsc,   ****** Transit Skimming ****** 
Tue Mar 12 17:10:45 2024, Set transit paramters
Tue Mar 12 17:23:33 2024, Prepare inputs
Tue Mar 12 18:08:51 2024,  ******************* STARTED Nashville ABM 2019 - Version 19.1.0 ******************* 
Tue Mar 12 18:08:51 2024, 2.2 TransitSkimming.rsc,   ****** Transit Skimming ****** 
Tue Mar 12 18:08:51 2024, Set transit paramters
Tue Mar 12 18:08:51 2024, Prepare inputs
Tue Mar 12 18:21:49 2024,  ******************* STARTED Nashville ABM 2019 - Version 19.1.0 ******************* 
Tue Mar 12 18:21:49 2024, 2.2 TransitSkimming.rsc,   ****** Transit Skimming ****** 
Tue Mar 12 18:21:49 2024, Set transit paramters
Tue Mar 12 18:21:49 2024, Prepare inputs
Tue Mar 12 18:59:49 2024,  ******************* STARTED Nashville ABM 2019 - Version 19.1.0 ******************* 
Tue Mar 12 18:59:49 2024, 2.2 TransitSkimming.rsc,   ****** Transit Skimming ****** 
Tue Mar 12 18:59:49 2024, Set transit paramters
Tue Mar 12 18:59:49 2024, Prepare inputs
Wed Mar 13 13:22:56 2024,  ******************* STARTED Nashville ABM 2019 - Version 19.1.0 ******************* 
Wed Mar 13 13:22:56 2024, 2.2 TransitSkimming.rsc,   ****** Transit Skimming ****** 
Wed Mar 13 13:22:56 2024, Set transit paramters
Wed Mar 13 13:22:56 2024, Prepare inputs
Wed Mar 13 17:32:37 2024,  ******************* STARTED Nashville ABM 2019 - Version 19.1.0 ******************* 
Wed Mar 13 17:32:37 2024, 2.2 TransitSkimming.rsc,   ****** Transit Skimming ****** 
Wed Mar 13 17:32:37 2024, Set transit paramters
Wed Mar 13 17:32:37 2024, Prepare inputs
Wed Mar 13 17:58:58 2024,  ******************* STARTED Nashville ABM 2019 - Version 19.1.0 ******************* 
Wed Mar 13 17:58:58 2024, 1.1 Initialization.rsc, Initialization
Wed Mar 13 18:04:37 2024, 1.1 Initialization.rsc, Area Type
Wed Mar 13 18:14:18 2024, 1.1 Initialization.rsc, Capacity and FF Speed
Wed Mar 13 18:44:14 2024, 2.1 HwySkimming.rsc,   ****** Highway Skimming ****** 
Wed Mar 13 18:44:14 2024, Build highway network
Wed Mar 13 18:44:22 2024, Shortest path using length
Wed Mar 13 18:44:23 2024, Terminal time
Wed Mar 13 18:44:29 2024, Build HOV skims
Wed Mar 13 18:45:14 2024, Build SOV skims
Wed Mar 13 18:46:07 2024, 2.1 HwySkimming.rsc, Finished Highway Skimming
Wed Mar 13 18:46:07 2024, 2.2 TransitSkimming.rsc,   ****** Transit Skimming ****** 
Wed Mar 13 18:46:07 2024, Set transit paramters
Wed Mar 13 18:46:07 2024, Prepare inputs
Wed Mar 13 19:33:44 2024,  ******************* STARTED Nashville ABM 2019 - Version 19.1.0 ******************* 
Wed Mar 13 19:33:44 2024, 2.2 TransitSkimming.rsc,   ****** Transit Skimming ****** 
Wed Mar 13 19:33:44 2024, Set transit paramters
Wed Mar 13 19:33:44 2024, Prepare inputs
Wed Mar 13 20:12:12 2024, Build drive connectors
Wed Mar 13 20:12:12 2024, Build transit paths
Wed Mar 13 20:12:12 2024, Build transit paths, Build transit paths Loop - AM - Walk - Local -1 of 40
Wed Mar 13 20:12:12 2024, Build transit paths, Build tranist network
Wed Mar 13 20:12:12 2024, Process transit skims
Wed Mar 13 20:12:21 2024,  ******************* FINISHED Nashville ABM 2019 - Version 19.1.0 ******************* 
Wed Mar 13 20:13:00 2024,  ******************* STARTED Nashville ABM 2019 - Version 19.1.0 ******************* 
Wed Mar 13 20:13:00 2024, 2.2 TransitSkimming.rsc,   ****** Transit Skimming ****** 
Wed Mar 13 20:13:00 2024, Set transit paramters
Wed Mar 13 20:13:00 2024, Prepare inputs
Wed Mar 13 20:17:22 2024,  ******************* STARTED Nashville ABM 2019 - Version 19.1.0 ******************* 
Wed Mar 13 20:17:22 2024, 2.2 TransitSkimming.rsc,   ****** Transit Skimming ****** 
Wed Mar 13 20:17:22 2024, Set transit paramters
Wed Mar 13 20:17:22 2024, Prepare inputs
Wed Mar 13 20:40:25 2024,  ******************* STARTED Nashville ABM 2019 - Version 19.1.0 ******************* 
Wed Mar 13 20:40:25 2024, 2.2 TransitSkimming.rsc,   ****** Transit Skimming ****** 
Wed Mar 13 20:40:25 2024, Set transit paramters
Wed Mar 13 20:40:25 2024, Prepare inputs
Wed Mar 13 20:44:11 2024,  ******************* STARTED Nashville ABM 2019 - Version 19.1.0 ******************* 
Wed Mar 13 20:44:11 2024, 2.2 TransitSkimming.rsc,   ****** Transit Skimming ****** 
Wed Mar 13 20:44:11 2024, Set transit paramters
Wed Mar 13 20:44:11 2024, Prepare inputs
Wed Mar 13 20:47:23 2024, Build drive connectors
Wed Mar 13 20:48:26 2024,  ******************* FINISHED Nashville ABM 2019 - Version 19.1.0 ******************* 
Wed Mar 13 20:58:01 2024,  ******************* STARTED Nashville ABM 2019 - Version 19.1.0 ******************* 
Wed Mar 13 20:58:01 2024, 2.2 TransitSkimming.rsc,   ****** Transit Skimming ****** 
Wed Mar 13 20:58:01 2024, Set transit paramters
Wed Mar 13 20:58:01 2024, Prepare inputs
Wed Mar 13 21:07:14 2024,  ******************* STARTED Nashville ABM 2019 - Version 19.1.0 ******************* 
Wed Mar 13 21:07:14 2024, 2.2 TransitSkimming.rsc,   ****** Transit Skimming ****** 
Wed Mar 13 21:07:14 2024, Set transit paramters
Wed Mar 13 21:07:14 2024, Prepare inputs
Fri Mar 15 09:53:25 2024,  ******************* STARTED Nashville ABM 2019 - Version 19.1.0 ******************* 
Fri Mar 15 09:53:25 2024, 2.2 TransitSkimming.rsc,   ****** Transit Skimming ****** 
Fri Mar 15 09:53:31 2024, Set transit paramters
Fri Mar 15 09:53:36 2024, Prepare inputs
Fri Mar 15 10:12:31 2024,  ******************* STARTED Nashville ABM 2019 - Version 19.1.0 ******************* 
Fri Mar 15 10:12:31 2024, 2.2 TransitSkimming.rsc,   ****** Transit Skimming ****** 
Fri Mar 15 10:12:31 2024, Set transit paramters
Fri Mar 15 10:12:31 2024, Prepare inputs
Fri Mar 15 14:36:31 2024,  ******************* STARTED Nashville ABM 2019 - Version 19.1.0 ******************* 
Fri Mar 15 14:36:32 2024, 1.1 Initialization.rsc, Initialization
Fri Mar 15 14:41:50 2024, 1.1 Initialization.rsc, Area Type
Fri Mar 15 14:54:45 2024, 1.1 Initialization.rsc, Capacity and FF Speed
Fri Mar 15 15:56:16 2024,  ******************* FINISHED Nashville ABM 2019 - Version 19.1.0 ******************* 
Fri Mar 15 15:56:26 2024,  ******************* STARTED Nashville ABM 2019 - Version 19.1.0 ******************* 
Fri Mar 15 15:56:26 2024, 2.1 HwySkimming.rsc,   ****** Highway Skimming ****** 
Fri Mar 15 15:56:26 2024, Build highway network
Fri Mar 15 15:56:34 2024, Shortest path using length
Fri Mar 15 15:56:36 2024, Terminal time
Fri Mar 15 15:56:40 2024, Build HOV skims
Fri Mar 15 15:57:22 2024, Build SOV skims
Fri Mar 15 15:58:19 2024, 2.1 HwySkimming.rsc, Finished Highway Skimming
Fri Mar 15 16:18:16 2024,  ******************* FINISHED Nashville ABM 2019 - Version 19.1.0 ******************* 
Fri Mar 15 16:18:53 2024,  ******************* STARTED Nashville ABM 2019 - Version 19.1.0 ******************* 
Fri Mar 15 16:18:53 2024, 2.2 TransitSkimming.rsc,   ****** Transit Skimming ****** 
Fri Mar 15 16:18:53 2024, Set transit paramters
Fri Mar 15 16:18:53 2024, Prepare inputs
Fri Mar 15 16:20:29 2024, Build drive connectors
Fri Mar 15 16:24:21 2024,  ******************* FINISHED Nashville ABM 2019 - Version 19.1.0 ******************* 
Fri Mar 15 16:34:59 2024,  ******************* STARTED Nashville ABM 2019 - Version 19.1.0 ******************* 
Fri Mar 15 16:34:59 2024, 2.2 TransitSkimming.rsc,   ****** Transit Skimming ****** 
Fri Mar 15 16:34:59 2024, Set transit paramters
Fri Mar 15 16:34:59 2024, Prepare inputs
Fri Mar 15 16:36:47 2024, Build drive connectors
Fri Mar 15 16:47:28 2024,  ******************* FINISHED Nashville ABM 2019 - Version 19.1.0 ******************* 
Fri Mar 15 17:04:48 2024,  ******************* STARTED Nashville ABM 2019 - Version 19.1.0 ******************* 
Fri Mar 15 17:04:48 2024, 2.2 TransitSkimming.rsc,   ****** Transit Skimming ****** 
Fri Mar 15 17:04:48 2024, Set transit paramters
Fri Mar 15 17:04:48 2024, Prepare inputs
Fri Mar 15 17:41:49 2024, Build drive connectors
Fri Mar 15 17:48:52 2024,  ******************* FINISHED Nashville ABM 2019 - Version 19.1.0 ******************* 
Fri Mar 15 17:53:34 2024,  ******************* STARTED Nashville ABM 2019 - Version 19.1.0 ******************* 
Fri Mar 15 17:53:34 2024, 2.2 TransitSkimming.rsc,   ****** Transit Skimming ****** 
Fri Mar 15 17:53:34 2024, Set transit paramters
Fri Mar 15 17:53:34 2024, Prepare inputs
Fri Mar 15 17:55:23 2024, Build drive connectors
Fri Mar 15 19:03:55 2024, Build transit paths
Fri Mar 15 19:04:24 2024, Build transit paths, Build transit paths Loop - AM - Walk - Local -1 of 40
Fri Mar 15 19:04:34 2024, Build transit paths, Build tranist network
Fri Mar 15 19:05:33 2024, Process transit skims
Fri Mar 15 19:06:08 2024,  ******************* FINISHED Nashville ABM 2019 - Version 19.1.0 ******************* 
Fri Mar 15 19:15:48 2024,  ******************* STARTED Nashville ABM 2019 - Version 19.1.0 ******************* 
Fri Mar 15 19:15:48 2024, 2.2 TransitSkimming.rsc,   ****** Transit Skimming ****** 
Fri Mar 15 19:15:48 2024, Set transit paramters
Fri Mar 15 19:15:48 2024, Prepare inputs
Fri Mar 15 19:17:29 2024, Build drive connectors
Fri Mar 15 19:20:21 2024, Build transit paths
Fri Mar 15 19:20:21 2024, Build transit paths, Build transit paths Loop - AM - Walk - Local -1 of 40
Fri Mar 15 19:20:21 2024, Build transit paths, Build tranist network
Fri Mar 15 19:20:27 2024, Process transit skims
Fri Mar 15 19:23:10 2024,  ******************* FINISHED Nashville ABM 2019 - Version 19.1.0 ******************* 
Fri Mar 15 20:24:24 2024,  ******************* STARTED Nashville ABM 2019 - Version 19.1.0 ******************* 
Fri Mar 15 20:24:24 2024, 2.2 TransitSkimming.rsc,   ****** Transit Skimming ****** 
Fri Mar 15 20:24:24 2024, Set transit paramters
Fri Mar 15 20:24:24 2024, Prepare inputs
Fri Mar 15 20:25:36 2024, Build drive connectors
Fri Mar 15 20:28:18 2024, Build transit paths
Fri Mar 15 20:28:18 2024, Build transit paths, Build transit paths Loop - AM - Walk - Local -1 of 40
Fri Mar 15 20:28:18 2024, Build transit paths, Build tranist network
Fri Mar 15 20:28:25 2024, Process transit skims
Fri Mar 15 20:31:58 2024,  ******************* FINISHED Nashville ABM 2019 - Version 19.1.0 ******************* 
Mon Mar 18 15:18:14 2024,  ******************* STARTED Nashville ABM 2019 - Version 19.1.0 ******************* 
Mon Mar 18 15:18:14 2024, 2.1 HwySkimming.rsc,   ****** Highway Skimming ****** 
Mon Mar 18 15:18:14 2024, Build highway network
Mon Mar 18 15:18:19 2024, Shortest path using length
Mon Mar 18 15:18:20 2024, Terminal time
Mon Mar 18 15:18:22 2024, Build HOV skims
Mon Mar 18 15:18:48 2024, Build SOV skims
Mon Mar 18 15:19:25 2024, 2.1 HwySkimming.rsc, Finished Highway Skimming
Mon Mar 18 15:21:38 2024,  ******************* FINISHED Nashville ABM 2019 - Version 19.1.0 ******************* 
Mon Mar 18 15:22:57 2024,  ******************* STARTED Nashville ABM 2019 - Version 19.1.0 ******************* 
Mon Mar 18 15:22:57 2024, 2.1 HwySkimming.rsc,   ****** Highway Skimming ****** 
Mon Mar 18 15:22:57 2024, Build highway network
Mon Mar 18 15:22:59 2024, Shortest path using length
Mon Mar 18 15:23:01 2024,  ******************* FINISHED Nashville ABM 2019 - Version 19.1.0 ******************* 
Mon Mar 18 15:23:16 2024,  ******************* STARTED Nashville ABM 2019 - Version 19.1.0 ******************* 
Mon Mar 18 15:23:16 2024, 2.1 HwySkimming.rsc,   ****** Highway Skimming ****** 
Mon Mar 18 15:23:16 2024, Build highway network
Mon Mar 18 15:23:22 2024, Shortest path using length
Mon Mar 18 15:23:23 2024, Terminal time
Mon Mar 18 15:23:24 2024, Build HOV skims
Mon Mar 18 15:23:57 2024, Build SOV skims
Mon Mar 18 15:24:39 2024, 2.1 HwySkimming.rsc, Finished Highway Skimming
Mon Mar 18 15:25:55 2024,  ******************* FINISHED Nashville ABM 2019 - Version 19.1.0 ******************* 
Mon Mar 18 15:29:21 2024,  ******************* STARTED Nashville ABM 2019 - Version 19.1.0 ******************* 
Mon Mar 18 15:29:21 2024, 2.2 TransitSkimming.rsc,   ****** Transit Skimming ****** 
Mon Mar 18 15:29:21 2024, Set transit paramters
Mon Mar 18 15:29:21 2024, Prepare inputs
Mon Mar 18 15:30:29 2024, Build drive connectors
Mon Mar 18 15:32:35 2024, Build transit paths
Mon Mar 18 15:32:35 2024, Build transit paths, Build transit paths Loop - AM - Walk - Local -1 of 40
Mon Mar 18 15:32:35 2024, Build transit paths, Build tranist network
Mon Mar 18 15:32:36 2024, Process transit skims
Mon Mar 18 15:32:45 2024,  ******************* FINISHED Nashville ABM 2019 - Version 19.1.0 ******************* 
Tue Apr  9 13:25:31 2024,  ******************* STARTED Nashville ABM 2019 - Version 19.1.0 ******************* 
Tue Apr  9 13:25:31 2024, 1.1 Initialization.rsc, Initialization
Tue Apr  9 13:33:22 2024, 1.1 Initialization.rsc, Area Type
Tue Apr  9 13:46:48 2024,  ******************* STARTED Nashville ABM 2019 - Version 19.1.0 ******************* 
Tue Apr  9 13:46:48 2024, 1.1 Initialization.rsc, Initialization
Tue Apr  9 13:52:59 2024, 1.1 Initialization.rsc, Area Type
Tue Apr  9 14:06:03 2024, 1.1 Initialization.rsc, Capacity and FF Speed
Tue Apr  9 14:45:42 2024,  ******************* FINISHED Nashville ABM 2019 - Version 19.1.0 ******************* 
Tue Apr  9 14:45:50 2024,  ******************* STARTED Nashville ABM 2019 - Version 19.1.0 ******************* 
Tue Apr  9 14:45:50 2024, 2.1 HwySkimming.rsc,   ****** Highway Skimming ****** 
Tue Apr  9 14:45:50 2024, Build highway network
Tue Apr  9 14:45:56 2024, Shortest path using length
Tue Apr  9 14:45:59 2024, Terminal time
Tue Apr  9 14:46:08 2024, Build HOV skims
Tue Apr  9 14:47:38 2024, Build SOV skims
Tue Apr  9 14:49:30 2024, 2.1 HwySkimming.rsc, Finished Highway Skimming
Tue Apr  9 14:52:53 2024,  ******************* FINISHED Nashville ABM 2019 - Version 19.1.0 ******************* 
Tue Apr  9 14:55:24 2024,  ******************* STARTED Nashville ABM 2019 - Version 19.1.0 ******************* 
Tue Apr  9 14:55:24 2024, 2.2 TransitSkimming.rsc,   ****** Transit Skimming ****** 
Tue Apr  9 14:55:24 2024, Set transit paramters
Tue Apr  9 14:55:24 2024, Prepare inputs
Tue Apr  9 14:57:08 2024, Build drive connectors
Tue Apr  9 15:02:46 2024, Build transit paths
Tue Apr  9 15:02:46 2024, Build transit paths, Build transit paths Loop - AM - Walk - Local -1 of 40
Tue Apr  9 15:02:46 2024, Build transit paths, Build tranist network
Tue Apr  9 15:02:47 2024, Process transit skims
Tue Apr  9 15:11:30 2024,  ******************* FINISHED Nashville ABM 2019 - Version 19.1.0 ******************* 
Tue Apr  9 15:30:27 2024,  ******************* STARTED Nashville ABM 2019 - Version 19.1.0 ******************* 
Tue Apr  9 15:30:27 2024, 2.2 TransitSkimming.rsc,   ****** Transit Skimming ****** 
Tue Apr  9 15:30:27 2024, Set transit paramters
Tue Apr  9 15:30:27 2024, Prepare inputs
Tue Apr  9 15:32:14 2024, Build drive connectors
Tue Apr  9 15:37:44 2024, Build transit paths
Tue Apr  9 15:37:44 2024, Build transit paths, Build transit paths Loop - AM - Walk - Local -1 of 40
Tue Apr  9 15:37:44 2024, Build transit paths, Build tranist network
Tue Apr  9 15:37:44 2024, Process transit skims
Tue Apr  9 15:41:15 2024,  ******************* FINISHED Nashville ABM 2019 - Version 19.1.0 ******************* 
Tue Apr  9 16:01:26 2024,  ******************* STARTED Nashville ABM 2019 - Version 19.1.0 ******************* 
Tue Apr  9 16:01:26 2024, 2.2 TransitSkimming.rsc,   ****** Transit Skimming ****** 
Tue Apr  9 16:01:26 2024, Set transit paramters
Tue Apr  9 16:01:26 2024, Prepare inputs
Tue Apr  9 16:04:25 2024, Build drive connectors
Tue Apr  9 16:11:29 2024, Build transit paths
Tue Apr  9 16:11:29 2024, Build transit paths, Build transit paths Loop - AM - Walk - Local -1 of 40
Tue Apr  9 16:11:29 2024, Build transit paths, Build tranist network
Tue Apr  9 16:11:29 2024, Process transit skims
Tue Apr  9 16:14:56 2024,  ******************* FINISHED Nashville ABM 2019 - Version 19.1.0 ******************* 
Tue Apr  9 16:28:16 2024,  ******************* STARTED Nashville ABM 2019 - Version 19.1.0 ******************* 
Tue Apr  9 16:28:16 2024, 2.2 TransitSkimming.rsc,   ****** Transit Skimming ****** 
Tue Apr  9 16:28:16 2024, Set transit paramters
Tue Apr  9 16:28:16 2024, Prepare inputs
Tue Apr  9 16:30:54 2024, Build drive connectors
Tue Apr  9 16:37:06 2024, Build transit paths
Tue Apr  9 16:37:06 2024, Build transit paths, Build transit paths Loop - AM - Walk - Local -1 of 40
Tue Apr  9 16:37:06 2024, Build transit paths, Build tranist network
Tue Apr  9 16:37:35 2024, Build transit paths, Tranist network settings
Tue Apr  9 16:37:37 2024, Build transit paths, Transit assignment PF
Tue Apr  9 16:37:40 2024, Process transit skims
Tue Apr  9 16:38:52 2024,  ******************* FINISHED Nashville ABM 2019 - Version 19.1.0 ******************* 
Tue Apr  9 16:48:54 2024,  ******************* STARTED Nashville ABM 2019 - Version 19.1.0 ******************* 
Tue Apr  9 16:48:54 2024, 2.2 TransitSkimming.rsc,   ****** Transit Skimming ****** 
Tue Apr  9 16:48:54 2024, Set transit paramters
Tue Apr  9 16:48:54 2024, Prepare inputs
Tue Apr  9 16:51:25 2024, Build drive connectors
Tue Apr  9 16:57:25 2024, Build transit paths
Tue Apr  9 16:57:25 2024, Build transit paths, Build transit paths Loop - AM - Walk - Local -1 of 40
Tue Apr  9 16:57:25 2024, Build transit paths, Build tranist network
Tue Apr  9 16:57:53 2024, Build transit paths, Tranist network settings
Tue Apr  9 16:57:55 2024, Build transit paths, Transit assignment PF
Tue Apr  9 16:58:15 2024, Build transit paths, Fill stop layer with base ivtt
Tue Apr  9 16:58:15 2024, Build transit paths, Update transit links with correct ivtt
Tue Apr  9 16:58:17 2024, Build transit paths, Transit skim PF
Tue Apr  9 16:59:58 2024, Build transit paths, Calculate boardings in transfers field
Tue Apr  9 16:59:59 2024, Build transit paths, Build transit paths Loop - AM - Walk - Brt -2 of 40
Tue Apr  9 16:59:59 2024, Build transit paths, Build tranist network
Tue Apr  9 17:00:27 2024, Build transit paths, Tranist network settings
Tue Apr  9 17:00:31 2024, Build transit paths, Transit assignment PF
Tue Apr  9 17:00:49 2024, Build transit paths, Fill stop layer with base ivtt
Tue Apr  9 17:00:49 2024, Build transit paths, Update transit links with correct ivtt
Tue Apr  9 17:00:50 2024, Build transit paths, Transit skim PF
Tue Apr  9 17:02:45 2024, Build transit paths, Calculate boardings in transfers field
Tue Apr  9 17:02:45 2024, Build transit paths, Build transit paths Loop - AM - Walk - ExpBus -3 of 40
Tue Apr  9 17:02:45 2024, Build transit paths, Build tranist network
Tue Apr  9 17:03:14 2024, Build transit paths, Tranist network settings
Tue Apr  9 17:03:18 2024, Build transit paths, Transit assignment PF
Tue Apr  9 17:03:38 2024, Build transit paths, Fill stop layer with base ivtt
Tue Apr  9 17:03:38 2024, Build transit paths, Update transit links with correct ivtt
Tue Apr  9 17:03:39 2024, Build transit paths, Transit skim PF
Tue Apr  9 17:05:23 2024, Build transit paths, Calculate boardings in transfers field
Tue Apr  9 17:05:24 2024, Build transit paths, Build transit paths Loop - AM - Walk - UrbRail -4 of 40
Tue Apr  9 17:05:24 2024, Build transit paths, Build tranist network
Tue Apr  9 17:05:54 2024, Build transit paths, Tranist network settings
Tue Apr  9 17:05:58 2024, Build transit paths, Transit assignment PF
Tue Apr  9 17:06:17 2024, Build transit paths, Fill stop layer with base ivtt
Tue Apr  9 17:06:17 2024, Build transit paths, Update transit links with correct ivtt
Tue Apr  9 17:06:18 2024, Build transit paths, Transit skim PF
Tue Apr  9 17:08:03 2024, Build transit paths, Calculate boardings in transfers field
Tue Apr  9 17:08:04 2024, Build transit paths, Build transit paths Loop - AM - Walk - ComRail -5 of 40
Tue Apr  9 17:08:04 2024, Build transit paths, Build tranist network
Tue Apr  9 17:08:33 2024, Build transit paths, Tranist network settings
Tue Apr  9 17:08:35 2024, Build transit paths, Transit assignment PF
Tue Apr  9 17:08:56 2024, Build transit paths, Fill stop layer with base ivtt
Tue Apr  9 17:08:57 2024, Build transit paths, Update transit links with correct ivtt
Tue Apr  9 17:08:58 2024, Build transit paths, Transit skim PF
Tue Apr  9 17:10:45 2024, Build transit paths, Calculate boardings in transfers field
Tue Apr  9 17:10:46 2024, Build transit paths, Build transit paths Loop - AM - Drive - Local -6 of 40
Tue Apr  9 17:10:46 2024, Build transit paths, Build tranist network
Tue Apr  9 17:11:16 2024, Build transit paths, Tranist network settings
Tue Apr  9 17:11:24 2024, Build transit paths, Transit assignment PF
Tue Apr  9 17:11:37 2024, Build transit paths, Fill stop layer with base ivtt
Tue Apr  9 17:11:38 2024, Build transit paths, Update transit links with correct ivtt
Tue Apr  9 17:11:39 2024, Build transit paths, Transit skim PF
Tue Apr  9 17:12:31 2024, Build transit paths, Calculate boardings in transfers field
Tue Apr  9 17:12:32 2024, Build transit paths, Build transit paths Loop - AM - Drive - Brt -7 of 40
Tue Apr  9 17:12:32 2024, Build transit paths, Build tranist network
Tue Apr  9 17:13:00 2024, Build transit paths, Tranist network settings
Tue Apr  9 17:13:09 2024, Build transit paths, Transit assignment PF
Tue Apr  9 17:13:22 2024, Build transit paths, Fill stop layer with base ivtt
Tue Apr  9 17:13:23 2024, Build transit paths, Update transit links with correct ivtt
Tue Apr  9 17:13:24 2024, Build transit paths, Transit skim PF
Tue Apr  9 17:14:20 2024, Build transit paths, Calculate boardings in transfers field
Tue Apr  9 17:14:21 2024, Build transit paths, Build transit paths Loop - AM - Drive - ExpBus -8 of 40
Tue Apr  9 17:14:21 2024, Build transit paths, Build tranist network
Tue Apr  9 17:14:49 2024, Build transit paths, Tranist network settings
Tue Apr  9 17:14:57 2024, Build transit paths, Transit assignment PF
Tue Apr  9 17:15:11 2024, Build transit paths, Fill stop layer with base ivtt
Tue Apr  9 17:15:11 2024, Build transit paths, Update transit links with correct ivtt
Tue Apr  9 17:15:12 2024, Build transit paths, Transit skim PF
Tue Apr  9 17:16:07 2024, Build transit paths, Calculate boardings in transfers field
Tue Apr  9 17:16:07 2024, Build transit paths, Build transit paths Loop - AM - Drive - UrbRail -9 of 40
Tue Apr  9 17:16:07 2024, Build transit paths, Build tranist network
Tue Apr  9 17:16:36 2024, Build transit paths, Tranist network settings
Tue Apr  9 17:16:45 2024, Build transit paths, Transit assignment PF
Tue Apr  9 17:16:59 2024, Build transit paths, Fill stop layer with base ivtt
Tue Apr  9 17:16:59 2024, Build transit paths, Update transit links with correct ivtt
Tue Apr  9 17:17:00 2024, Build transit paths, Transit skim PF
Tue Apr  9 17:17:55 2024, Build transit paths, Calculate boardings in transfers field
Tue Apr  9 17:17:55 2024, Build transit paths, Build transit paths Loop - AM - Drive - ComRail -10 of 40
Tue Apr  9 17:17:55 2024, Build transit paths, Build tranist network
Tue Apr  9 17:18:25 2024, Build transit paths, Tranist network settings
Tue Apr  9 17:18:32 2024, Build transit paths, Transit assignment PF
Tue Apr  9 17:18:46 2024, Build transit paths, Fill stop layer with base ivtt
Tue Apr  9 17:18:46 2024, Build transit paths, Update transit links with correct ivtt
Tue Apr  9 17:18:48 2024, Build transit paths, Transit skim PF
Tue Apr  9 17:19:42 2024, Build transit paths, Calculate boardings in transfers field
Tue Apr  9 17:19:43 2024, Build transit paths, Build transit paths Loop - MD - Walk - Local -11 of 40
Tue Apr  9 17:19:43 2024, Build transit paths, Build tranist network
Tue Apr  9 17:20:12 2024, Build transit paths, Tranist network settings
Tue Apr  9 17:20:14 2024, Build transit paths, Transit assignment PF
Tue Apr  9 17:20:34 2024, Build transit paths, Fill stop layer with base ivtt
Tue Apr  9 17:20:34 2024, Build transit paths, Update transit links with correct ivtt
Tue Apr  9 17:20:36 2024, Build transit paths, Transit skim PF
Tue Apr  9 17:22:20 2024, Build transit paths, Calculate boardings in transfers field
Tue Apr  9 17:22:21 2024, Build transit paths, Build transit paths Loop - MD - Walk - Brt -12 of 40
Tue Apr  9 17:22:21 2024, Build transit paths, Build tranist network
Tue Apr  9 17:22:49 2024, Build transit paths, Tranist network settings
Tue Apr  9 17:22:53 2024, Build transit paths, Transit assignment PF
Tue Apr  9 17:23:12 2024, Build transit paths, Fill stop layer with base ivtt
Tue Apr  9 17:23:12 2024, Build transit paths, Update transit links with correct ivtt
Tue Apr  9 17:23:14 2024, Build transit paths, Transit skim PF
Tue Apr  9 17:25:07 2024, Build transit paths, Calculate boardings in transfers field
Tue Apr  9 17:25:07 2024, Build transit paths, Build transit paths Loop - MD - Walk - ExpBus -13 of 40
Tue Apr  9 17:25:07 2024, Build transit paths, Build tranist network
Tue Apr  9 17:25:37 2024, Build transit paths, Tranist network settings
Tue Apr  9 17:25:39 2024, Build transit paths, Transit assignment PF
Tue Apr  9 17:25:59 2024, Build transit paths, Fill stop layer with base ivtt
Tue Apr  9 17:25:59 2024, Build transit paths, Update transit links with correct ivtt
Tue Apr  9 17:26:01 2024, Build transit paths, Transit skim PF
Tue Apr  9 17:27:44 2024, Build transit paths, Calculate boardings in transfers field
Tue Apr  9 17:27:45 2024, Build transit paths, Build transit paths Loop - MD - Walk - UrbRail -14 of 40
Tue Apr  9 17:27:45 2024, Build transit paths, Build tranist network
Tue Apr  9 17:28:14 2024, Build transit paths, Tranist network settings
Tue Apr  9 17:28:17 2024, Build transit paths, Transit assignment PF
Tue Apr  9 17:28:36 2024, Build transit paths, Fill stop layer with base ivtt
Tue Apr  9 17:28:37 2024, Build transit paths, Update transit links with correct ivtt
Tue Apr  9 17:28:38 2024, Build transit paths, Transit skim PF
Tue Apr  9 17:30:22 2024, Build transit paths, Calculate boardings in transfers field
Tue Apr  9 17:30:22 2024, Build transit paths, Build transit paths Loop - MD - Walk - ComRail -15 of 40
Tue Apr  9 17:30:22 2024, Build transit paths, Build tranist network
Tue Apr  9 17:30:51 2024, Build transit paths, Tranist network settings
Tue Apr  9 17:30:53 2024, Build transit paths, Transit assignment PF
Tue Apr  9 17:31:13 2024, Build transit paths, Fill stop layer with base ivtt
Tue Apr  9 17:31:14 2024, Build transit paths, Update transit links with correct ivtt
Tue Apr  9 17:31:15 2024, Build transit paths, Transit skim PF
Tue Apr  9 17:32:59 2024, Build transit paths, Calculate boardings in transfers field
Tue Apr  9 17:32:59 2024, Build transit paths, Build transit paths Loop - MD - Drive - Local -16 of 40
Tue Apr  9 17:32:59 2024, Build transit paths, Build tranist network
Tue Apr  9 17:33:28 2024, Build transit paths, Tranist network settings
Tue Apr  9 17:33:36 2024, Build transit paths, Transit assignment PF
Tue Apr  9 17:33:48 2024, Build transit paths, Fill stop layer with base ivtt
Tue Apr  9 17:33:48 2024, Build transit paths, Update transit links with correct ivtt
Tue Apr  9 17:33:49 2024, Build transit paths, Transit skim PF
Tue Apr  9 17:34:41 2024, Build transit paths, Calculate boardings in transfers field
Tue Apr  9 17:34:42 2024, Build transit paths, Build transit paths Loop - MD - Drive - Brt -17 of 40
Tue Apr  9 17:34:42 2024, Build transit paths, Build tranist network
Tue Apr  9 17:35:09 2024, Build transit paths, Tranist network settings
Tue Apr  9 17:35:15 2024, Build transit paths, Transit assignment PF
Tue Apr  9 17:35:29 2024, Build transit paths, Fill stop layer with base ivtt
Tue Apr  9 17:35:30 2024, Build transit paths, Update transit links with correct ivtt
Tue Apr  9 17:35:31 2024, Build transit paths, Transit skim PF
Tue Apr  9 17:36:21 2024, Build transit paths, Calculate boardings in transfers field
Tue Apr  9 17:36:22 2024, Build transit paths, Build transit paths Loop - MD - Drive - ExpBus -18 of 40
Tue Apr  9 17:36:22 2024, Build transit paths, Build tranist network
Tue Apr  9 17:36:48 2024, Build transit paths, Tranist network settings
Tue Apr  9 17:37:04 2024, Build transit paths, Transit assignment PF
Tue Apr  9 17:37:20 2024, Build transit paths, Fill stop layer with base ivtt
Tue Apr  9 17:37:21 2024, Build transit paths, Update transit links with correct ivtt
Tue Apr  9 17:37:22 2024, Build transit paths, Transit skim PF
Tue Apr  9 17:38:31 2024, Build transit paths, Calculate boardings in transfers field
Tue Apr  9 17:38:32 2024, Build transit paths, Build transit paths Loop - MD - Drive - UrbRail -19 of 40
Tue Apr  9 17:38:32 2024, Build transit paths, Build tranist network
Tue Apr  9 17:39:14 2024, Build transit paths, Tranist network settings
Tue Apr  9 17:39:25 2024, Build transit paths, Transit assignment PF
Tue Apr  9 17:39:40 2024, Build transit paths, Fill stop layer with base ivtt
Tue Apr  9 17:39:41 2024, Build transit paths, Update transit links with correct ivtt
Tue Apr  9 17:39:42 2024, Build transit paths, Transit skim PF
Tue Apr  9 17:40:47 2024, Build transit paths, Calculate boardings in transfers field
Tue Apr  9 17:40:48 2024, Build transit paths, Build transit paths Loop - MD - Drive - ComRail -20 of 40
Tue Apr  9 17:40:48 2024, Build transit paths, Build tranist network
Tue Apr  9 17:41:29 2024, Build transit paths, Tranist network settings
Tue Apr  9 17:41:43 2024, Build transit paths, Transit assignment PF
Tue Apr  9 17:41:59 2024, Build transit paths, Fill stop layer with base ivtt
Tue Apr  9 17:42:00 2024, Build transit paths, Update transit links with correct ivtt
Tue Apr  9 17:42:02 2024, Build transit paths, Transit skim PF
Tue Apr  9 17:43:07 2024, Build transit paths, Calculate boardings in transfers field
Tue Apr  9 17:43:07 2024, Build transit paths, Build transit paths Loop - PM - Walk - Local -21 of 40
Tue Apr  9 17:43:07 2024, Build transit paths, Build tranist network
Tue Apr  9 17:43:45 2024, Build transit paths, Tranist network settings
Tue Apr  9 17:43:49 2024, Build transit paths, Transit assignment PF
Tue Apr  9 17:44:13 2024, Build transit paths, Fill stop layer with base ivtt
Tue Apr  9 17:44:13 2024, Build transit paths, Update transit links with correct ivtt
Tue Apr  9 17:44:15 2024, Build transit paths, Transit skim PF
Tue Apr  9 17:46:26 2024, Build transit paths, Calculate boardings in transfers field
Tue Apr  9 17:46:27 2024, Build transit paths, Build transit paths Loop - PM - Walk - Brt -22 of 40
Tue Apr  9 17:46:27 2024, Build transit paths, Build tranist network
Tue Apr  9 17:47:07 2024, Build transit paths, Tranist network settings
Tue Apr  9 17:47:11 2024, Build transit paths, Transit assignment PF
Tue Apr  9 17:47:35 2024, Build transit paths, Fill stop layer with base ivtt
Tue Apr  9 17:47:36 2024, Build transit paths, Update transit links with correct ivtt
Tue Apr  9 17:47:38 2024, Build transit paths, Transit skim PF
Tue Apr  9 17:49:29 2024, Build transit paths, Calculate boardings in transfers field
Tue Apr  9 17:49:30 2024, Build transit paths, Build transit paths Loop - PM - Walk - ExpBus -23 of 40
Tue Apr  9 17:49:30 2024, Build transit paths, Build tranist network
Tue Apr  9 17:50:06 2024, Build transit paths, Tranist network settings
Tue Apr  9 17:50:10 2024, Build transit paths, Transit assignment PF
Tue Apr  9 17:50:31 2024, Build transit paths, Fill stop layer with base ivtt
Tue Apr  9 17:50:32 2024, Build transit paths, Update transit links with correct ivtt
Tue Apr  9 17:50:34 2024, Build transit paths, Transit skim PF
Tue Apr  9 17:52:48 2024, Build transit paths, Calculate boardings in transfers field
Tue Apr  9 17:52:49 2024, Build transit paths, Build transit paths Loop - PM - Walk - UrbRail -24 of 40
Tue Apr  9 17:52:49 2024, Build transit paths, Build tranist network
Tue Apr  9 17:53:30 2024, Build transit paths, Tranist network settings
Tue Apr  9 17:53:34 2024, Build transit paths, Transit assignment PF
Tue Apr  9 17:53:59 2024, Build transit paths, Fill stop layer with base ivtt
Tue Apr  9 17:54:00 2024, Build transit paths, Update transit links with correct ivtt
Tue Apr  9 17:54:01 2024, Build transit paths, Transit skim PF
Tue Apr  9 17:56:07 2024, Build transit paths, Calculate boardings in transfers field
Tue Apr  9 17:56:08 2024, Build transit paths, Build transit paths Loop - PM - Walk - ComRail -25 of 40
Tue Apr  9 17:56:08 2024, Build transit paths, Build tranist network
Tue Apr  9 17:56:47 2024, Build transit paths, Tranist network settings
Tue Apr  9 17:56:51 2024, Build transit paths, Transit assignment PF
Tue Apr  9 17:57:16 2024, Build transit paths, Fill stop layer with base ivtt
Tue Apr  9 17:57:16 2024, Build transit paths, Update transit links with correct ivtt
Tue Apr  9 17:57:18 2024, Build transit paths, Transit skim PF
Tue Apr  9 17:59:27 2024, Build transit paths, Calculate boardings in transfers field
Tue Apr  9 17:59:27 2024, Build transit paths, Build transit paths Loop - PM - Drive - Local -26 of 40
Tue Apr  9 17:59:27 2024, Build transit paths, Build tranist network
Tue Apr  9 18:00:04 2024, Build transit paths, Tranist network settings
Tue Apr  9 18:00:19 2024, Build transit paths, Transit assignment PF
Tue Apr  9 18:01:10 2024, Build transit paths, Fill stop layer with base ivtt
Tue Apr  9 18:01:11 2024, Build transit paths, Update transit links with correct ivtt
Tue Apr  9 18:01:13 2024, Build transit paths, Transit skim PF
Tue Apr  9 18:02:56 2024, Build transit paths, Calculate boardings in transfers field
Tue Apr  9 18:02:57 2024, Build transit paths, Build transit paths Loop - PM - Drive - Brt -27 of 40
Tue Apr  9 18:02:57 2024, Build transit paths, Build tranist network
Tue Apr  9 18:03:35 2024, Build transit paths, Tranist network settings
Tue Apr  9 18:03:50 2024, Build transit paths, Transit assignment PF
Tue Apr  9 18:04:42 2024, Build transit paths, Fill stop layer with base ivtt
Tue Apr  9 18:04:42 2024, Build transit paths, Update transit links with correct ivtt
Tue Apr  9 18:04:44 2024, Build transit paths, Transit skim PF
Tue Apr  9 18:06:21 2024, Build transit paths, Calculate boardings in transfers field
Tue Apr  9 18:06:22 2024, Build transit paths, Build transit paths Loop - PM - Drive - ExpBus -28 of 40
Tue Apr  9 18:06:22 2024, Build transit paths, Build tranist network
Tue Apr  9 18:07:00 2024, Build transit paths, Tranist network settings
Tue Apr  9 18:07:13 2024, Build transit paths, Transit assignment PF
Tue Apr  9 18:08:05 2024, Build transit paths, Fill stop layer with base ivtt
Tue Apr  9 18:08:06 2024, Build transit paths, Update transit links with correct ivtt
Tue Apr  9 18:08:07 2024, Build transit paths, Transit skim PF
Tue Apr  9 18:09:57 2024, Build transit paths, Calculate boardings in transfers field
Tue Apr  9 18:09:58 2024, Build transit paths, Build transit paths Loop - PM - Drive - UrbRail -29 of 40
Tue Apr  9 18:09:58 2024, Build transit paths, Build tranist network
Tue Apr  9 18:10:34 2024, Build transit paths, Tranist network settings
Tue Apr  9 18:10:47 2024, Build transit paths, Transit assignment PF
Tue Apr  9 18:11:38 2024, Build transit paths, Fill stop layer with base ivtt
Tue Apr  9 18:11:38 2024, Build transit paths, Update transit links with correct ivtt
Tue Apr  9 18:11:40 2024, Build transit paths, Transit skim PF
Tue Apr  9 18:13:29 2024, Build transit paths, Calculate boardings in transfers field
Tue Apr  9 18:13:29 2024, Build transit paths, Build transit paths Loop - PM - Drive - ComRail -30 of 40
Tue Apr  9 18:13:29 2024, Build transit paths, Build tranist network
Tue Apr  9 18:14:05 2024, Build transit paths, Tranist network settings
Tue Apr  9 18:14:15 2024, Build transit paths, Transit assignment PF
Tue Apr  9 18:15:06 2024, Build transit paths, Fill stop layer with base ivtt
Tue Apr  9 18:15:07 2024, Build transit paths, Update transit links with correct ivtt
Tue Apr  9 18:15:08 2024, Build transit paths, Transit skim PF
Tue Apr  9 18:16:58 2024, Build transit paths, Calculate boardings in transfers field
Tue Apr  9 18:16:59 2024, Build transit paths, Build transit paths Loop - OP - Walk - Local -31 of 40
Tue Apr  9 18:16:59 2024, Build transit paths, Build tranist network
Tue Apr  9 18:17:32 2024, Build transit paths, Tranist network settings
Tue Apr  9 18:17:37 2024, Build transit paths, Transit assignment PF
Tue Apr  9 18:17:55 2024, Build transit paths, Fill stop layer with base ivtt
Tue Apr  9 18:17:55 2024, Build transit paths, Update transit links with correct ivtt
Tue Apr  9 18:17:57 2024, Build transit paths, Transit skim PF
Tue Apr  9 18:19:49 2024, Build transit paths, Calculate boardings in transfers field
Tue Apr  9 18:19:50 2024, Build transit paths, Build transit paths Loop - OP - Walk - Brt -32 of 40
Tue Apr  9 18:19:50 2024, Build transit paths, Build tranist network
Tue Apr  9 18:20:22 2024, Build transit paths, Tranist network settings
Tue Apr  9 18:20:25 2024, Build transit paths, Transit assignment PF
Tue Apr  9 18:20:46 2024, Build transit paths, Fill stop layer with base ivtt
Tue Apr  9 18:20:47 2024, Build transit paths, Update transit links with correct ivtt
Tue Apr  9 18:20:48 2024, Build transit paths, Transit skim PF
Tue Apr  9 18:22:39 2024, Build transit paths, Calculate boardings in transfers field
Tue Apr  9 18:22:40 2024, Build transit paths, Build transit paths Loop - OP - Walk - ExpBus -33 of 40
Tue Apr  9 18:22:40 2024, Build transit paths, Build tranist network
Tue Apr  9 18:23:13 2024, Build transit paths, Tranist network settings
Tue Apr  9 18:23:17 2024, Build transit paths, Transit assignment PF
Tue Apr  9 18:23:35 2024, Build transit paths, Fill stop layer with base ivtt
Tue Apr  9 18:23:36 2024, Build transit paths, Update transit links with correct ivtt
Tue Apr  9 18:23:37 2024, Build transit paths, Transit skim PF
Tue Apr  9 18:25:33 2024, Build transit paths, Calculate boardings in transfers field
Tue Apr  9 18:25:34 2024, Build transit paths, Build transit paths Loop - OP - Walk - UrbRail -34 of 40
Tue Apr  9 18:25:34 2024, Build transit paths, Build tranist network
Tue Apr  9 18:26:09 2024, Build transit paths, Tranist network settings
Tue Apr  9 18:26:12 2024, Build transit paths, Transit assignment PF
Tue Apr  9 18:26:32 2024, Build transit paths, Fill stop layer with base ivtt
Tue Apr  9 18:26:32 2024, Build transit paths, Update transit links with correct ivtt
Tue Apr  9 18:26:34 2024, Build transit paths, Transit skim PF
Tue Apr  9 18:28:25 2024, Build transit paths, Calculate boardings in transfers field
Tue Apr  9 18:28:26 2024, Build transit paths, Build transit paths Loop - OP - Walk - ComRail -35 of 40
Tue Apr  9 18:28:26 2024, Build transit paths, Build tranist network
Tue Apr  9 18:29:01 2024, Build transit paths, Tranist network settings
Tue Apr  9 18:29:05 2024, Build transit paths, Transit assignment PF
Tue Apr  9 18:29:23 2024, Build transit paths, Fill stop layer with base ivtt
Tue Apr  9 18:29:25 2024, Build transit paths, Update transit links with correct ivtt
Tue Apr  9 18:29:26 2024, Build transit paths, Transit skim PF
Tue Apr  9 18:31:12 2024, Build transit paths, Calculate boardings in transfers field
Tue Apr  9 18:31:14 2024, Build transit paths, Build transit paths Loop - OP - Drive - Local -36 of 40
Tue Apr  9 18:31:14 2024, Build transit paths, Build tranist network
Tue Apr  9 18:31:42 2024, Build transit paths, Tranist network settings
Tue Apr  9 18:31:50 2024, Build transit paths, Transit assignment PF
Tue Apr  9 18:32:27 2024, Build transit paths, Fill stop layer with base ivtt
Tue Apr  9 18:32:27 2024, Build transit paths, Update transit links with correct ivtt
Tue Apr  9 18:32:29 2024, Build transit paths, Transit skim PF
Tue Apr  9 18:33:50 2024, Build transit paths, Calculate boardings in transfers field
Tue Apr  9 18:33:50 2024, Build transit paths, Build transit paths Loop - OP - Drive - Brt -37 of 40
Tue Apr  9 18:33:50 2024, Build transit paths, Build tranist network
Tue Apr  9 18:34:24 2024, Build transit paths, Tranist network settings
Tue Apr  9 18:34:38 2024, Build transit paths, Transit assignment PF
Tue Apr  9 18:35:27 2024, Build transit paths, Fill stop layer with base ivtt
Tue Apr  9 18:35:27 2024, Build transit paths, Update transit links with correct ivtt
Tue Apr  9 18:35:29 2024, Build transit paths, Transit skim PF
Tue Apr  9 18:36:57 2024, Build transit paths, Calculate boardings in transfers field
Tue Apr  9 18:36:58 2024, Build transit paths, Build transit paths Loop - OP - Drive - ExpBus -38 of 40
Tue Apr  9 18:36:58 2024, Build transit paths, Build tranist network
Tue Apr  9 18:37:32 2024, Build transit paths, Tranist network settings
Tue Apr  9 18:37:44 2024, Build transit paths, Transit assignment PF
Tue Apr  9 18:38:32 2024, Build transit paths, Fill stop layer with base ivtt
Tue Apr  9 18:38:33 2024, Build transit paths, Update transit links with correct ivtt
Tue Apr  9 18:38:35 2024, Build transit paths, Transit skim PF
Tue Apr  9 18:40:08 2024, Build transit paths, Calculate boardings in transfers field
Tue Apr  9 18:40:09 2024, Build transit paths, Build transit paths Loop - OP - Drive - UrbRail -39 of 40
Tue Apr  9 18:40:09 2024, Build transit paths, Build tranist network
Tue Apr  9 18:40:44 2024, Build transit paths, Tranist network settings
Tue Apr  9 18:41:00 2024, Build transit paths, Transit assignment PF
Tue Apr  9 18:41:48 2024, Build transit paths, Fill stop layer with base ivtt
Tue Apr  9 18:41:49 2024, Build transit paths, Update transit links with correct ivtt
Tue Apr  9 18:41:51 2024, Build transit paths, Transit skim PF
Tue Apr  9 18:43:36 2024, Build transit paths, Calculate boardings in transfers field
Tue Apr  9 18:43:36 2024, Build transit paths, Build transit paths Loop - OP - Drive - ComRail -40 of 40
Tue Apr  9 18:43:36 2024, Build transit paths, Build tranist network
Tue Apr  9 18:44:11 2024, Build transit paths, Tranist network settings
Tue Apr  9 18:44:26 2024, Build transit paths, Transit assignment PF
Tue Apr  9 18:45:18 2024, Build transit paths, Fill stop layer with base ivtt
Tue Apr  9 18:45:19 2024, Build transit paths, Update transit links with correct ivtt
Tue Apr  9 18:45:20 2024, Build transit paths, Transit skim PF
Tue Apr  9 18:47:06 2024, Build transit paths, Calculate boardings in transfers field
Tue Apr  9 18:47:07 2024, Process transit skims
Tue Apr  9 19:25:39 2024, Create percent walk for TCMS
Tue Apr  9 20:15:23 2024,  ******************* FINISHED Nashville ABM 2019 - Version 19.1.0 ******************* 
Wed Apr 10 14:37:52 2024,  ******************* STARTED Nashville ABM 2019 - Version 19.1.0 ******************* 
Wed Apr 10 14:37:52 2024, 1.1 Initialization.rsc, Initialization
Wed Apr 10 14:42:03 2024, 1.1 Initialization.rsc, Area Type
Wed Apr 10 14:53:00 2024, 1.1 Initialization.rsc, Capacity and FF Speed
Wed Apr 10 15:23:28 2024, 2.2 TransitSkimming.rsc,   ****** Transit Skimming ****** 
Wed Apr 10 15:23:28 2024, Set transit paramters
Wed Apr 10 15:23:28 2024, Prepare inputs
Wed Apr 10 15:25:38 2024, Build drive connectors
Wed Apr 10 15:30:19 2024, Build transit paths
Wed Apr 10 15:30:19 2024, Build transit paths, Build transit paths Loop - AM - Walk - Local -1 of 40
Wed Apr 10 15:30:19 2024, Build transit paths, Build tranist network
Wed Apr 10 15:30:39 2024, Build transit paths, Tranist network settings
Wed Apr 10 15:30:41 2024, Build transit paths, Transit assignment PF
Wed Apr 10 15:31:00 2024, Build transit paths, Fill stop layer with base ivtt
Wed Apr 10 15:31:00 2024, Build transit paths, Update transit links with correct ivtt
Wed Apr 10 15:31:01 2024, Build transit paths, Transit skim PF
Wed Apr 10 15:32:27 2024, Build transit paths, Calculate boardings in transfers field
Wed Apr 10 15:32:27 2024, Build transit paths, Build transit paths Loop - AM - Walk - Brt -2 of 40
Wed Apr 10 15:32:27 2024, Build transit paths, Build tranist network
Wed Apr 10 15:32:48 2024, Build transit paths, Tranist network settings
Wed Apr 10 15:32:51 2024, Build transit paths, Transit assignment PF
Wed Apr 10 15:33:07 2024, Build transit paths, Fill stop layer with base ivtt
Wed Apr 10 15:33:08 2024, Build transit paths, Update transit links with correct ivtt
Wed Apr 10 15:33:09 2024, Build transit paths, Transit skim PF
Wed Apr 10 15:34:43 2024, Build transit paths, Calculate boardings in transfers field
Wed Apr 10 15:34:43 2024, Build transit paths, Build transit paths Loop - AM - Walk - ExpBus -3 of 40
Wed Apr 10 15:34:43 2024, Build transit paths, Build tranist network
Wed Apr 10 15:35:04 2024, Build transit paths, Tranist network settings
Wed Apr 10 15:35:06 2024, Build transit paths, Transit assignment PF
Wed Apr 10 15:35:25 2024, Build transit paths, Fill stop layer with base ivtt
Wed Apr 10 15:35:25 2024, Build transit paths, Update transit links with correct ivtt
Wed Apr 10 15:35:26 2024, Build transit paths, Transit skim PF
Wed Apr 10 15:36:55 2024, Build transit paths, Calculate boardings in transfers field
Wed Apr 10 15:36:55 2024, Build transit paths, Build transit paths Loop - AM - Walk - UrbRail -4 of 40
Wed Apr 10 15:36:55 2024, Build transit paths, Build tranist network
Wed Apr 10 15:37:16 2024, Build transit paths, Tranist network settings
Wed Apr 10 15:37:18 2024, Build transit paths, Transit assignment PF
Wed Apr 10 15:37:38 2024, Build transit paths, Fill stop layer with base ivtt
Wed Apr 10 15:37:38 2024, Build transit paths, Update transit links with correct ivtt
Wed Apr 10 15:37:39 2024, Build transit paths, Transit skim PF
Wed Apr 10 15:39:08 2024, Build transit paths, Calculate boardings in transfers field
Wed Apr 10 15:39:08 2024, Build transit paths, Build transit paths Loop - AM - Walk - ComRail -5 of 40
Wed Apr 10 15:39:08 2024, Build transit paths, Build tranist network
Wed Apr 10 15:39:29 2024, Build transit paths, Tranist network settings
Wed Apr 10 15:39:32 2024, Build transit paths, Transit assignment PF
Wed Apr 10 15:39:51 2024, Build transit paths, Fill stop layer with base ivtt
Wed Apr 10 15:39:52 2024, Build transit paths, Update transit links with correct ivtt
Wed Apr 10 15:39:53 2024, Build transit paths, Transit skim PF
Wed Apr 10 15:41:27 2024, Build transit paths, Calculate boardings in transfers field
Wed Apr 10 15:41:27 2024, Build transit paths, Build transit paths Loop - AM - Drive - Local -6 of 40
Wed Apr 10 15:41:27 2024, Build transit paths, Build tranist network
Wed Apr 10 15:41:48 2024, Build transit paths, Tranist network settings
Wed Apr 10 15:41:56 2024, Build transit paths, Transit assignment PF
Wed Apr 10 15:42:07 2024, Build transit paths, Fill stop layer with base ivtt
Wed Apr 10 15:42:07 2024, Build transit paths, Update transit links with correct ivtt
Wed Apr 10 15:42:08 2024, Build transit paths, Transit skim PF
Wed Apr 10 15:42:50 2024, Build transit paths, Calculate boardings in transfers field
Wed Apr 10 15:42:50 2024, Build transit paths, Build transit paths Loop - AM - Drive - Brt -7 of 40
Wed Apr 10 15:42:50 2024, Build transit paths, Build tranist network
Wed Apr 10 15:43:11 2024, Build transit paths, Tranist network settings
Wed Apr 10 15:43:16 2024, Build transit paths, Transit assignment PF
Wed Apr 10 15:43:30 2024, Build transit paths, Fill stop layer with base ivtt
Wed Apr 10 15:43:30 2024, Build transit paths, Update transit links with correct ivtt
Wed Apr 10 15:43:31 2024, Build transit paths, Transit skim PF
Wed Apr 10 15:44:14 2024, Build transit paths, Calculate boardings in transfers field
Wed Apr 10 15:44:15 2024, Build transit paths, Build transit paths Loop - AM - Drive - ExpBus -8 of 40
Wed Apr 10 15:44:15 2024, Build transit paths, Build tranist network
Wed Apr 10 15:44:35 2024, Build transit paths, Tranist network settings
Wed Apr 10 15:44:42 2024, Build transit paths, Transit assignment PF
Wed Apr 10 15:44:56 2024, Build transit paths, Fill stop layer with base ivtt
Wed Apr 10 15:44:56 2024, Build transit paths, Update transit links with correct ivtt
Wed Apr 10 15:44:57 2024, Build transit paths, Transit skim PF
Wed Apr 10 15:45:41 2024, Build transit paths, Calculate boardings in transfers field
Wed Apr 10 15:45:42 2024, Build transit paths, Build transit paths Loop - AM - Drive - UrbRail -9 of 40
Wed Apr 10 15:45:42 2024, Build transit paths, Build tranist network
Wed Apr 10 15:46:02 2024, Build transit paths, Tranist network settings
Wed Apr 10 15:46:08 2024, Build transit paths, Transit assignment PF
Wed Apr 10 15:46:20 2024, Build transit paths, Fill stop layer with base ivtt
Wed Apr 10 15:46:21 2024, Build transit paths, Update transit links with correct ivtt
Wed Apr 10 15:46:22 2024, Build transit paths, Transit skim PF
Wed Apr 10 15:47:05 2024, Build transit paths, Calculate boardings in transfers field
Wed Apr 10 15:47:06 2024, Build transit paths, Build transit paths Loop - AM - Drive - ComRail -10 of 40
Wed Apr 10 15:47:06 2024, Build transit paths, Build tranist network
Wed Apr 10 15:47:26 2024, Build transit paths, Tranist network settings
Wed Apr 10 15:47:32 2024, Build transit paths, Transit assignment PF
Wed Apr 10 15:47:46 2024, Build transit paths, Fill stop layer with base ivtt
Wed Apr 10 15:47:47 2024, Build transit paths, Update transit links with correct ivtt
Wed Apr 10 15:47:48 2024, Build transit paths, Transit skim PF
Wed Apr 10 15:48:33 2024, Build transit paths, Calculate boardings in transfers field
Wed Apr 10 15:48:34 2024, Build transit paths, Build transit paths Loop - MD - Walk - Local -11 of 40
Wed Apr 10 15:48:34 2024, Build transit paths, Build tranist network
Wed Apr 10 15:48:54 2024, Build transit paths, Tranist network settings
Wed Apr 10 15:48:56 2024, Build transit paths, Transit assignment PF
Wed Apr 10 15:49:15 2024, Build transit paths, Fill stop layer with base ivtt
Wed Apr 10 15:49:15 2024, Build transit paths, Update transit links with correct ivtt
Wed Apr 10 15:49:17 2024, Build transit paths, Transit skim PF
Wed Apr 10 15:50:45 2024, Build transit paths, Calculate boardings in transfers field
Wed Apr 10 15:50:45 2024, Build transit paths, Build transit paths Loop - MD - Walk - Brt -12 of 40
Wed Apr 10 15:50:45 2024, Build transit paths, Build tranist network
Wed Apr 10 15:51:05 2024, Build transit paths, Tranist network settings
Wed Apr 10 15:51:08 2024, Build transit paths, Transit assignment PF
Wed Apr 10 15:51:26 2024, Build transit paths, Fill stop layer with base ivtt
Wed Apr 10 15:51:27 2024, Build transit paths, Update transit links with correct ivtt
Wed Apr 10 15:51:28 2024, Build transit paths, Transit skim PF
Wed Apr 10 15:52:57 2024, Build transit paths, Calculate boardings in transfers field
Wed Apr 10 15:52:57 2024, Build transit paths, Build transit paths Loop - MD - Walk - ExpBus -13 of 40
Wed Apr 10 15:52:57 2024, Build transit paths, Build tranist network
Wed Apr 10 15:53:17 2024, Build transit paths, Tranist network settings
Wed Apr 10 15:53:19 2024, Build transit paths, Transit assignment PF
Wed Apr 10 15:53:39 2024, Build transit paths, Fill stop layer with base ivtt
Wed Apr 10 15:53:39 2024, Build transit paths, Update transit links with correct ivtt
Wed Apr 10 15:53:40 2024, Build transit paths, Transit skim PF
Wed Apr 10 15:55:08 2024, Build transit paths, Calculate boardings in transfers field
Wed Apr 10 15:55:08 2024, Build transit paths, Build transit paths Loop - MD - Walk - UrbRail -14 of 40
Wed Apr 10 15:55:08 2024, Build transit paths, Build tranist network
Wed Apr 10 15:55:28 2024, Build transit paths, Tranist network settings
Wed Apr 10 15:55:30 2024, Build transit paths, Transit assignment PF
Wed Apr 10 15:55:49 2024, Build transit paths, Fill stop layer with base ivtt
Wed Apr 10 15:55:50 2024, Build transit paths, Update transit links with correct ivtt
Wed Apr 10 15:55:51 2024, Build transit paths, Transit skim PF
Wed Apr 10 15:57:24 2024, Build transit paths, Calculate boardings in transfers field
Wed Apr 10 15:57:26 2024, Build transit paths, Build transit paths Loop - MD - Walk - ComRail -15 of 40
Wed Apr 10 15:57:26 2024, Build transit paths, Build tranist network
Wed Apr 10 15:57:46 2024, Build transit paths, Tranist network settings
Wed Apr 10 15:57:49 2024, Build transit paths, Transit assignment PF
Wed Apr 10 15:58:06 2024, Build transit paths, Fill stop layer with base ivtt
Wed Apr 10 15:58:07 2024, Build transit paths, Update transit links with correct ivtt
Wed Apr 10 15:58:08 2024, Build transit paths, Transit skim PF
Wed Apr 10 15:59:35 2024, Build transit paths, Calculate boardings in transfers field
Wed Apr 10 15:59:35 2024, Build transit paths, Build transit paths Loop - MD - Drive - Local -16 of 40
Wed Apr 10 15:59:35 2024, Build transit paths, Build tranist network
Wed Apr 10 15:59:56 2024, Build transit paths, Tranist network settings
Wed Apr 10 16:00:02 2024, Build transit paths, Transit assignment PF
Wed Apr 10 16:00:14 2024, Build transit paths, Fill stop layer with base ivtt
Wed Apr 10 16:00:15 2024, Build transit paths, Update transit links with correct ivtt
Wed Apr 10 16:00:16 2024, Build transit paths, Transit skim PF
Wed Apr 10 16:00:58 2024, Build transit paths, Calculate boardings in transfers field
Wed Apr 10 16:00:59 2024, Build transit paths, Build transit paths Loop - MD - Drive - Brt -17 of 40
Wed Apr 10 16:00:59 2024, Build transit paths, Build tranist network
Wed Apr 10 16:01:20 2024, Build transit paths, Tranist network settings
Wed Apr 10 16:01:27 2024, Build transit paths, Transit assignment PF
Wed Apr 10 16:01:41 2024, Build transit paths, Fill stop layer with base ivtt
Wed Apr 10 16:01:41 2024, Build transit paths, Update transit links with correct ivtt
Wed Apr 10 16:01:42 2024, Build transit paths, Transit skim PF
Wed Apr 10 16:02:26 2024, Build transit paths, Calculate boardings in transfers field
Wed Apr 10 16:02:27 2024, Build transit paths, Build transit paths Loop - MD - Drive - ExpBus -18 of 40
Wed Apr 10 16:02:27 2024, Build transit paths, Build tranist network
Wed Apr 10 16:02:47 2024, Build transit paths, Tranist network settings
Wed Apr 10 16:02:54 2024, Build transit paths, Transit assignment PF
Wed Apr 10 16:03:05 2024, Build transit paths, Fill stop layer with base ivtt
Wed Apr 10 16:03:06 2024, Build transit paths, Update transit links with correct ivtt
Wed Apr 10 16:03:07 2024, Build transit paths, Transit skim PF
Wed Apr 10 16:03:49 2024, Build transit paths, Calculate boardings in transfers field
Wed Apr 10 16:03:49 2024, Build transit paths, Build transit paths Loop - MD - Drive - UrbRail -19 of 40
Wed Apr 10 16:03:49 2024, Build transit paths, Build tranist network
Wed Apr 10 16:04:10 2024, Build transit paths, Tranist network settings
Wed Apr 10 16:04:15 2024, Build transit paths, Transit assignment PF
Wed Apr 10 16:04:29 2024, Build transit paths, Fill stop layer with base ivtt
Wed Apr 10 16:04:29 2024, Build transit paths, Update transit links with correct ivtt
Wed Apr 10 16:04:30 2024, Build transit paths, Transit skim PF
Wed Apr 10 16:05:14 2024, Build transit paths, Calculate boardings in transfers field
Wed Apr 10 16:05:14 2024, Build transit paths, Build transit paths Loop - MD - Drive - ComRail -20 of 40
Wed Apr 10 16:05:14 2024, Build transit paths, Build tranist network
Wed Apr 10 16:05:35 2024, Build transit paths, Tranist network settings
Wed Apr 10 16:05:41 2024, Build transit paths, Transit assignment PF
Wed Apr 10 16:05:53 2024, Build transit paths, Fill stop layer with base ivtt
Wed Apr 10 16:05:54 2024, Build transit paths, Update transit links with correct ivtt
Wed Apr 10 16:05:55 2024, Build transit paths, Transit skim PF
Wed Apr 10 16:06:38 2024, Build transit paths, Calculate boardings in transfers field
Wed Apr 10 16:06:39 2024, Build transit paths, Build transit paths Loop - PM - Walk - Local -21 of 40
Wed Apr 10 16:06:39 2024, Build transit paths, Build tranist network
Wed Apr 10 16:06:59 2024, Build transit paths, Tranist network settings
Wed Apr 10 16:07:01 2024, Build transit paths, Transit assignment PF
Wed Apr 10 16:07:19 2024, Build transit paths, Fill stop layer with base ivtt
Wed Apr 10 16:07:19 2024, Build transit paths, Update transit links with correct ivtt
Wed Apr 10 16:07:20 2024, Build transit paths, Transit skim PF
Wed Apr 10 16:08:47 2024, Build transit paths, Calculate boardings in transfers field
Wed Apr 10 16:08:47 2024, Build transit paths, Build transit paths Loop - PM - Walk - Brt -22 of 40
Wed Apr 10 16:08:47 2024, Build transit paths, Build tranist network
Wed Apr 10 16:09:08 2024, Build transit paths, Tranist network settings
Wed Apr 10 16:09:11 2024, Build transit paths, Transit assignment PF
Wed Apr 10 16:09:30 2024, Build transit paths, Fill stop layer with base ivtt
Wed Apr 10 16:09:30 2024, Build transit paths, Update transit links with correct ivtt
Wed Apr 10 16:09:31 2024, Build transit paths, Transit skim PF
Wed Apr 10 16:11:01 2024, Build transit paths, Calculate boardings in transfers field
Wed Apr 10 16:11:02 2024, Build transit paths, Build transit paths Loop - PM - Walk - ExpBus -23 of 40
Wed Apr 10 16:11:02 2024, Build transit paths, Build tranist network
Wed Apr 10 16:11:23 2024, Build transit paths, Tranist network settings
Wed Apr 10 16:11:25 2024, Build transit paths, Transit assignment PF
Wed Apr 10 16:11:45 2024, Build transit paths, Fill stop layer with base ivtt
Wed Apr 10 16:11:45 2024, Build transit paths, Update transit links with correct ivtt
Wed Apr 10 16:11:46 2024, Build transit paths, Transit skim PF
Wed Apr 10 16:13:16 2024, Build transit paths, Calculate boardings in transfers field
Wed Apr 10 16:13:16 2024, Build transit paths, Build transit paths Loop - PM - Walk - UrbRail -24 of 40
Wed Apr 10 16:13:16 2024, Build transit paths, Build tranist network
Wed Apr 10 16:13:37 2024, Build transit paths, Tranist network settings
Wed Apr 10 16:13:39 2024, Build transit paths, Transit assignment PF
Wed Apr 10 16:13:58 2024, Build transit paths, Fill stop layer with base ivtt
Wed Apr 10 16:13:59 2024, Build transit paths, Update transit links with correct ivtt
Wed Apr 10 16:14:00 2024, Build transit paths, Transit skim PF
Wed Apr 10 16:15:33 2024, Build transit paths, Calculate boardings in transfers field
Wed Apr 10 16:15:34 2024, Build transit paths, Build transit paths Loop - PM - Walk - ComRail -25 of 40
Wed Apr 10 16:15:34 2024, Build transit paths, Build tranist network
Wed Apr 10 16:15:55 2024, Build transit paths, Tranist network settings
Wed Apr 10 16:15:58 2024, Build transit paths, Transit assignment PF
Wed Apr 10 16:16:16 2024, Build transit paths, Fill stop layer with base ivtt
Wed Apr 10 16:16:17 2024, Build transit paths, Update transit links with correct ivtt
Wed Apr 10 16:16:18 2024, Build transit paths, Transit skim PF
Wed Apr 10 16:17:48 2024, Build transit paths, Calculate boardings in transfers field
Wed Apr 10 16:17:48 2024, Build transit paths, Build transit paths Loop - PM - Drive - Local -26 of 40
Wed Apr 10 16:17:48 2024, Build transit paths, Build tranist network
Wed Apr 10 16:18:09 2024, Build transit paths, Tranist network settings
Wed Apr 10 16:18:14 2024, Build transit paths, Transit assignment PF
Wed Apr 10 16:18:45 2024, Build transit paths, Fill stop layer with base ivtt
Wed Apr 10 16:18:46 2024, Build transit paths, Update transit links with correct ivtt
Wed Apr 10 16:18:47 2024, Build transit paths, Transit skim PF
Wed Apr 10 16:19:50 2024, Build transit paths, Calculate boardings in transfers field
Wed Apr 10 16:19:50 2024, Build transit paths, Build transit paths Loop - PM - Drive - Brt -27 of 40
Wed Apr 10 16:19:50 2024, Build transit paths, Build tranist network
Wed Apr 10 16:20:10 2024, Build transit paths, Tranist network settings
Wed Apr 10 16:20:16 2024, Build transit paths, Transit assignment PF
Wed Apr 10 16:20:47 2024, Build transit paths, Fill stop layer with base ivtt
Wed Apr 10 16:20:48 2024, Build transit paths, Update transit links with correct ivtt
Wed Apr 10 16:20:49 2024, Build transit paths, Transit skim PF
Wed Apr 10 16:21:51 2024, Build transit paths, Calculate boardings in transfers field
Wed Apr 10 16:21:51 2024, Build transit paths, Build transit paths Loop - PM - Drive - ExpBus -28 of 40
Wed Apr 10 16:21:51 2024, Build transit paths, Build tranist network
Wed Apr 10 16:22:12 2024, Build transit paths, Tranist network settings
Wed Apr 10 16:22:19 2024, Build transit paths, Transit assignment PF
Wed Apr 10 16:22:51 2024, Build transit paths, Fill stop layer with base ivtt
Wed Apr 10 16:22:51 2024, Build transit paths, Update transit links with correct ivtt
Wed Apr 10 16:22:52 2024, Build transit paths, Transit skim PF
Wed Apr 10 16:24:05 2024, Build transit paths, Calculate boardings in transfers field
Wed Apr 10 16:24:05 2024, Build transit paths, Build transit paths Loop - PM - Drive - UrbRail -29 of 40
Wed Apr 10 16:24:05 2024, Build transit paths, Build tranist network
Wed Apr 10 16:24:26 2024, Build transit paths, Tranist network settings
Wed Apr 10 16:24:32 2024, Build transit paths, Transit assignment PF
Wed Apr 10 16:25:05 2024, Build transit paths, Fill stop layer with base ivtt
Wed Apr 10 16:25:06 2024, Build transit paths, Update transit links with correct ivtt
Wed Apr 10 16:25:07 2024, Build transit paths, Transit skim PF
Wed Apr 10 16:26:23 2024, Build transit paths, Calculate boardings in transfers field
Wed Apr 10 16:26:23 2024, Build transit paths, Build transit paths Loop - PM - Drive - ComRail -30 of 40
Wed Apr 10 16:26:23 2024, Build transit paths, Build tranist network
Wed Apr 10 16:26:44 2024, Build transit paths, Tranist network settings
Wed Apr 10 16:26:50 2024, Build transit paths, Transit assignment PF
Wed Apr 10 16:27:23 2024, Build transit paths, Fill stop layer with base ivtt
Wed Apr 10 16:27:24 2024, Build transit paths, Update transit links with correct ivtt
Wed Apr 10 16:27:25 2024, Build transit paths, Transit skim PF
Wed Apr 10 16:28:42 2024, Build transit paths, Calculate boardings in transfers field
Wed Apr 10 16:28:42 2024, Build transit paths, Build transit paths Loop - OP - Walk - Local -31 of 40
Wed Apr 10 16:28:42 2024, Build transit paths, Build tranist network
Wed Apr 10 16:29:02 2024, Build transit paths, Tranist network settings
Wed Apr 10 16:29:04 2024, Build transit paths, Transit assignment PF
Wed Apr 10 16:29:22 2024, Build transit paths, Fill stop layer with base ivtt
Wed Apr 10 16:29:23 2024, Build transit paths, Update transit links with correct ivtt
Wed Apr 10 16:29:24 2024, Build transit paths, Transit skim PF
Wed Apr 10 16:30:54 2024, Build transit paths, Calculate boardings in transfers field
Wed Apr 10 16:30:54 2024, Build transit paths, Build transit paths Loop - OP - Walk - Brt -32 of 40
Wed Apr 10 16:30:54 2024, Build transit paths, Build tranist network
Wed Apr 10 16:31:14 2024, Build transit paths, Tranist network settings
Wed Apr 10 16:31:16 2024, Build transit paths, Transit assignment PF
Wed Apr 10 16:31:33 2024, Build transit paths, Fill stop layer with base ivtt
Wed Apr 10 16:31:33 2024, Build transit paths, Update transit links with correct ivtt
Wed Apr 10 16:31:34 2024, Build transit paths, Transit skim PF
Wed Apr 10 16:33:00 2024, Build transit paths, Calculate boardings in transfers field
Wed Apr 10 16:33:01 2024, Build transit paths, Build transit paths Loop - OP - Walk - ExpBus -33 of 40
Wed Apr 10 16:33:01 2024, Build transit paths, Build tranist network
Wed Apr 10 16:33:21 2024, Build transit paths, Tranist network settings
Wed Apr 10 16:33:24 2024, Build transit paths, Transit assignment PF
Wed Apr 10 16:33:40 2024, Build transit paths, Fill stop layer with base ivtt
Wed Apr 10 16:33:40 2024, Build transit paths, Update transit links with correct ivtt
Wed Apr 10 16:33:41 2024, Build transit paths, Transit skim PF
Wed Apr 10 16:35:14 2024, Build transit paths, Calculate boardings in transfers field
Wed Apr 10 16:35:14 2024, Build transit paths, Build transit paths Loop - OP - Walk - UrbRail -34 of 40
Wed Apr 10 16:35:14 2024, Build transit paths, Build tranist network
Wed Apr 10 16:35:34 2024, Build transit paths, Tranist network settings
Wed Apr 10 16:35:36 2024, Build transit paths, Transit assignment PF
Wed Apr 10 16:35:55 2024, Build transit paths, Fill stop layer with base ivtt
Wed Apr 10 16:35:56 2024, Build transit paths, Update transit links with correct ivtt
Wed Apr 10 16:35:57 2024, Build transit paths, Transit skim PF
Wed Apr 10 16:37:31 2024, Build transit paths, Calculate boardings in transfers field
Wed Apr 10 16:37:31 2024, Build transit paths, Build transit paths Loop - OP - Walk - ComRail -35 of 40
Wed Apr 10 16:37:31 2024, Build transit paths, Build tranist network
Wed Apr 10 16:37:51 2024, Build transit paths, Tranist network settings
Wed Apr 10 16:37:53 2024, Build transit paths, Transit assignment PF
Wed Apr 10 16:38:12 2024, Build transit paths, Fill stop layer with base ivtt
Wed Apr 10 16:38:12 2024, Build transit paths, Update transit links with correct ivtt
Wed Apr 10 16:38:14 2024, Build transit paths, Transit skim PF
Wed Apr 10 16:39:40 2024, Build transit paths, Calculate boardings in transfers field
Wed Apr 10 16:39:41 2024, Build transit paths, Build transit paths Loop - OP - Drive - Local -36 of 40
Wed Apr 10 16:39:41 2024, Build transit paths, Build tranist network
Wed Apr 10 16:40:01 2024, Build transit paths, Tranist network settings
Wed Apr 10 16:40:08 2024, Build transit paths, Transit assignment PF
Wed Apr 10 16:40:38 2024, Build transit paths, Fill stop layer with base ivtt
Wed Apr 10 16:40:38 2024, Build transit paths, Update transit links with correct ivtt
Wed Apr 10 16:40:39 2024, Build transit paths, Transit skim PF
Wed Apr 10 16:41:42 2024, Build transit paths, Calculate boardings in transfers field
Wed Apr 10 16:41:43 2024, Build transit paths, Build transit paths Loop - OP - Drive - Brt -37 of 40
Wed Apr 10 16:41:43 2024, Build transit paths, Build tranist network
Wed Apr 10 16:42:03 2024, Build transit paths, Tranist network settings
Wed Apr 10 16:42:10 2024, Build transit paths, Transit assignment PF
Wed Apr 10 16:42:40 2024, Build transit paths, Fill stop layer with base ivtt
Wed Apr 10 16:42:41 2024, Build transit paths, Update transit links with correct ivtt
Wed Apr 10 16:42:42 2024, Build transit paths, Transit skim PF
Wed Apr 10 16:43:48 2024, Build transit paths, Calculate boardings in transfers field
Wed Apr 10 16:43:48 2024, Build transit paths, Build transit paths Loop - OP - Drive - ExpBus -38 of 40
Wed Apr 10 16:43:48 2024, Build transit paths, Build tranist network
Wed Apr 10 16:44:09 2024, Build transit paths, Tranist network settings
Wed Apr 10 16:44:15 2024, Build transit paths, Transit assignment PF
Wed Apr 10 16:44:46 2024, Build transit paths, Fill stop layer with base ivtt
Wed Apr 10 16:44:47 2024, Build transit paths, Update transit links with correct ivtt
Wed Apr 10 16:44:48 2024, Build transit paths, Transit skim PF
Wed Apr 10 16:45:56 2024, Build transit paths, Calculate boardings in transfers field
Wed Apr 10 16:45:57 2024, Build transit paths, Build transit paths Loop - OP - Drive - UrbRail -39 of 40
Wed Apr 10 16:45:57 2024, Build transit paths, Build tranist network
Wed Apr 10 16:46:17 2024, Build transit paths, Tranist network settings
Wed Apr 10 16:46:24 2024, Build transit paths, Transit assignment PF
Wed Apr 10 16:46:54 2024, Build transit paths, Fill stop layer with base ivtt
Wed Apr 10 16:46:54 2024, Build transit paths, Update transit links with correct ivtt
Wed Apr 10 16:46:55 2024, Build transit paths, Transit skim PF
Wed Apr 10 16:48:03 2024, Build transit paths, Calculate boardings in transfers field
Wed Apr 10 16:48:04 2024, Build transit paths, Build transit paths Loop - OP - Drive - ComRail -40 of 40
Wed Apr 10 16:48:04 2024, Build transit paths, Build tranist network
Wed Apr 10 16:48:24 2024, Build transit paths, Tranist network settings
Wed Apr 10 16:48:29 2024, Build transit paths, Transit assignment PF
Wed Apr 10 16:49:01 2024, Build transit paths, Fill stop layer with base ivtt
Wed Apr 10 16:49:01 2024, Build transit paths, Update transit links with correct ivtt
Wed Apr 10 16:49:03 2024, Build transit paths, Transit skim PF
Wed Apr 10 16:50:09 2024, Build transit paths, Calculate boardings in transfers field
Wed Apr 10 16:50:09 2024, Process transit skims
Wed Apr 10 17:21:09 2024, Create percent walk for TCMS
Wed Apr 10 17:23:21 2024, 4 InternalTruckModel.rsc, Run Internal Truck and Commercial Vehicle Model
Wed Apr 10 17:23:21 2024, Aggregate LandUse
Wed Apr 10 17:23:40 2024, Calculate Accessibilities
Wed Apr 10 19:20:47 2024,  ******************* FINISHED Nashville ABM 2019 - Version 19.1.0 ******************* 
Wed Apr 10 19:23:58 2024,  ******************* STARTED Nashville ABM 2019 - Version 19.1.0 ******************* 
Wed Apr 10 19:23:59 2024, 4 InternalTruckModel.rsc, Run Internal Truck and Commercial Vehicle Model
Wed Apr 10 19:23:59 2024, Aggregate LandUse
Wed Apr 10 19:24:05 2024, Calculate Accessibilities
Wed Apr 10 19:24:11 2024,  ******************* FINISHED Nashville ABM 2019 - Version 19.1.0 ******************* 
Wed Apr 10 20:51:30 2024,  ******************* STARTED Nashville ABM 2019 - Version 19.1.0 ******************* 
Wed Apr 10 20:51:30 2024, 1.1 Initialization.rsc, Initialization
Wed Apr 10 20:54:59 2024, 1.1 Initialization.rsc, Area Type
Wed Apr 10 21:04:05 2024, 1.1 Initialization.rsc, Capacity and FF Speed
Wed Apr 10 21:33:26 2024, 2.1 HwySkimming.rsc,   ****** Highway Skimming ****** 
Wed Apr 10 21:33:26 2024, Build highway network
Wed Apr 10 21:33:33 2024, Shortest path using length
Wed Apr 10 21:33:36 2024, Terminal time
Wed Apr 10 21:33:41 2024, Build HOV skims
Wed Apr 10 21:34:42 2024, Build SOV skims
Wed Apr 10 21:35:52 2024, 2.1 HwySkimming.rsc, Finished Highway Skimming
Wed Apr 10 21:35:52 2024, 2.2 TransitSkimming.rsc,   ****** Transit Skimming ****** 
Wed Apr 10 21:35:52 2024, Set transit paramters
Wed Apr 10 21:35:52 2024, Prepare inputs
Wed Apr 10 21:37:49 2024, Build drive connectors
Wed Apr 10 21:42:24 2024, Build transit paths
Wed Apr 10 21:42:24 2024, Build transit paths, Build transit paths Loop - AM - Walk - Local -1 of 40
Wed Apr 10 21:42:24 2024, Build transit paths, Build tranist network
Wed Apr 10 21:42:44 2024, Build transit paths, Tranist network settings
Wed Apr 10 21:42:46 2024, Build transit paths, Transit assignment PF
Wed Apr 10 21:43:03 2024, Build transit paths, Fill stop layer with base ivtt
Wed Apr 10 21:43:04 2024, Build transit paths, Update transit links with correct ivtt
Wed Apr 10 21:43:05 2024, Build transit paths, Transit skim PF
Wed Apr 10 21:44:29 2024, Build transit paths, Calculate boardings in transfers field
Wed Apr 10 21:44:29 2024, Build transit paths, Build transit paths Loop - AM - Walk - Brt -2 of 40
Wed Apr 10 21:44:29 2024, Build transit paths, Build tranist network
Wed Apr 10 21:44:49 2024, Build transit paths, Tranist network settings
Wed Apr 10 21:44:52 2024, Build transit paths, Transit assignment PF
Wed Apr 10 21:45:09 2024, Build transit paths, Fill stop layer with base ivtt
Wed Apr 10 21:45:10 2024, Build transit paths, Update transit links with correct ivtt
Wed Apr 10 21:45:11 2024, Build transit paths, Transit skim PF
Wed Apr 10 21:46:35 2024, Build transit paths, Calculate boardings in transfers field
Wed Apr 10 21:46:36 2024, Build transit paths, Build transit paths Loop - AM - Walk - ExpBus -3 of 40
Wed Apr 10 21:46:36 2024, Build transit paths, Build tranist network
Wed Apr 10 21:46:55 2024, Build transit paths, Tranist network settings
Wed Apr 10 21:46:57 2024, Build transit paths, Transit assignment PF
Wed Apr 10 21:47:16 2024, Build transit paths, Fill stop layer with base ivtt
Wed Apr 10 21:47:16 2024, Build transit paths, Update transit links with correct ivtt
Wed Apr 10 21:47:17 2024, Build transit paths, Transit skim PF
Wed Apr 10 21:48:43 2024, Build transit paths, Calculate boardings in transfers field
Wed Apr 10 21:48:43 2024, Build transit paths, Build transit paths Loop - AM - Walk - UrbRail -4 of 40
Wed Apr 10 21:48:43 2024, Build transit paths, Build tranist network
Wed Apr 10 21:49:03 2024, Build transit paths, Tranist network settings
Wed Apr 10 21:49:05 2024, Build transit paths, Transit assignment PF
Wed Apr 10 21:49:24 2024, Build transit paths, Fill stop layer with base ivtt
Wed Apr 10 21:49:25 2024, Build transit paths, Update transit links with correct ivtt
Wed Apr 10 21:49:26 2024, Build transit paths, Transit skim PF
Wed Apr 10 21:50:52 2024, Build transit paths, Calculate boardings in transfers field
Wed Apr 10 21:50:52 2024, Build transit paths, Build transit paths Loop - AM - Walk - ComRail -5 of 40
Wed Apr 10 21:50:52 2024, Build transit paths, Build tranist network
Wed Apr 10 21:51:13 2024, Build transit paths, Tranist network settings
Wed Apr 10 21:51:16 2024, Build transit paths, Transit assignment PF
Wed Apr 10 21:51:34 2024, Build transit paths, Fill stop layer with base ivtt
Wed Apr 10 21:51:35 2024, Build transit paths, Update transit links with correct ivtt
Wed Apr 10 21:51:36 2024, Build transit paths, Transit skim PF
Wed Apr 10 21:53:04 2024, Build transit paths, Calculate boardings in transfers field
Wed Apr 10 21:53:04 2024, Build transit paths, Build transit paths Loop - AM - Drive - Local -6 of 40
Wed Apr 10 21:53:04 2024, Build transit paths, Build tranist network
Wed Apr 10 21:53:23 2024, Build transit paths, Tranist network settings
Wed Apr 10 21:53:29 2024, Build transit paths, Transit assignment PF
Wed Apr 10 21:53:40 2024, Build transit paths, Fill stop layer with base ivtt
Wed Apr 10 21:53:40 2024, Build transit paths, Update transit links with correct ivtt
Wed Apr 10 21:53:41 2024, Build transit paths, Transit skim PF
Wed Apr 10 21:54:22 2024, Build transit paths, Calculate boardings in transfers field
Wed Apr 10 21:54:23 2024, Build transit paths, Build transit paths Loop - AM - Drive - Brt -7 of 40
Wed Apr 10 21:54:23 2024, Build transit paths, Build tranist network
Wed Apr 10 21:54:43 2024, Build transit paths, Tranist network settings
Wed Apr 10 21:54:48 2024, Build transit paths, Transit assignment PF
Wed Apr 10 21:55:01 2024, Build transit paths, Fill stop layer with base ivtt
Wed Apr 10 21:55:02 2024, Build transit paths, Update transit links with correct ivtt
Wed Apr 10 21:55:03 2024, Build transit paths, Transit skim PF
Wed Apr 10 21:55:44 2024, Build transit paths, Calculate boardings in transfers field
Wed Apr 10 21:55:44 2024, Build transit paths, Build transit paths Loop - AM - Drive - ExpBus -8 of 40
Wed Apr 10 21:55:44 2024, Build transit paths, Build tranist network
Wed Apr 10 21:56:04 2024, Build transit paths, Tranist network settings
Wed Apr 10 21:56:10 2024, Build transit paths, Transit assignment PF
Wed Apr 10 21:56:23 2024, Build transit paths, Fill stop layer with base ivtt
Wed Apr 10 21:56:24 2024, Build transit paths, Update transit links with correct ivtt
Wed Apr 10 21:56:25 2024, Build transit paths, Transit skim PF
Wed Apr 10 21:57:08 2024, Build transit paths, Calculate boardings in transfers field
Wed Apr 10 21:57:08 2024, Build transit paths, Build transit paths Loop - AM - Drive - UrbRail -9 of 40
Wed Apr 10 21:57:08 2024, Build transit paths, Build tranist network
Wed Apr 10 21:57:29 2024, Build transit paths, Tranist network settings
Wed Apr 10 21:57:34 2024, Build transit paths, Transit assignment PF
Wed Apr 10 21:57:46 2024, Build transit paths, Fill stop layer with base ivtt
Wed Apr 10 21:57:47 2024, Build transit paths, Update transit links with correct ivtt
Wed Apr 10 21:57:48 2024, Build transit paths, Transit skim PF
Wed Apr 10 21:58:31 2024, Build transit paths, Calculate boardings in transfers field
Wed Apr 10 21:58:31 2024, Build transit paths, Build transit paths Loop - AM - Drive - ComRail -10 of 40
Wed Apr 10 21:58:31 2024, Build transit paths, Build tranist network
Wed Apr 10 21:58:51 2024, Build transit paths, Tranist network settings
Wed Apr 10 21:58:57 2024, Build transit paths, Transit assignment PF
Wed Apr 10 21:59:11 2024, Build transit paths, Fill stop layer with base ivtt
Wed Apr 10 21:59:11 2024, Build transit paths, Update transit links with correct ivtt
Wed Apr 10 21:59:12 2024, Build transit paths, Transit skim PF
Wed Apr 10 21:59:55 2024, Build transit paths, Calculate boardings in transfers field
Wed Apr 10 21:59:55 2024, Build transit paths, Build transit paths Loop - MD - Walk - Local -11 of 40
Wed Apr 10 21:59:55 2024, Build transit paths, Build tranist network
Wed Apr 10 22:00:16 2024, Build transit paths, Tranist network settings
Wed Apr 10 22:00:17 2024, Build transit paths, Transit assignment PF
Wed Apr 10 22:00:36 2024, Build transit paths, Fill stop layer with base ivtt
Wed Apr 10 22:00:37 2024, Build transit paths, Update transit links with correct ivtt
Wed Apr 10 22:00:38 2024, Build transit paths, Transit skim PF
Wed Apr 10 22:02:03 2024, Build transit paths, Calculate boardings in transfers field
Wed Apr 10 22:02:04 2024, Build transit paths, Build transit paths Loop - MD - Walk - Brt -12 of 40
Wed Apr 10 22:02:04 2024, Build transit paths, Build tranist network
Wed Apr 10 22:02:24 2024, Build transit paths, Tranist network settings
Wed Apr 10 22:02:27 2024, Build transit paths, Transit assignment PF
Wed Apr 10 22:02:44 2024, Build transit paths, Fill stop layer with base ivtt
Wed Apr 10 22:02:45 2024, Build transit paths, Update transit links with correct ivtt
Wed Apr 10 22:02:46 2024, Build transit paths, Transit skim PF
Wed Apr 10 22:04:11 2024, Build transit paths, Calculate boardings in transfers field
Wed Apr 10 22:04:11 2024, Build transit paths, Build transit paths Loop - MD - Walk - ExpBus -13 of 40
Wed Apr 10 22:04:11 2024, Build transit paths, Build tranist network
Wed Apr 10 22:04:31 2024, Build transit paths, Tranist network settings
Wed Apr 10 22:04:33 2024, Build transit paths, Transit assignment PF
Wed Apr 10 22:04:51 2024, Build transit paths, Fill stop layer with base ivtt
Wed Apr 10 22:04:51 2024, Build transit paths, Update transit links with correct ivtt
Wed Apr 10 22:04:52 2024, Build transit paths, Transit skim PF
Wed Apr 10 22:06:18 2024, Build transit paths, Calculate boardings in transfers field
Wed Apr 10 22:06:18 2024, Build transit paths, Build transit paths Loop - MD - Walk - UrbRail -14 of 40
Wed Apr 10 22:06:18 2024, Build transit paths, Build tranist network
Wed Apr 10 22:06:38 2024, Build transit paths, Tranist network settings
Wed Apr 10 22:06:40 2024, Build transit paths, Transit assignment PF
Wed Apr 10 22:06:59 2024, Build transit paths, Fill stop layer with base ivtt
Wed Apr 10 22:07:00 2024, Build transit paths, Update transit links with correct ivtt
Wed Apr 10 22:07:01 2024, Build transit paths, Transit skim PF
Wed Apr 10 22:08:30 2024, Build transit paths, Calculate boardings in transfers field
Wed Apr 10 22:08:31 2024, Build transit paths, Build transit paths Loop - MD - Walk - ComRail -15 of 40
Wed Apr 10 22:08:31 2024, Build transit paths, Build tranist network
Wed Apr 10 22:08:51 2024, Build transit paths, Tranist network settings
Wed Apr 10 22:08:54 2024, Build transit paths, Transit assignment PF
Wed Apr 10 22:09:11 2024, Build transit paths, Fill stop layer with base ivtt
Wed Apr 10 22:09:12 2024, Build transit paths, Update transit links with correct ivtt
Wed Apr 10 22:09:13 2024, Build transit paths, Transit skim PF
Wed Apr 10 22:10:43 2024, Build transit paths, Calculate boardings in transfers field
Wed Apr 10 22:10:43 2024, Build transit paths, Build transit paths Loop - MD - Drive - Local -16 of 40
Wed Apr 10 22:10:43 2024, Build transit paths, Build tranist network
Wed Apr 10 22:11:02 2024, Build transit paths, Tranist network settings
Wed Apr 10 22:11:08 2024, Build transit paths, Transit assignment PF
Wed Apr 10 22:11:20 2024, Build transit paths, Fill stop layer with base ivtt
Wed Apr 10 22:11:20 2024, Build transit paths, Update transit links with correct ivtt
Wed Apr 10 22:11:21 2024, Build transit paths, Transit skim PF
Wed Apr 10 22:12:03 2024, Build transit paths, Calculate boardings in transfers field
Wed Apr 10 22:12:04 2024, Build transit paths, Build transit paths Loop - MD - Drive - Brt -17 of 40
Wed Apr 10 22:12:04 2024, Build transit paths, Build tranist network
Wed Apr 10 22:12:24 2024, Build transit paths, Tranist network settings
Wed Apr 10 22:12:29 2024, Build transit paths, Transit assignment PF
Wed Apr 10 22:12:43 2024, Build transit paths, Fill stop layer with base ivtt
Wed Apr 10 22:12:43 2024, Build transit paths, Update transit links with correct ivtt
Wed Apr 10 22:12:44 2024, Build transit paths, Transit skim PF
Wed Apr 10 22:13:26 2024, Build transit paths, Calculate boardings in transfers field
Wed Apr 10 22:13:27 2024, Build transit paths, Build transit paths Loop - MD - Drive - ExpBus -18 of 40
Wed Apr 10 22:13:27 2024, Build transit paths, Build tranist network
Wed Apr 10 22:13:46 2024, Build transit paths, Tranist network settings
Wed Apr 10 22:13:53 2024, Build transit paths, Transit assignment PF
Wed Apr 10 22:14:05 2024, Build transit paths, Fill stop layer with base ivtt
Wed Apr 10 22:14:06 2024, Build transit paths, Update transit links with correct ivtt
Wed Apr 10 22:14:07 2024, Build transit paths, Transit skim PF
Wed Apr 10 22:14:49 2024, Build transit paths, Calculate boardings in transfers field
Wed Apr 10 22:14:49 2024, Build transit paths, Build transit paths Loop - MD - Drive - UrbRail -19 of 40
Wed Apr 10 22:14:49 2024, Build transit paths, Build tranist network
Wed Apr 10 22:15:09 2024, Build transit paths, Tranist network settings
Wed Apr 10 22:15:15 2024, Build transit paths, Transit assignment PF
Wed Apr 10 22:15:29 2024, Build transit paths, Fill stop layer with base ivtt
Wed Apr 10 22:15:29 2024, Build transit paths, Update transit links with correct ivtt
Wed Apr 10 22:15:30 2024, Build transit paths, Transit skim PF
Wed Apr 10 22:16:11 2024, Build transit paths, Calculate boardings in transfers field
Wed Apr 10 22:16:12 2024, Build transit paths, Build transit paths Loop - MD - Drive - ComRail -20 of 40
Wed Apr 10 22:16:12 2024, Build transit paths, Build tranist network
Wed Apr 10 22:16:32 2024, Build transit paths, Tranist network settings
Wed Apr 10 22:16:37 2024, Build transit paths, Transit assignment PF
Wed Apr 10 22:16:50 2024, Build transit paths, Fill stop layer with base ivtt
Wed Apr 10 22:16:51 2024, Build transit paths, Update transit links with correct ivtt
Wed Apr 10 22:16:52 2024, Build transit paths, Transit skim PF
Wed Apr 10 22:17:35 2024, Build transit paths, Calculate boardings in transfers field
Wed Apr 10 22:17:36 2024, Build transit paths, Build transit paths Loop - PM - Walk - Local -21 of 40
Wed Apr 10 22:17:36 2024, Build transit paths, Build tranist network
Wed Apr 10 22:17:56 2024, Build transit paths, Tranist network settings
Wed Apr 10 22:17:58 2024, Build transit paths, Transit assignment PF
Wed Apr 10 22:18:19 2024, Build transit paths, Fill stop layer with base ivtt
Wed Apr 10 22:18:19 2024, Build transit paths, Update transit links with correct ivtt
Wed Apr 10 22:18:20 2024, Build transit paths, Transit skim PF
Wed Apr 10 22:19:48 2024, Build transit paths, Calculate boardings in transfers field
Wed Apr 10 22:19:48 2024, Build transit paths, Build transit paths Loop - PM - Walk - Brt -22 of 40
Wed Apr 10 22:19:48 2024, Build transit paths, Build tranist network
Wed Apr 10 22:20:08 2024, Build transit paths, Tranist network settings
Wed Apr 10 22:20:11 2024, Build transit paths, Transit assignment PF
Wed Apr 10 22:20:30 2024, Build transit paths, Fill stop layer with base ivtt
Wed Apr 10 22:20:31 2024, Build transit paths, Update transit links with correct ivtt
Wed Apr 10 22:20:32 2024, Build transit paths, Transit skim PF
Wed Apr 10 22:22:03 2024, Build transit paths, Calculate boardings in transfers field
Wed Apr 10 22:22:03 2024, Build transit paths, Build transit paths Loop - PM - Walk - ExpBus -23 of 40
Wed Apr 10 22:22:03 2024, Build transit paths, Build tranist network
Wed Apr 10 22:22:23 2024, Build transit paths, Tranist network settings
Wed Apr 10 22:22:25 2024, Build transit paths, Transit assignment PF
Wed Apr 10 22:22:48 2024, Build transit paths, Fill stop layer with base ivtt
Wed Apr 10 22:22:48 2024, Build transit paths, Update transit links with correct ivtt
Wed Apr 10 22:22:49 2024, Build transit paths, Transit skim PF
Wed Apr 10 22:24:22 2024, Build transit paths, Calculate boardings in transfers field
Wed Apr 10 22:24:23 2024, Build transit paths, Build transit paths Loop - PM - Walk - UrbRail -24 of 40
Wed Apr 10 22:24:23 2024, Build transit paths, Build tranist network
Wed Apr 10 22:24:43 2024, Build transit paths, Tranist network settings
Wed Apr 10 22:24:44 2024, Build transit paths, Transit assignment PF
Wed Apr 10 22:25:07 2024, Build transit paths, Fill stop layer with base ivtt
Wed Apr 10 22:25:08 2024, Build transit paths, Update transit links with correct ivtt
Wed Apr 10 22:25:09 2024, Build transit paths, Transit skim PF
Wed Apr 10 22:26:40 2024, Build transit paths, Calculate boardings in transfers field
Wed Apr 10 22:26:41 2024, Build transit paths, Build transit paths Loop - PM - Walk - ComRail -25 of 40
Wed Apr 10 22:26:41 2024, Build transit paths, Build tranist network
Wed Apr 10 22:27:01 2024, Build transit paths, Tranist network settings
Wed Apr 10 22:27:03 2024, Build transit paths, Transit assignment PF
Wed Apr 10 22:27:25 2024, Build transit paths, Fill stop layer with base ivtt
Wed Apr 10 22:27:26 2024, Build transit paths, Update transit links with correct ivtt
Wed Apr 10 22:27:27 2024, Build transit paths, Transit skim PF
Wed Apr 10 22:29:01 2024, Build transit paths, Calculate boardings in transfers field
Wed Apr 10 22:29:01 2024, Build transit paths, Build transit paths Loop - PM - Drive - Local -26 of 40
Wed Apr 10 22:29:01 2024, Build transit paths, Build tranist network
Wed Apr 10 22:29:21 2024, Build transit paths, Tranist network settings
Wed Apr 10 22:29:28 2024, Build transit paths, Transit assignment PF
Wed Apr 10 22:29:59 2024, Build transit paths, Fill stop layer with base ivtt
Wed Apr 10 22:29:59 2024, Build transit paths, Update transit links with correct ivtt
Wed Apr 10 22:30:00 2024, Build transit paths, Transit skim PF
Wed Apr 10 22:31:02 2024, Build transit paths, Calculate boardings in transfers field
Wed Apr 10 22:31:03 2024, Build transit paths, Build transit paths Loop - PM - Drive - Brt -27 of 40
Wed Apr 10 22:31:03 2024, Build transit paths, Build tranist network
Wed Apr 10 22:31:23 2024, Build transit paths, Tranist network settings
Wed Apr 10 22:31:29 2024, Build transit paths, Transit assignment PF
Wed Apr 10 22:32:00 2024, Build transit paths, Fill stop layer with base ivtt
Wed Apr 10 22:32:01 2024, Build transit paths, Update transit links with correct ivtt
Wed Apr 10 22:32:02 2024, Build transit paths, Transit skim PF
Wed Apr 10 22:33:03 2024, Build transit paths, Calculate boardings in transfers field
Wed Apr 10 22:33:03 2024, Build transit paths, Build transit paths Loop - PM - Drive - ExpBus -28 of 40
Wed Apr 10 22:33:03 2024, Build transit paths, Build tranist network
Wed Apr 10 22:33:23 2024, Build transit paths, Tranist network settings
Wed Apr 10 22:33:30 2024, Build transit paths, Transit assignment PF
Wed Apr 10 22:34:04 2024, Build transit paths, Fill stop layer with base ivtt
Wed Apr 10 22:34:04 2024, Build transit paths, Update transit links with correct ivtt
Wed Apr 10 22:34:05 2024, Build transit paths, Transit skim PF
Wed Apr 10 22:35:16 2024, Build transit paths, Calculate boardings in transfers field
Wed Apr 10 22:35:17 2024, Build transit paths, Build transit paths Loop - PM - Drive - UrbRail -29 of 40
Wed Apr 10 22:35:17 2024, Build transit paths, Build tranist network
Wed Apr 10 22:35:37 2024, Build transit paths, Tranist network settings
Wed Apr 10 22:35:43 2024, Build transit paths, Transit assignment PF
Wed Apr 10 22:36:18 2024, Build transit paths, Fill stop layer with base ivtt
Wed Apr 10 22:36:18 2024, Build transit paths, Update transit links with correct ivtt
Wed Apr 10 22:36:19 2024, Build transit paths, Transit skim PF
Wed Apr 10 22:37:30 2024, Build transit paths, Calculate boardings in transfers field
Wed Apr 10 22:37:31 2024, Build transit paths, Build transit paths Loop - PM - Drive - ComRail -30 of 40
Wed Apr 10 22:37:31 2024, Build transit paths, Build tranist network
Wed Apr 10 22:37:50 2024, Build transit paths, Tranist network settings
Wed Apr 10 22:37:57 2024, Build transit paths, Transit assignment PF
Wed Apr 10 22:38:31 2024, Build transit paths, Fill stop layer with base ivtt
Wed Apr 10 22:38:31 2024, Build transit paths, Update transit links with correct ivtt
Wed Apr 10 22:38:32 2024, Build transit paths, Transit skim PF
Wed Apr 10 22:39:45 2024, Build transit paths, Calculate boardings in transfers field
Wed Apr 10 22:39:47 2024, Build transit paths, Build transit paths Loop - OP - Walk - Local -31 of 40
Wed Apr 10 22:39:47 2024, Build transit paths, Build tranist network
Wed Apr 10 22:40:06 2024, Build transit paths, Tranist network settings
Wed Apr 10 22:40:08 2024, Build transit paths, Transit assignment PF
Wed Apr 10 22:40:31 2024, Build transit paths, Fill stop layer with base ivtt
Wed Apr 10 22:40:31 2024, Build transit paths, Update transit links with correct ivtt
Wed Apr 10 22:40:32 2024, Build transit paths, Transit skim PF
Wed Apr 10 22:42:06 2024, Build transit paths, Calculate boardings in transfers field
Wed Apr 10 22:42:06 2024, Build transit paths, Build transit paths Loop - OP - Walk - Brt -32 of 40
Wed Apr 10 22:42:06 2024, Build transit paths, Build tranist network
Wed Apr 10 22:42:25 2024, Build transit paths, Tranist network settings
Wed Apr 10 22:42:27 2024, Build transit paths, Transit assignment PF
Wed Apr 10 22:42:50 2024, Build transit paths, Fill stop layer with base ivtt
Wed Apr 10 22:42:50 2024, Build transit paths, Update transit links with correct ivtt
Wed Apr 10 22:42:51 2024, Build transit paths, Transit skim PF
Wed Apr 10 22:44:17 2024, Build transit paths, Calculate boardings in transfers field
Wed Apr 10 22:44:18 2024, Build transit paths, Build transit paths Loop - OP - Walk - ExpBus -33 of 40
Wed Apr 10 22:44:18 2024, Build transit paths, Build tranist network
Wed Apr 10 22:44:38 2024, Build transit paths, Tranist network settings
Wed Apr 10 22:44:40 2024, Build transit paths, Transit assignment PF
Wed Apr 10 22:45:02 2024, Build transit paths, Fill stop layer with base ivtt
Wed Apr 10 22:45:02 2024, Build transit paths, Update transit links with correct ivtt
Wed Apr 10 22:45:04 2024, Build transit paths, Transit skim PF
Wed Apr 10 22:46:30 2024, Build transit paths, Calculate boardings in transfers field
Wed Apr 10 22:46:30 2024, Build transit paths, Build transit paths Loop - OP - Walk - UrbRail -34 of 40
Wed Apr 10 22:46:30 2024, Build transit paths, Build tranist network
Wed Apr 10 22:46:50 2024, Build transit paths, Tranist network settings
Wed Apr 10 22:46:51 2024, Build transit paths, Transit assignment PF
Wed Apr 10 22:47:13 2024, Build transit paths, Fill stop layer with base ivtt
Wed Apr 10 22:47:14 2024, Build transit paths, Update transit links with correct ivtt
Wed Apr 10 22:47:15 2024, Build transit paths, Transit skim PF
Wed Apr 10 22:48:41 2024, Build transit paths, Calculate boardings in transfers field
Wed Apr 10 22:48:41 2024, Build transit paths, Build transit paths Loop - OP - Walk - ComRail -35 of 40
Wed Apr 10 22:48:41 2024, Build transit paths, Build tranist network
Wed Apr 10 22:49:01 2024, Build transit paths, Tranist network settings
Wed Apr 10 22:49:03 2024, Build transit paths, Transit assignment PF
Wed Apr 10 22:49:23 2024, Build transit paths, Fill stop layer with base ivtt
Wed Apr 10 22:49:24 2024, Build transit paths, Update transit links with correct ivtt
Wed Apr 10 22:49:25 2024, Build transit paths, Transit skim PF
Wed Apr 10 22:50:57 2024, Build transit paths, Calculate boardings in transfers field
Wed Apr 10 22:50:58 2024, Build transit paths, Build transit paths Loop - OP - Drive - Local -36 of 40
Wed Apr 10 22:50:58 2024, Build transit paths, Build tranist network
Wed Apr 10 22:51:17 2024, Build transit paths, Tranist network settings
Wed Apr 10 22:51:24 2024, Build transit paths, Transit assignment PF
Wed Apr 10 22:51:56 2024, Build transit paths, Fill stop layer with base ivtt
Wed Apr 10 22:51:57 2024, Build transit paths, Update transit links with correct ivtt
Wed Apr 10 22:51:58 2024, Build transit paths, Transit skim PF
Wed Apr 10 22:53:02 2024, Build transit paths, Calculate boardings in transfers field
Wed Apr 10 22:53:04 2024, Build transit paths, Build transit paths Loop - OP - Drive - Brt -37 of 40
Wed Apr 10 22:53:04 2024, Build transit paths, Build tranist network
Wed Apr 10 22:53:23 2024, Build transit paths, Tranist network settings
Wed Apr 10 22:53:29 2024, Build transit paths, Transit assignment PF
Wed Apr 10 22:54:01 2024, Build transit paths, Fill stop layer with base ivtt
Wed Apr 10 22:54:02 2024, Build transit paths, Update transit links with correct ivtt
Wed Apr 10 22:54:03 2024, Build transit paths, Transit skim PF
Wed Apr 10 22:55:07 2024, Build transit paths, Calculate boardings in transfers field
Wed Apr 10 22:55:08 2024, Build transit paths, Build transit paths Loop - OP - Drive - ExpBus -38 of 40
Wed Apr 10 22:55:08 2024, Build transit paths, Build tranist network
Wed Apr 10 22:55:27 2024, Build transit paths, Tranist network settings
Wed Apr 10 22:55:34 2024, Build transit paths, Transit assignment PF
Wed Apr 10 22:56:07 2024, Build transit paths, Fill stop layer with base ivtt
Wed Apr 10 22:56:07 2024, Build transit paths, Update transit links with correct ivtt
Wed Apr 10 22:56:08 2024, Build transit paths, Transit skim PF
Wed Apr 10 22:57:10 2024, Build transit paths, Calculate boardings in transfers field
Wed Apr 10 22:57:11 2024, Build transit paths, Build transit paths Loop - OP - Drive - UrbRail -39 of 40
Wed Apr 10 22:57:11 2024, Build transit paths, Build tranist network
Wed Apr 10 22:57:30 2024, Build transit paths, Tranist network settings
Wed Apr 10 22:57:36 2024, Build transit paths, Transit assignment PF
Wed Apr 10 22:58:10 2024, Build transit paths, Fill stop layer with base ivtt
Wed Apr 10 22:58:10 2024, Build transit paths, Update transit links with correct ivtt
Wed Apr 10 22:58:11 2024, Build transit paths, Transit skim PF
Wed Apr 10 22:59:13 2024, Build transit paths, Calculate boardings in transfers field
Wed Apr 10 22:59:14 2024, Build transit paths, Build transit paths Loop - OP - Drive - ComRail -40 of 40
Wed Apr 10 22:59:14 2024, Build transit paths, Build tranist network
Wed Apr 10 22:59:33 2024, Build transit paths, Tranist network settings
Wed Apr 10 22:59:40 2024, Build transit paths, Transit assignment PF
Wed Apr 10 23:00:12 2024, Build transit paths, Fill stop layer with base ivtt
Wed Apr 10 23:00:12 2024, Build transit paths, Update transit links with correct ivtt
Wed Apr 10 23:00:13 2024, Build transit paths, Transit skim PF
Wed Apr 10 23:01:16 2024, Build transit paths, Calculate boardings in transfers field
Wed Apr 10 23:01:17 2024, Process transit skims
Wed Apr 10 23:32:36 2024, Create percent walk for TCMS
Wed Apr 10 23:34:48 2024, 4 InternalTruckModel.rsc, Run Internal Truck and Commercial Vehicle Model
Wed Apr 10 23:34:48 2024, Aggregate LandUse
Wed Apr 10 23:35:05 2024, Calculate Accessibilities
Thu Apr 11 12:06:10 2024,  ******************* FINISHED Nashville ABM 2019 - Version 19.1.0 ******************* 
Thu Apr 11 12:22:32 2024,  ******************* STARTED Nashville ABM 2019 - Version 19.1.0 ******************* 
Thu Apr 11 12:22:32 2024, 4 InternalTruckModel.rsc, Run Internal Truck and Commercial Vehicle Model
Thu Apr 11 12:22:32 2024, Aggregate LandUse
Thu Apr 11 12:22:39 2024, Calculate Accessibilities
Thu Apr 11 12:28:22 2024,  ******************* FINISHED Nashville ABM 2019 - Version 19.1.0 ******************* 
Thu Apr 11 12:42:43 2024,  ******************* STARTED Nashville ABM 2019 - Version 19.1.0 ******************* 
Thu Apr 11 12:42:43 2024, 4 InternalTruckModel.rsc, Run Internal Truck and Commercial Vehicle Model
Thu Apr 11 12:42:43 2024, Aggregate LandUse
Thu Apr 11 12:42:48 2024, Calculate Accessibilities
Thu Apr 11 12:43:33 2024,  ******************* STARTED Nashville ABM 2019 - Version 19.1.0 ******************* 
Thu Apr 11 12:43:33 2024, 4 InternalTruckModel.rsc, Run Internal Truck and Commercial Vehicle Model
Thu Apr 11 12:43:33 2024, Aggregate LandUse
Thu Apr 11 12:43:37 2024,  ******************* FINISHED Nashville ABM 2019 - Version 19.1.0 ******************* 
Thu Apr 11 12:44:31 2024,  ******************* STARTED Nashville ABM 2019 - Version 19.1.0 ******************* 
Thu Apr 11 12:44:31 2024, 4 InternalTruckModel.rsc, Run Internal Truck and Commercial Vehicle Model
Thu Apr 11 12:44:31 2024, Aggregate LandUse
Thu Apr 11 12:44:33 2024,  ******************* FINISHED Nashville ABM 2019 - Version 19.1.0 ******************* 
Thu Apr 11 12:46:24 2024,  ******************* STARTED Nashville ABM 2019 - Version 19.1.0 ******************* 
Thu Apr 11 12:46:24 2024, 4 InternalTruckModel.rsc, Run Internal Truck and Commercial Vehicle Model
Thu Apr 11 12:46:24 2024, Aggregate LandUse
Thu Apr 11 12:46:29 2024, Calculate Accessibilities
Thu Apr 11 12:46:34 2024,  ******************* FINISHED Nashville ABM 2019 - Version 19.1.0 ******************* 
Thu Apr 11 13:03:11 2024,  ******************* STARTED Nashville ABM 2019 - Version 19.1.0 ******************* 
Thu Apr 11 13:03:11 2024, 4 InternalTruckModel.rsc, Run Internal Truck and Commercial Vehicle Model
Thu Apr 11 13:03:11 2024, Aggregate LandUse
Thu Apr 11 13:03:19 2024, Calculate Accessibilities
Mon Apr 22 12:40:35 2024,  ******************* STARTED Nashville ABM 2019 - Version 19.1.0 ******************* 
Mon Apr 22 12:40:35 2024, 4 InternalTruckModel.rsc, Run Internal Truck and Commercial Vehicle Model
Mon Apr 22 12:40:35 2024, Aggregate LandUse
Mon Apr 22 12:40:40 2024, Calculate Accessibilities
Mon Apr 22 12:54:08 2024,  ******************* STARTED Nashville ABM 2019 - Version 19.1.0 ******************* 
Mon Apr 22 12:54:08 2024, 4 InternalTruckModel.rsc, Run Internal Truck and Commercial Vehicle Model
Mon Apr 22 12:54:08 2024, Aggregate LandUse
Mon Apr 22 12:54:12 2024, Calculate Accessibilities
Mon Apr 22 12:55:14 2024,  ******************* STARTED Nashville ABM 2019 - Version 19.1.0 ******************* 
Mon Apr 22 12:55:14 2024, 4 InternalTruckModel.rsc, Run Internal Truck and Commercial Vehicle Model
Mon Apr 22 12:55:14 2024, Aggregate LandUse
Mon Apr 22 12:55:18 2024, Calculate Accessibilities
Mon Apr 22 12:55:21 2024,  ******************* FINISHED Nashville ABM 2019 - Version 19.1.0 ******************* 
Mon Apr 22 13:03:13 2024,  ******************* STARTED Nashville ABM 2019 - Version 19.1.0 ******************* 
Mon Apr 22 13:03:14 2024, 4 InternalTruckModel.rsc, Run Internal Truck and Commercial Vehicle Model
Mon Apr 22 13:03:14 2024, Aggregate LandUse
Mon Apr 22 13:03:18 2024, Calculate Accessibilities
Mon Apr 22 13:06:16 2024,  ******************* FINISHED Nashville ABM 2019 - Version 19.1.0 ******************* 
Mon Apr 22 13:07:20 2024,  ******************* STARTED Nashville ABM 2019 - Version 19.1.0 ******************* 
Mon Apr 22 13:07:20 2024, 4 InternalTruckModel.rsc, Run Internal Truck and Commercial Vehicle Model
Mon Apr 22 13:07:20 2024, Aggregate LandUse
Mon Apr 22 13:07:35 2024, Calculate Accessibilities
Mon Apr 22 13:13:39 2024,  ******************* FINISHED Nashville ABM 2019 - Version 19.1.0 ******************* 
Mon Apr 22 13:13:58 2024,  ******************* STARTED Nashville ABM 2019 - Version 19.1.0 ******************* 
Mon Apr 22 13:13:58 2024, 4 InternalTruckModel.rsc, Run Internal Truck and Commercial Vehicle Model
Mon Apr 22 13:13:58 2024, Aggregate LandUse
Mon Apr 22 13:14:11 2024, Calculate Accessibilities
Mon Apr 22 13:14:16 2024,  ******************* FINISHED Nashville ABM 2019 - Version 19.1.0 ******************* 
Mon Apr 22 13:22:29 2024,  ******************* STARTED Nashville ABM 2019 - Version 19.1.0 ******************* 
Mon Apr 22 13:22:29 2024, 4 InternalTruckModel.rsc, Run Internal Truck and Commercial Vehicle Model
Mon Apr 22 13:22:29 2024, Aggregate LandUse
Mon Apr 22 13:22:36 2024,  ******************* FINISHED Nashville ABM 2019 - Version 19.1.0 ******************* 
Mon Apr 22 13:24:27 2024,  ******************* STARTED Nashville ABM 2019 - Version 19.1.0 ******************* 
Mon Apr 22 13:24:27 2024, 4 InternalTruckModel.rsc, Run Internal Truck and Commercial Vehicle Model
Mon Apr 22 13:24:27 2024, Aggregate LandUse
Mon Apr 22 13:24:45 2024, Calculate Accessibilities
Mon Apr 22 13:24:53 2024, Run Truck Model
Mon Apr 22 13:25:19 2024, Run Commercial Vehicle Model
Mon Apr 22 13:25:27 2024, Run Trip Length Summaries
Mon Apr 22 13:25:41 2024, Close All Views
Mon Apr 22 13:43:52 2024,  ******************* FINISHED Nashville ABM 2019 - Version 19.1.0 ******************* 
Mon Apr 22 13:47:51 2024,  ******************* STARTED Nashville ABM 2019 - Version 19.1.0 ******************* 
Mon Apr 22 13:47:51 2024, 1.1 Initialization.rsc, Initialization
Mon Apr 22 13:52:42 2024, 1.1 Initialization.rsc, Area Type
Mon Apr 22 14:02:35 2024, 1.1 Initialization.rsc, Capacity and FF Speed
Mon Apr 22 14:31:40 2024, 2.1 HwySkimming.rsc,   ****** Highway Skimming ****** 
Mon Apr 22 14:31:40 2024, Build highway network
Mon Apr 22 14:31:47 2024, Shortest path using length
Mon Apr 22 14:31:49 2024, Terminal time
Mon Apr 22 14:31:52 2024, Build HOV skims
Mon Apr 22 14:32:41 2024, Build SOV skims
Mon Apr 22 14:33:35 2024, 2.1 HwySkimming.rsc, Finished Highway Skimming
Mon Apr 22 14:33:35 2024, 2.2 TransitSkimming.rsc,   ****** Transit Skimming ****** 
Mon Apr 22 14:33:35 2024, Set transit paramters
Mon Apr 22 14:33:35 2024, Prepare inputs
Mon Apr 22 14:35:27 2024, Build drive connectors
Mon Apr 22 14:38:16 2024, Build transit paths
Mon Apr 22 14:38:16 2024, Build transit paths, Build transit paths Loop - AM - Walk - Local -1 of 40
Mon Apr 22 14:38:16 2024, Build transit paths, Build tranist network
Mon Apr 22 14:38:35 2024, Build transit paths, Tranist network settings
Mon Apr 22 14:38:36 2024, Build transit paths, Transit assignment PF
Mon Apr 22 14:38:52 2024, Build transit paths, Fill stop layer with base ivtt
Mon Apr 22 14:38:53 2024, Build transit paths, Update transit links with correct ivtt
Mon Apr 22 14:38:54 2024, Build transit paths, Transit skim PF
Mon Apr 22 14:40:21 2024, Build transit paths, Calculate boardings in transfers field
Mon Apr 22 14:40:21 2024, Build transit paths, Build transit paths Loop - AM - Walk - Brt -2 of 40
Mon Apr 22 14:40:21 2024, Build transit paths, Build tranist network
Mon Apr 22 14:40:40 2024, Build transit paths, Tranist network settings
Mon Apr 22 14:40:42 2024, Build transit paths, Transit assignment PF
Mon Apr 22 14:40:56 2024, Build transit paths, Fill stop layer with base ivtt
Mon Apr 22 14:40:57 2024, Build transit paths, Update transit links with correct ivtt
Mon Apr 22 14:40:58 2024, Build transit paths, Transit skim PF
Mon Apr 22 14:42:19 2024, Build transit paths, Calculate boardings in transfers field
Mon Apr 22 14:42:19 2024, Build transit paths, Build transit paths Loop - AM - Walk - ExpBus -3 of 40
Mon Apr 22 14:42:19 2024, Build transit paths, Build tranist network
Mon Apr 22 14:42:38 2024, Build transit paths, Tranist network settings
Mon Apr 22 14:42:40 2024, Build transit paths, Transit assignment PF
Mon Apr 22 14:42:56 2024, Build transit paths, Fill stop layer with base ivtt
Mon Apr 22 14:42:56 2024, Build transit paths, Update transit links with correct ivtt
Mon Apr 22 14:42:57 2024, Build transit paths, Transit skim PF
Mon Apr 22 14:44:22 2024, Build transit paths, Calculate boardings in transfers field
Mon Apr 22 14:44:22 2024, Build transit paths, Build transit paths Loop - AM - Walk - UrbRail -4 of 40
Mon Apr 22 14:44:22 2024, Build transit paths, Build tranist network
Mon Apr 22 14:44:41 2024, Build transit paths, Tranist network settings
Mon Apr 22 14:44:43 2024, Build transit paths, Transit assignment PF
Mon Apr 22 14:44:58 2024, Build transit paths, Fill stop layer with base ivtt
Mon Apr 22 14:44:59 2024, Build transit paths, Update transit links with correct ivtt
Mon Apr 22 14:45:00 2024, Build transit paths, Transit skim PF
Mon Apr 22 14:46:28 2024, Build transit paths, Calculate boardings in transfers field
Mon Apr 22 14:46:29 2024, Build transit paths, Build transit paths Loop - AM - Walk - ComRail -5 of 40
Mon Apr 22 14:46:29 2024, Build transit paths, Build tranist network
Mon Apr 22 14:46:48 2024, Build transit paths, Tranist network settings
Mon Apr 22 14:46:49 2024, Build transit paths, Transit assignment PF
Mon Apr 22 14:47:06 2024, Build transit paths, Fill stop layer with base ivtt
Mon Apr 22 14:47:06 2024, Build transit paths, Update transit links with correct ivtt
Mon Apr 22 14:47:07 2024, Build transit paths, Transit skim PF
Mon Apr 22 14:48:34 2024, Build transit paths, Calculate boardings in transfers field
Mon Apr 22 14:48:34 2024, Build transit paths, Build transit paths Loop - AM - Drive - Local -6 of 40
Mon Apr 22 14:48:34 2024, Build transit paths, Build tranist network
Mon Apr 22 14:48:53 2024, Build transit paths, Tranist network settings
Mon Apr 22 14:48:59 2024, Build transit paths, Transit assignment PF
Mon Apr 22 14:49:14 2024, Build transit paths, Fill stop layer with base ivtt
Mon Apr 22 14:49:14 2024, Build transit paths, Update transit links with correct ivtt
Mon Apr 22 14:49:15 2024, Build transit paths, Transit skim PF
Mon Apr 22 14:50:07 2024, Build transit paths, Calculate boardings in transfers field
Mon Apr 22 14:50:07 2024, Build transit paths, Build transit paths Loop - AM - Drive - Brt -7 of 40
Mon Apr 22 14:50:07 2024, Build transit paths, Build tranist network
Mon Apr 22 14:50:26 2024, Build transit paths, Tranist network settings
Mon Apr 22 14:50:31 2024, Build transit paths, Transit assignment PF
Mon Apr 22 14:50:47 2024, Build transit paths, Fill stop layer with base ivtt
Mon Apr 22 14:50:47 2024, Build transit paths, Update transit links with correct ivtt
Mon Apr 22 14:50:48 2024, Build transit paths, Transit skim PF
Mon Apr 22 14:51:38 2024, Build transit paths, Calculate boardings in transfers field
Mon Apr 22 14:51:38 2024, Build transit paths, Build transit paths Loop - AM - Drive - ExpBus -8 of 40
Mon Apr 22 14:51:38 2024, Build transit paths, Build tranist network
Mon Apr 22 14:51:57 2024, Build transit paths, Tranist network settings
Mon Apr 22 14:52:03 2024, Build transit paths, Transit assignment PF
Mon Apr 22 14:52:20 2024, Build transit paths, Fill stop layer with base ivtt
Mon Apr 22 14:52:20 2024, Build transit paths, Update transit links with correct ivtt
Mon Apr 22 14:52:21 2024, Build transit paths, Transit skim PF
Mon Apr 22 14:53:14 2024, Build transit paths, Calculate boardings in transfers field
Mon Apr 22 14:53:14 2024, Build transit paths, Build transit paths Loop - AM - Drive - UrbRail -9 of 40
Mon Apr 22 14:53:14 2024, Build transit paths, Build tranist network
Mon Apr 22 14:53:33 2024, Build transit paths, Tranist network settings
Mon Apr 22 14:53:38 2024, Build transit paths, Transit assignment PF
Mon Apr 22 14:53:55 2024, Build transit paths, Fill stop layer with base ivtt
Mon Apr 22 14:53:55 2024, Build transit paths, Update transit links with correct ivtt
Mon Apr 22 14:53:56 2024, Build transit paths, Transit skim PF
Mon Apr 22 14:54:53 2024, Build transit paths, Calculate boardings in transfers field
Mon Apr 22 14:54:53 2024, Build transit paths, Build transit paths Loop - AM - Drive - ComRail -10 of 40
Mon Apr 22 14:54:53 2024, Build transit paths, Build tranist network
Mon Apr 22 14:55:13 2024, Build transit paths, Tranist network settings
Mon Apr 22 14:55:18 2024, Build transit paths, Transit assignment PF
Mon Apr 22 14:55:35 2024, Build transit paths, Fill stop layer with base ivtt
Mon Apr 22 14:55:36 2024, Build transit paths, Update transit links with correct ivtt
Mon Apr 22 14:55:37 2024, Build transit paths, Transit skim PF
Mon Apr 22 14:56:33 2024, Build transit paths, Calculate boardings in transfers field
Mon Apr 22 14:56:33 2024, Build transit paths, Build transit paths Loop - MD - Walk - Local -11 of 40
Mon Apr 22 14:56:33 2024, Build transit paths, Build tranist network
Mon Apr 22 14:56:52 2024, Build transit paths, Tranist network settings
Mon Apr 22 14:56:54 2024, Build transit paths, Transit assignment PF
Mon Apr 22 14:57:09 2024, Build transit paths, Fill stop layer with base ivtt
Mon Apr 22 14:57:10 2024, Build transit paths, Update transit links with correct ivtt
Mon Apr 22 14:57:11 2024, Build transit paths, Transit skim PF
Mon Apr 22 14:58:32 2024, Build transit paths, Calculate boardings in transfers field
Mon Apr 22 14:58:33 2024, Build transit paths, Build transit paths Loop - MD - Walk - Brt -12 of 40
Mon Apr 22 14:58:33 2024, Build transit paths, Build tranist network
Mon Apr 22 14:58:52 2024, Build transit paths, Tranist network settings
Mon Apr 22 14:58:53 2024, Build transit paths, Transit assignment PF
Mon Apr 22 14:59:09 2024, Build transit paths, Fill stop layer with base ivtt
Mon Apr 22 14:59:09 2024, Build transit paths, Update transit links with correct ivtt
Mon Apr 22 14:59:10 2024, Build transit paths, Transit skim PF
Mon Apr 22 15:00:35 2024, Build transit paths, Calculate boardings in transfers field
Mon Apr 22 15:00:35 2024, Build transit paths, Build transit paths Loop - MD - Walk - ExpBus -13 of 40
Mon Apr 22 15:00:35 2024, Build transit paths, Build tranist network
Mon Apr 22 15:00:54 2024, Build transit paths, Tranist network settings
Mon Apr 22 15:00:56 2024, Build transit paths, Transit assignment PF
Mon Apr 22 15:01:12 2024, Build transit paths, Fill stop layer with base ivtt
Mon Apr 22 15:01:13 2024, Build transit paths, Update transit links with correct ivtt
Mon Apr 22 15:01:14 2024, Build transit paths, Transit skim PF
Mon Apr 22 15:02:36 2024, Build transit paths, Calculate boardings in transfers field
Mon Apr 22 15:02:36 2024, Build transit paths, Build transit paths Loop - MD - Walk - UrbRail -14 of 40
Mon Apr 22 15:02:36 2024, Build transit paths, Build tranist network
Mon Apr 22 15:02:55 2024, Build transit paths, Tranist network settings
Mon Apr 22 15:02:56 2024, Build transit paths, Transit assignment PF
Mon Apr 22 15:03:13 2024, Build transit paths, Fill stop layer with base ivtt
Mon Apr 22 15:03:14 2024, Build transit paths, Update transit links with correct ivtt
Mon Apr 22 15:03:15 2024, Build transit paths, Transit skim PF
Mon Apr 22 15:04:37 2024, Build transit paths, Calculate boardings in transfers field
Mon Apr 22 15:04:38 2024, Build transit paths, Build transit paths Loop - MD - Walk - ComRail -15 of 40
Mon Apr 22 15:04:38 2024, Build transit paths, Build tranist network
Mon Apr 22 15:04:57 2024, Build transit paths, Tranist network settings
Mon Apr 22 15:04:59 2024, Build transit paths, Transit assignment PF
Mon Apr 22 15:05:15 2024, Build transit paths, Fill stop layer with base ivtt
Mon Apr 22 15:05:15 2024, Build transit paths, Update transit links with correct ivtt
Mon Apr 22 15:05:17 2024, Build transit paths, Transit skim PF
Mon Apr 22 15:06:41 2024, Build transit paths, Calculate boardings in transfers field
Mon Apr 22 15:06:41 2024, Build transit paths, Build transit paths Loop - MD - Drive - Local -16 of 40
Mon Apr 22 15:06:41 2024, Build transit paths, Build tranist network
Mon Apr 22 15:07:00 2024, Build transit paths, Tranist network settings
Mon Apr 22 15:07:05 2024, Build transit paths, Transit assignment PF
Mon Apr 22 15:07:22 2024, Build transit paths, Fill stop layer with base ivtt
Mon Apr 22 15:07:22 2024, Build transit paths, Update transit links with correct ivtt
Mon Apr 22 15:07:23 2024, Build transit paths, Transit skim PF
Mon Apr 22 15:08:15 2024, Build transit paths, Calculate boardings in transfers field
Mon Apr 22 15:08:16 2024, Build transit paths, Build transit paths Loop - MD - Drive - Brt -17 of 40
Mon Apr 22 15:08:16 2024, Build transit paths, Build tranist network
Mon Apr 22 15:08:35 2024, Build transit paths, Tranist network settings
Mon Apr 22 15:08:40 2024, Build transit paths, Transit assignment PF
Mon Apr 22 15:08:55 2024, Build transit paths, Fill stop layer with base ivtt
Mon Apr 22 15:08:56 2024, Build transit paths, Update transit links with correct ivtt
Mon Apr 22 15:08:57 2024, Build transit paths, Transit skim PF
Mon Apr 22 15:09:50 2024, Build transit paths, Calculate boardings in transfers field
Mon Apr 22 15:09:50 2024, Build transit paths, Build transit paths Loop - MD - Drive - ExpBus -18 of 40
Mon Apr 22 15:09:50 2024, Build transit paths, Build tranist network
Mon Apr 22 15:10:09 2024, Build transit paths, Tranist network settings
Mon Apr 22 15:10:14 2024, Build transit paths, Transit assignment PF
Mon Apr 22 15:10:30 2024, Build transit paths, Fill stop layer with base ivtt
Mon Apr 22 15:10:31 2024, Build transit paths, Update transit links with correct ivtt
Mon Apr 22 15:10:32 2024, Build transit paths, Transit skim PF
Mon Apr 22 15:11:24 2024, Build transit paths, Calculate boardings in transfers field
Mon Apr 22 15:11:24 2024, Build transit paths, Build transit paths Loop - MD - Drive - UrbRail -19 of 40
Mon Apr 22 15:11:24 2024, Build transit paths, Build tranist network
Tue Apr 23 12:24:11 2024,  ******************* STARTED Nashville ABM 2019 - Version 19.1.0 ******************* 
Tue Apr 23 12:24:11 2024, 1.1 Initialization.rsc, Initialization
Tue Apr 23 12:29:17 2024, 1.1 Initialization.rsc, Area Type
Tue Apr 23 12:38:21 2024, 1.1 Initialization.rsc, Capacity and FF Speed
Tue Apr 23 13:06:46 2024, 2.1 HwySkimming.rsc,   ****** Highway Skimming ****** 
Tue Apr 23 13:06:46 2024, Build highway network
Tue Apr 23 13:06:53 2024, Shortest path using length
Tue Apr 23 13:06:55 2024, Terminal time
Tue Apr 23 13:06:57 2024, Build HOV skims
Tue Apr 23 13:07:39 2024, Build SOV skims
Tue Apr 23 13:08:30 2024, 2.1 HwySkimming.rsc, Finished Highway Skimming
Tue Apr 23 13:08:30 2024, 2.2 TransitSkimming.rsc,   ****** Transit Skimming ****** 
Tue Apr 23 13:08:30 2024, Set transit paramters
Tue Apr 23 13:08:30 2024, Prepare inputs
Tue Apr 23 13:10:20 2024, Build drive connectors
Tue Apr 23 13:13:58 2024, Build transit paths
Tue Apr 23 13:13:58 2024, Build transit paths, Build transit paths Loop - AM - Walk - Local -1 of 40
Tue Apr 23 13:13:58 2024, Build transit paths, Build tranist network
Tue Apr 23 13:14:16 2024, Build transit paths, Tranist network settings
Tue Apr 23 13:14:17 2024, Build transit paths, Transit assignment PF
Tue Apr 23 13:14:30 2024, Build transit paths, Fill stop layer with base ivtt
Tue Apr 23 13:14:30 2024, Build transit paths, Update transit links with correct ivtt
Tue Apr 23 13:14:31 2024, Build transit paths, Transit skim PF
Tue Apr 23 13:15:53 2024, Build transit paths, Calculate boardings in transfers field
Tue Apr 23 13:15:54 2024, Build transit paths, Build transit paths Loop - AM - Walk - Brt -2 of 40
Tue Apr 23 13:15:54 2024, Build transit paths, Build tranist network
Tue Apr 23 13:16:11 2024, Build transit paths, Tranist network settings
Tue Apr 23 13:16:13 2024, Build transit paths, Transit assignment PF
Tue Apr 23 13:16:26 2024, Build transit paths, Fill stop layer with base ivtt
Tue Apr 23 13:16:26 2024, Build transit paths, Update transit links with correct ivtt
Tue Apr 23 13:16:27 2024, Build transit paths, Transit skim PF
Tue Apr 23 13:17:46 2024, Build transit paths, Calculate boardings in transfers field
Tue Apr 23 13:17:47 2024, Build transit paths, Build transit paths Loop - AM - Walk - ExpBus -3 of 40
Tue Apr 23 13:17:47 2024, Build transit paths, Build tranist network
Tue Apr 23 13:18:05 2024, Build transit paths, Tranist network settings
Tue Apr 23 13:18:06 2024, Build transit paths, Transit assignment PF
Tue Apr 23 13:18:20 2024, Build transit paths, Fill stop layer with base ivtt
Tue Apr 23 13:18:20 2024, Build transit paths, Update transit links with correct ivtt
Tue Apr 23 13:18:21 2024, Build transit paths, Transit skim PF
Tue Apr 23 13:19:42 2024, Build transit paths, Calculate boardings in transfers field
Tue Apr 23 13:19:42 2024, Build transit paths, Build transit paths Loop - AM - Walk - UrbRail -4 of 40
Tue Apr 23 13:19:42 2024, Build transit paths, Build tranist network
Tue Apr 23 13:20:01 2024, Build transit paths, Tranist network settings
Tue Apr 23 13:20:02 2024, Build transit paths, Transit assignment PF
Tue Apr 23 13:20:16 2024, Build transit paths, Fill stop layer with base ivtt
Tue Apr 23 13:20:16 2024, Build transit paths, Update transit links with correct ivtt
Tue Apr 23 13:20:17 2024, Build transit paths, Transit skim PF
Tue Apr 23 13:21:39 2024, Build transit paths, Calculate boardings in transfers field
Tue Apr 23 13:21:40 2024, Build transit paths, Build transit paths Loop - AM - Walk - ComRail -5 of 40
Tue Apr 23 13:21:40 2024, Build transit paths, Build tranist network
Tue Apr 23 13:21:58 2024, Build transit paths, Tranist network settings
Tue Apr 23 13:21:59 2024, Build transit paths, Transit assignment PF
Tue Apr 23 13:22:14 2024, Build transit paths, Fill stop layer with base ivtt
Tue Apr 23 13:22:14 2024, Build transit paths, Update transit links with correct ivtt
Tue Apr 23 13:22:15 2024, Build transit paths, Transit skim PF
Tue Apr 23 13:23:37 2024, Build transit paths, Calculate boardings in transfers field
Tue Apr 23 13:23:38 2024, Build transit paths, Build transit paths Loop - AM - Drive - Local -6 of 40
Tue Apr 23 13:23:38 2024, Build transit paths, Build tranist network
Tue Apr 23 13:23:56 2024, Build transit paths, Tranist network settings
Tue Apr 23 13:24:01 2024, Build transit paths, Transit assignment PF
Tue Apr 23 13:24:13 2024, Build transit paths, Fill stop layer with base ivtt
Tue Apr 23 13:24:14 2024, Build transit paths, Update transit links with correct ivtt
Tue Apr 23 13:24:15 2024, Build transit paths, Transit skim PF
Tue Apr 23 13:25:01 2024, Build transit paths, Calculate boardings in transfers field
Tue Apr 23 13:25:01 2024, Build transit paths, Build transit paths Loop - AM - Drive - Brt -7 of 40
Tue Apr 23 13:25:01 2024, Build transit paths, Build tranist network
Tue Apr 23 13:25:19 2024, Build transit paths, Tranist network settings
Tue Apr 23 13:25:24 2024, Build transit paths, Transit assignment PF
Tue Apr 23 13:25:37 2024, Build transit paths, Fill stop layer with base ivtt
Tue Apr 23 13:25:37 2024, Build transit paths, Update transit links with correct ivtt
Tue Apr 23 13:25:38 2024, Build transit paths, Transit skim PF
Tue Apr 23 13:26:23 2024, Build transit paths, Calculate boardings in transfers field
Tue Apr 23 13:26:24 2024, Build transit paths, Build transit paths Loop - AM - Drive - ExpBus -8 of 40
Tue Apr 23 13:26:24 2024, Build transit paths, Build tranist network
Tue Apr 23 13:26:42 2024, Build transit paths, Tranist network settings
Tue Apr 23 13:26:47 2024, Build transit paths, Transit assignment PF
Tue Apr 23 13:27:01 2024, Build transit paths, Fill stop layer with base ivtt
Tue Apr 23 13:27:01 2024, Build transit paths, Update transit links with correct ivtt
Tue Apr 23 13:27:02 2024, Build transit paths, Transit skim PF
Tue Apr 23 13:27:50 2024, Build transit paths, Calculate boardings in transfers field
Tue Apr 23 13:27:50 2024, Build transit paths, Build transit paths Loop - AM - Drive - UrbRail -9 of 40
Tue Apr 23 13:27:50 2024, Build transit paths, Build tranist network
Tue Apr 23 13:28:08 2024, Build transit paths, Tranist network settings
Tue Apr 23 13:28:13 2024, Build transit paths, Transit assignment PF
Tue Apr 23 13:28:27 2024, Build transit paths, Fill stop layer with base ivtt
Tue Apr 23 13:28:27 2024, Build transit paths, Update transit links with correct ivtt
Tue Apr 23 13:28:28 2024, Build transit paths, Transit skim PF
Tue Apr 23 13:29:16 2024, Build transit paths, Calculate boardings in transfers field
Tue Apr 23 13:29:16 2024, Build transit paths, Build transit paths Loop - AM - Drive - ComRail -10 of 40
Tue Apr 23 13:29:16 2024, Build transit paths, Build tranist network
Tue Apr 23 13:29:34 2024, Build transit paths, Tranist network settings
Tue Apr 23 13:29:39 2024, Build transit paths, Transit assignment PF
Tue Apr 23 13:29:53 2024, Build transit paths, Fill stop layer with base ivtt
Tue Apr 23 13:29:54 2024, Build transit paths, Update transit links with correct ivtt
Tue Apr 23 13:29:55 2024, Build transit paths, Transit skim PF
Tue Apr 23 13:30:47 2024, Build transit paths, Calculate boardings in transfers field
Tue Apr 23 13:30:47 2024, Build transit paths, Build transit paths Loop - MD - Walk - Local -11 of 40
Tue Apr 23 13:30:47 2024, Build transit paths, Build tranist network
Tue Apr 23 13:31:05 2024, Build transit paths, Tranist network settings
Tue Apr 23 13:31:07 2024, Build transit paths, Transit assignment PF
Tue Apr 23 13:31:20 2024, Build transit paths, Fill stop layer with base ivtt
Tue Apr 23 13:31:20 2024, Build transit paths, Update transit links with correct ivtt
Tue Apr 23 13:31:21 2024, Build transit paths, Transit skim PF
Tue Apr 23 13:32:40 2024, Build transit paths, Calculate boardings in transfers field
Tue Apr 23 13:32:40 2024, Build transit paths, Build transit paths Loop - MD - Walk - Brt -12 of 40
Tue Apr 23 13:32:40 2024, Build transit paths, Build tranist network
Tue Apr 23 13:32:58 2024, Build transit paths, Tranist network settings
Tue Apr 23 13:32:59 2024, Build transit paths, Transit assignment PF
Tue Apr 23 13:33:13 2024, Build transit paths, Fill stop layer with base ivtt
Tue Apr 23 13:33:13 2024, Build transit paths, Update transit links with correct ivtt
Tue Apr 23 13:33:14 2024, Build transit paths, Transit skim PF
Tue Apr 23 13:34:32 2024, Build transit paths, Calculate boardings in transfers field
Tue Apr 23 13:34:32 2024, Build transit paths, Build transit paths Loop - MD - Walk - ExpBus -13 of 40
Tue Apr 23 13:34:32 2024, Build transit paths, Build tranist network
Tue Apr 23 13:34:50 2024, Build transit paths, Tranist network settings
Tue Apr 23 13:34:52 2024, Build transit paths, Transit assignment PF
Tue Apr 23 13:35:05 2024, Build transit paths, Fill stop layer with base ivtt
Tue Apr 23 13:35:06 2024, Build transit paths, Update transit links with correct ivtt
Tue Apr 23 13:35:07 2024, Build transit paths, Transit skim PF
Tue Apr 23 13:36:29 2024, Build transit paths, Calculate boardings in transfers field
Tue Apr 23 13:36:29 2024, Build transit paths, Build transit paths Loop - MD - Walk - UrbRail -14 of 40
Tue Apr 23 13:36:29 2024, Build transit paths, Build tranist network
Tue Apr 23 13:36:48 2024, Build transit paths, Tranist network settings
Tue Apr 23 13:36:49 2024, Build transit paths, Transit assignment PF
Tue Apr 23 13:37:03 2024, Build transit paths, Fill stop layer with base ivtt
Tue Apr 23 13:37:03 2024, Build transit paths, Update transit links with correct ivtt
Tue Apr 23 13:37:04 2024, Build transit paths, Transit skim PF
Tue Apr 23 13:38:24 2024, Build transit paths, Calculate boardings in transfers field
Tue Apr 23 13:38:24 2024, Build transit paths, Build transit paths Loop - MD - Walk - ComRail -15 of 40
Tue Apr 23 13:38:24 2024, Build transit paths, Build tranist network
Tue Apr 23 13:38:43 2024, Build transit paths, Tranist network settings
Tue Apr 23 13:38:44 2024, Build transit paths, Transit assignment PF
Tue Apr 23 13:38:58 2024, Build transit paths, Fill stop layer with base ivtt
Tue Apr 23 13:38:58 2024, Build transit paths, Update transit links with correct ivtt
Tue Apr 23 13:38:59 2024, Build transit paths, Transit skim PF
Tue Apr 23 13:40:19 2024, Build transit paths, Calculate boardings in transfers field
Tue Apr 23 13:40:20 2024, Build transit paths, Build transit paths Loop - MD - Drive - Local -16 of 40
Tue Apr 23 13:40:20 2024, Build transit paths, Build tranist network
Tue Apr 23 13:40:38 2024, Build transit paths, Tranist network settings
Tue Apr 23 13:40:43 2024, Build transit paths, Transit assignment PF
Tue Apr 23 13:40:56 2024, Build transit paths, Fill stop layer with base ivtt
Tue Apr 23 13:40:56 2024, Build transit paths, Update transit links with correct ivtt
Tue Apr 23 13:40:58 2024, Build transit paths, Transit skim PF
Tue Apr 23 13:41:46 2024, Build transit paths, Calculate boardings in transfers field
Tue Apr 23 13:41:46 2024, Build transit paths, Build transit paths Loop - MD - Drive - Brt -17 of 40
Tue Apr 23 13:41:46 2024, Build transit paths, Build tranist network
Tue Apr 23 13:42:04 2024, Build transit paths, Tranist network settings
Tue Apr 23 13:42:09 2024, Build transit paths, Transit assignment PF
Tue Apr 23 13:42:22 2024, Build transit paths, Fill stop layer with base ivtt
Tue Apr 23 13:42:23 2024, Build transit paths, Update transit links with correct ivtt
Tue Apr 23 13:42:24 2024, Build transit paths, Transit skim PF
Tue Apr 23 13:43:12 2024, Build transit paths, Calculate boardings in transfers field
Tue Apr 23 13:43:13 2024, Build transit paths, Build transit paths Loop - MD - Drive - ExpBus -18 of 40
Tue Apr 23 13:43:13 2024, Build transit paths, Build tranist network
Tue Apr 23 13:43:31 2024, Build transit paths, Tranist network settings
Tue Apr 23 13:43:37 2024, Build transit paths, Transit assignment PF
Tue Apr 23 13:43:50 2024, Build transit paths, Fill stop layer with base ivtt
Tue Apr 23 13:43:50 2024, Build transit paths, Update transit links with correct ivtt
Tue Apr 23 13:43:51 2024, Build transit paths, Transit skim PF
Tue Apr 23 13:44:39 2024, Build transit paths, Calculate boardings in transfers field
Tue Apr 23 13:44:39 2024, Build transit paths, Build transit paths Loop - MD - Drive - UrbRail -19 of 40
Tue Apr 23 13:44:39 2024, Build transit paths, Build tranist network
Tue Apr 23 13:44:57 2024, Build transit paths, Tranist network settings
Tue Apr 23 13:45:03 2024, Build transit paths, Transit assignment PF
Tue Apr 23 13:45:16 2024, Build transit paths, Fill stop layer with base ivtt
Tue Apr 23 13:45:16 2024, Build transit paths, Update transit links with correct ivtt
Tue Apr 23 13:45:17 2024, Build transit paths, Transit skim PF
Tue Apr 23 13:46:05 2024, Build transit paths, Calculate boardings in transfers field
Tue Apr 23 13:46:05 2024, Build transit paths, Build transit paths Loop - MD - Drive - ComRail -20 of 40
Tue Apr 23 13:46:05 2024, Build transit paths, Build tranist network
Tue Apr 23 13:46:23 2024, Build transit paths, Tranist network settings
Tue Apr 23 13:46:28 2024, Build transit paths, Transit assignment PF
Tue Apr 23 13:46:42 2024, Build transit paths, Fill stop layer with base ivtt
Tue Apr 23 13:46:42 2024, Build transit paths, Update transit links with correct ivtt
Tue Apr 23 13:46:43 2024, Build transit paths, Transit skim PF
Tue Apr 23 13:47:31 2024, Build transit paths, Calculate boardings in transfers field
Tue Apr 23 13:47:32 2024, Build transit paths, Build transit paths Loop - PM - Walk - Local -21 of 40
Tue Apr 23 13:47:32 2024, Build transit paths, Build tranist network
Tue Apr 23 13:47:50 2024, Build transit paths, Tranist network settings
Tue Apr 23 13:47:51 2024, Build transit paths, Transit assignment PF
Tue Apr 23 13:48:04 2024, Build transit paths, Fill stop layer with base ivtt
Tue Apr 23 13:48:05 2024, Build transit paths, Update transit links with correct ivtt
Tue Apr 23 13:48:06 2024, Build transit paths, Transit skim PF
Tue Apr 23 13:49:26 2024, Build transit paths, Calculate boardings in transfers field
Tue Apr 23 13:49:26 2024, Build transit paths, Build transit paths Loop - PM - Walk - Brt -22 of 40
Tue Apr 23 13:49:26 2024, Build transit paths, Build tranist network
Tue Apr 23 13:49:44 2024, Build transit paths, Tranist network settings
Tue Apr 23 13:49:46 2024, Build transit paths, Transit assignment PF
Tue Apr 23 13:49:59 2024, Build transit paths, Fill stop layer with base ivtt
Tue Apr 23 13:49:59 2024, Build transit paths, Update transit links with correct ivtt
Tue Apr 23 13:50:00 2024, Build transit paths, Transit skim PF
Tue Apr 23 13:51:19 2024, Build transit paths, Calculate boardings in transfers field
Tue Apr 23 13:51:20 2024, Build transit paths, Build transit paths Loop - PM - Walk - ExpBus -23 of 40
Tue Apr 23 13:51:20 2024, Build transit paths, Build tranist network
Tue Apr 23 13:51:39 2024, Build transit paths, Tranist network settings
Tue Apr 23 13:51:40 2024, Build transit paths, Transit assignment PF
Tue Apr 23 13:51:55 2024, Build transit paths, Fill stop layer with base ivtt
Tue Apr 23 13:51:55 2024, Build transit paths, Update transit links with correct ivtt
Tue Apr 23 13:51:56 2024, Build transit paths, Transit skim PF
Tue Apr 23 13:53:24 2024, Build transit paths, Calculate boardings in transfers field
Tue Apr 23 13:53:25 2024, Build transit paths, Build transit paths Loop - PM - Walk - UrbRail -24 of 40
Tue Apr 23 13:53:25 2024, Build transit paths, Build tranist network
Tue Apr 23 13:53:43 2024, Build transit paths, Tranist network settings
Tue Apr 23 13:53:45 2024, Build transit paths, Transit assignment PF
Tue Apr 23 13:53:59 2024, Build transit paths, Fill stop layer with base ivtt
Tue Apr 23 13:54:00 2024, Build transit paths, Update transit links with correct ivtt
Tue Apr 23 13:54:01 2024, Build transit paths, Transit skim PF
Tue Apr 23 13:55:23 2024, Build transit paths, Calculate boardings in transfers field
Tue Apr 23 13:55:23 2024, Build transit paths, Build transit paths Loop - PM - Walk - ComRail -25 of 40
Tue Apr 23 13:55:23 2024, Build transit paths, Build tranist network
Tue Apr 23 13:55:42 2024, Build transit paths, Tranist network settings
Tue Apr 23 13:55:43 2024, Build transit paths, Transit assignment PF
Tue Apr 23 13:55:58 2024, Build transit paths, Fill stop layer with base ivtt
Tue Apr 23 13:55:58 2024, Build transit paths, Update transit links with correct ivtt
Tue Apr 23 13:55:59 2024, Build transit paths, Transit skim PF
Tue Apr 23 13:57:24 2024, Build transit paths, Calculate boardings in transfers field
Tue Apr 23 13:57:24 2024, Build transit paths, Build transit paths Loop - PM - Drive - Local -26 of 40
Tue Apr 23 13:57:24 2024, Build transit paths, Build tranist network
Tue Apr 23 13:57:42 2024, Build transit paths, Tranist network settings
Tue Apr 23 13:57:48 2024, Build transit paths, Transit assignment PF
Tue Apr 23 13:58:14 2024, Build transit paths, Fill stop layer with base ivtt
Tue Apr 23 13:58:15 2024, Build transit paths, Update transit links with correct ivtt
Tue Apr 23 13:58:16 2024, Build transit paths, Transit skim PF
Tue Apr 23 13:59:44 2024, Build transit paths, Calculate boardings in transfers field
Tue Apr 23 13:59:45 2024, Build transit paths, Build transit paths Loop - PM - Drive - Brt -27 of 40
Tue Apr 23 13:59:45 2024, Build transit paths, Build tranist network
Tue Apr 23 14:00:03 2024, Build transit paths, Tranist network settings
Tue Apr 23 14:00:08 2024, Build transit paths, Transit assignment PF
Tue Apr 23 14:00:35 2024, Build transit paths, Fill stop layer with base ivtt
Tue Apr 23 14:00:36 2024, Build transit paths, Update transit links with correct ivtt
Tue Apr 23 14:00:37 2024, Build transit paths, Transit skim PF
Tue Apr 23 14:02:05 2024, Build transit paths, Calculate boardings in transfers field
Tue Apr 23 14:02:05 2024, Build transit paths, Build transit paths Loop - PM - Drive - ExpBus -28 of 40
Tue Apr 23 14:02:05 2024, Build transit paths, Build tranist network
Tue Apr 23 14:02:24 2024, Build transit paths, Tranist network settings
Tue Apr 23 14:02:29 2024, Build transit paths, Transit assignment PF
Tue Apr 23 14:02:57 2024, Build transit paths, Fill stop layer with base ivtt
Tue Apr 23 14:02:57 2024, Build transit paths, Update transit links with correct ivtt
Tue Apr 23 14:02:58 2024, Build transit paths, Transit skim PF
Tue Apr 23 14:04:31 2024, Build transit paths, Calculate boardings in transfers field
Tue Apr 23 14:04:31 2024, Build transit paths, Build transit paths Loop - PM - Drive - UrbRail -29 of 40
Tue Apr 23 14:04:31 2024, Build transit paths, Build tranist network
Tue Apr 23 14:04:49 2024, Build transit paths, Tranist network settings
Tue Apr 23 14:04:54 2024, Build transit paths, Transit assignment PF
Tue Apr 23 14:05:23 2024, Build transit paths, Fill stop layer with base ivtt
Tue Apr 23 14:05:23 2024, Build transit paths, Update transit links with correct ivtt
Tue Apr 23 14:05:24 2024, Build transit paths, Transit skim PF
Tue Apr 23 14:06:56 2024, Build transit paths, Calculate boardings in transfers field
Tue Apr 23 14:06:56 2024, Build transit paths, Build transit paths Loop - PM - Drive - ComRail -30 of 40
Tue Apr 23 14:06:56 2024, Build transit paths, Build tranist network
Tue Apr 23 14:07:14 2024, Build transit paths, Tranist network settings
Tue Apr 23 14:07:20 2024, Build transit paths, Transit assignment PF
Tue Apr 23 14:07:49 2024, Build transit paths, Fill stop layer with base ivtt
Tue Apr 23 14:07:50 2024, Build transit paths, Update transit links with correct ivtt
Tue Apr 23 14:07:51 2024, Build transit paths, Transit skim PF
Tue Apr 23 14:09:24 2024, Build transit paths, Calculate boardings in transfers field
Tue Apr 23 14:09:24 2024, Build transit paths, Build transit paths Loop - OP - Walk - Local -31 of 40
Tue Apr 23 14:09:24 2024, Build transit paths, Build tranist network
Tue Apr 23 14:09:42 2024, Build transit paths, Tranist network settings
Tue Apr 23 14:09:43 2024, Build transit paths, Transit assignment PF
Tue Apr 23 14:09:56 2024, Build transit paths, Fill stop layer with base ivtt
Tue Apr 23 14:09:56 2024, Build transit paths, Update transit links with correct ivtt
Tue Apr 23 14:09:57 2024, Build transit paths, Transit skim PF
Tue Apr 23 14:11:16 2024, Build transit paths, Calculate boardings in transfers field
Tue Apr 23 14:11:16 2024, Build transit paths, Build transit paths Loop - OP - Walk - Brt -32 of 40
Tue Apr 23 14:11:16 2024, Build transit paths, Build tranist network
Tue Apr 23 14:11:34 2024, Build transit paths, Tranist network settings
Tue Apr 23 14:11:35 2024, Build transit paths, Transit assignment PF
Tue Apr 23 14:11:48 2024, Build transit paths, Fill stop layer with base ivtt
Tue Apr 23 14:11:48 2024, Build transit paths, Update transit links with correct ivtt
Tue Apr 23 14:11:49 2024, Build transit paths, Transit skim PF
Tue Apr 23 14:13:08 2024, Build transit paths, Calculate boardings in transfers field
Tue Apr 23 14:13:08 2024, Build transit paths, Build transit paths Loop - OP - Walk - ExpBus -33 of 40
Tue Apr 23 14:13:08 2024, Build transit paths, Build tranist network
Tue Apr 23 14:13:26 2024, Build transit paths, Tranist network settings
Tue Apr 23 14:13:28 2024, Build transit paths, Transit assignment PF
Tue Apr 23 14:13:40 2024, Build transit paths, Fill stop layer with base ivtt
Tue Apr 23 14:13:41 2024, Build transit paths, Update transit links with correct ivtt
Tue Apr 23 14:13:42 2024, Build transit paths, Transit skim PF
Tue Apr 23 14:15:00 2024, Build transit paths, Calculate boardings in transfers field
Tue Apr 23 14:15:00 2024, Build transit paths, Build transit paths Loop - OP - Walk - UrbRail -34 of 40
Tue Apr 23 14:15:00 2024, Build transit paths, Build tranist network
Tue Apr 23 14:15:18 2024, Build transit paths, Tranist network settings
Tue Apr 23 14:15:20 2024, Build transit paths, Transit assignment PF
Tue Apr 23 14:15:32 2024, Build transit paths, Fill stop layer with base ivtt
Tue Apr 23 14:15:33 2024, Build transit paths, Update transit links with correct ivtt
Tue Apr 23 14:15:34 2024, Build transit paths, Transit skim PF
Tue Apr 23 14:16:53 2024, Build transit paths, Calculate boardings in transfers field
Tue Apr 23 14:16:53 2024, Build transit paths, Build transit paths Loop - OP - Walk - ComRail -35 of 40
Tue Apr 23 14:16:53 2024, Build transit paths, Build tranist network
Tue Apr 23 14:17:11 2024, Build transit paths, Tranist network settings
Tue Apr 23 14:17:12 2024, Build transit paths, Transit assignment PF
Tue Apr 23 14:17:25 2024, Build transit paths, Fill stop layer with base ivtt
Tue Apr 23 14:17:26 2024, Build transit paths, Update transit links with correct ivtt
Tue Apr 23 14:17:27 2024, Build transit paths, Transit skim PF
Tue Apr 23 14:18:46 2024, Build transit paths, Calculate boardings in transfers field
Tue Apr 23 14:18:46 2024, Build transit paths, Build transit paths Loop - OP - Drive - Local -36 of 40
Tue Apr 23 14:18:46 2024, Build transit paths, Build tranist network
Tue Apr 23 14:19:04 2024, Build transit paths, Tranist network settings
Tue Apr 23 14:19:09 2024, Build transit paths, Transit assignment PF
Tue Apr 23 14:19:35 2024, Build transit paths, Fill stop layer with base ivtt
Tue Apr 23 14:19:36 2024, Build transit paths, Update transit links with correct ivtt
Tue Apr 23 14:19:37 2024, Build transit paths, Transit skim PF
Tue Apr 23 14:21:07 2024, Build transit paths, Calculate boardings in transfers field
Tue Apr 23 14:21:08 2024, Build transit paths, Build transit paths Loop - OP - Drive - Brt -37 of 40
Tue Apr 23 14:21:08 2024, Build transit paths, Build tranist network
Tue Apr 23 14:21:26 2024, Build transit paths, Tranist network settings
Tue Apr 23 14:21:32 2024, Build transit paths, Transit assignment PF
Tue Apr 23 14:21:59 2024, Build transit paths, Fill stop layer with base ivtt
Tue Apr 23 14:21:59 2024, Build transit paths, Update transit links with correct ivtt
Tue Apr 23 14:22:00 2024, Build transit paths, Transit skim PF
Tue Apr 23 14:23:29 2024, Build transit paths, Calculate boardings in transfers field
Tue Apr 23 14:23:30 2024, Build transit paths, Build transit paths Loop - OP - Drive - ExpBus -38 of 40
Tue Apr 23 14:23:30 2024, Build transit paths, Build tranist network
Tue Apr 23 14:23:48 2024, Build transit paths, Tranist network settings
Tue Apr 23 14:23:53 2024, Build transit paths, Transit assignment PF
Tue Apr 23 14:24:21 2024, Build transit paths, Fill stop layer with base ivtt
Tue Apr 23 14:24:22 2024, Build transit paths, Update transit links with correct ivtt
Tue Apr 23 14:24:23 2024, Build transit paths, Transit skim PF
Tue Apr 23 14:25:53 2024, Build transit paths, Calculate boardings in transfers field
Tue Apr 23 14:25:54 2024, Build transit paths, Build transit paths Loop - OP - Drive - UrbRail -39 of 40
Tue Apr 23 14:25:54 2024, Build transit paths, Build tranist network
Tue Apr 23 14:26:11 2024, Build transit paths, Tranist network settings
Tue Apr 23 14:26:17 2024, Build transit paths, Transit assignment PF
Tue Apr 23 14:26:45 2024, Build transit paths, Fill stop layer with base ivtt
Tue Apr 23 14:26:45 2024, Build transit paths, Update transit links with correct ivtt
Tue Apr 23 14:26:46 2024, Build transit paths, Transit skim PF
Tue Apr 23 14:28:18 2024, Build transit paths, Calculate boardings in transfers field
Tue Apr 23 14:28:18 2024, Build transit paths, Build transit paths Loop - OP - Drive - ComRail -40 of 40
Tue Apr 23 14:28:18 2024, Build transit paths, Build tranist network
Tue Apr 23 14:28:36 2024, Build transit paths, Tranist network settings
Tue Apr 23 14:28:42 2024, Build transit paths, Transit assignment PF
Tue Apr 23 14:29:10 2024, Build transit paths, Fill stop layer with base ivtt
Tue Apr 23 14:29:11 2024, Build transit paths, Update transit links with correct ivtt
Tue Apr 23 14:29:12 2024, Build transit paths, Transit skim PF
Tue Apr 23 14:30:46 2024, Build transit paths, Calculate boardings in transfers field
Tue Apr 23 14:30:46 2024, Process transit skims
Tue Apr 23 14:54:18 2024, Create percent walk for TCMS
Tue Apr 23 14:56:29 2024, 4 InternalTruckModel.rsc, Run Internal Truck and Commercial Vehicle Model
Tue Apr 23 14:56:29 2024, Aggregate LandUse
Tue Apr 23 14:56:48 2024, Calculate Accessibilities
Tue Apr 23 14:56:58 2024, Run Truck Model
Tue Apr 23 14:57:48 2024, Run Commercial Vehicle Model
Tue Apr 23 14:57:56 2024, Run Trip Length Summaries
Tue Apr 23 14:58:12 2024, Close All Views
Tue Apr 23 14:58:12 2024, 5 VisitorModel.rsc, Run Visitor Model
Tue Apr 23 14:58:12 2024, Prepare input data
Tue Apr 23 14:59:08 2024,  ******************* FINISHED Nashville ABM 2019 - Version 19.1.0 ******************* 
Tue Apr 23 15:12:01 2024,  ******************* STARTED Nashville ABM 2019 - Version 19.1.0 ******************* 
Tue Apr 23 15:12:01 2024, 5 VisitorModel.rsc, Run Visitor Model
Tue Apr 23 15:12:01 2024, Prepare input data
Tue Apr 23 15:24:56 2024,  ******************* FINISHED Nashville ABM 2019 - Version 19.1.0 ******************* 
Tue Apr 23 15:29:49 2024,  ******************* STARTED Nashville ABM 2019 - Version 19.1.0 ******************* 
Tue Apr 23 15:29:49 2024, 5 VisitorModel.rsc, Run Visitor Model
Tue Apr 23 15:29:49 2024, Prepare input data
Tue Apr 23 15:41:20 2024,  ******************* FINISHED Nashville ABM 2019 - Version 19.1.0 ******************* 
Tue Apr 23 15:43:01 2024,  ******************* STARTED Nashville ABM 2019 - Version 19.1.0 ******************* 
Tue Apr 23 15:43:01 2024, 5 VisitorModel.rsc, Run Visitor Model
Tue Apr 23 15:43:02 2024, Prepare input data
Tue Apr 23 15:45:07 2024,  ******************* FINISHED Nashville ABM 2019 - Version 19.1.0 ******************* 
Wed Apr 24 12:36:30 2024,  ******************* STARTED Nashville ABM 2019 - Version 19.1.0 ******************* 
Wed Apr 24 12:36:30 2024, 5 VisitorModel.rsc, Run Visitor Model
Wed Apr 24 12:36:30 2024, Prepare input data
Wed Apr 24 12:36:41 2024, Visitor Trip Gen
Wed Apr 24 12:37:14 2024, Visitor Trip Distribution
Wed Apr 24 12:39:52 2024,  ******************* FINISHED Nashville ABM 2019 - Version 19.1.0 ******************* 
Wed Apr 24 12:43:42 2024,  ******************* STARTED Nashville ABM 2019 - Version 19.1.0 ******************* 
Wed Apr 24 12:43:42 2024, 5 VisitorModel.rsc, Run Visitor Model
Wed Apr 24 12:43:42 2024, Prepare input data
Wed Apr 24 12:43:54 2024, Visitor Trip Gen
Wed Apr 24 12:44:24 2024, Visitor Trip Distribution
Wed Apr 24 12:48:56 2024,  ******************* FINISHED Nashville ABM 2019 - Version 19.1.0 ******************* 
Tue Apr 30 17:40:17 2024,  ******************* STARTED Nashville ABM 2019 - Version 19.1.0 ******************* 
Tue Apr 30 17:40:17 2024, 5 VisitorModel.rsc, Run Visitor Model
Tue Apr 30 17:40:17 2024, Prepare input data
Tue Apr 30 17:40:28 2024, Visitor Trip Gen
Tue Apr 30 17:40:57 2024, Visitor Trip Distribution
Tue Apr 30 17:41:02 2024,  ******************* FINISHED Nashville ABM 2019 - Version 19.1.0 ******************* 
Tue Apr 30 17:42:42 2024,  ******************* STARTED Nashville ABM 2019 - Version 19.1.0 ******************* 
Tue Apr 30 17:42:43 2024, 5 VisitorModel.rsc, Run Visitor Model
Tue Apr 30 17:42:43 2024, Prepare input data
Tue Apr 30 17:42:54 2024, Visitor Trip Gen
Tue Apr 30 17:43:33 2024, Visitor Trip Distribution
Tue Apr 30 17:43:40 2024,  ******************* FINISHED Nashville ABM 2019 - Version 19.1.0 ******************* 
Tue Apr 30 17:47:51 2024,  ******************* STARTED Nashville ABM 2019 - Version 19.1.0 ******************* 
Tue Apr 30 17:47:51 2024, 5 VisitorModel.rsc, Run Visitor Model
Tue Apr 30 17:47:51 2024, Prepare input data
Tue Apr 30 17:48:03 2024, Visitor Trip Gen
Tue Apr 30 17:48:36 2024, Visitor Trip Distribution
Tue Apr 30 17:48:42 2024,  ******************* FINISHED Nashville ABM 2019 - Version 19.1.0 ******************* 
Tue Apr 30 18:20:24 2024,  ******************* STARTED Nashville ABM 2019 - Version 19.1.0 ******************* 
Tue Apr 30 18:20:24 2024, 2.1 HwySkimming.rsc,   ****** Highway Skimming ****** 
Tue Apr 30 18:20:24 2024, Build highway network
Tue Apr 30 18:20:29 2024, Shortest path using length
Tue Apr 30 18:20:30 2024, Terminal time
Tue Apr 30 18:20:31 2024, Build HOV skims
Tue Apr 30 18:21:02 2024, Build SOV skims
Tue Apr 30 18:21:38 2024, 2.1 HwySkimming.rsc, Finished Highway Skimming
Tue Apr 30 18:21:54 2024,  ******************* FINISHED Nashville ABM 2019 - Version 19.1.0 ******************* 
Tue Apr 30 18:22:16 2024,  ******************* STARTED Nashville ABM 2019 - Version 19.1.0 ******************* 
Tue Apr 30 18:22:17 2024, 5 VisitorModel.rsc, Run Visitor Model
Tue Apr 30 18:22:17 2024, Prepare input data
Tue Apr 30 18:22:28 2024, Visitor Trip Gen
Tue Apr 30 18:23:13 2024, Visitor Trip Distribution
Tue Apr 30 18:23:22 2024,  ******************* FINISHED Nashville ABM 2019 - Version 19.1.0 ******************* 
Tue Apr 30 18:29:48 2024,  ******************* STARTED Nashville ABM 2019 - Version 19.1.0 ******************* 
Tue Apr 30 18:29:49 2024, 2.1 HwySkimming.rsc,   ****** Highway Skimming ****** 
Tue Apr 30 18:29:49 2024, Build highway network
Tue Apr 30 18:29:53 2024, Shortest path using length
Tue Apr 30 18:29:54 2024, Terminal time
Tue Apr 30 18:29:55 2024, Build HOV skims
Tue Apr 30 18:30:19 2024, Build SOV skims
Tue Apr 30 18:30:50 2024, 2.1 HwySkimming.rsc, Finished Highway Skimming
Tue Apr 30 18:30:51 2024,  ******************* FINISHED Nashville ABM 2019 - Version 19.1.0 ******************* 
Tue Apr 30 18:30:53 2024,  ******************* STARTED Nashville ABM 2019 - Version 19.1.0 ******************* 
Tue Apr 30 18:30:53 2024, 5 VisitorModel.rsc, Run Visitor Model
Tue Apr 30 18:30:53 2024, Prepare input data
Tue Apr 30 18:31:04 2024, Visitor Trip Gen
Tue Apr 30 18:32:12 2024, Visitor Trip Distribution
Tue Apr 30 18:32:41 2024,  ******************* FINISHED Nashville ABM 2019 - Version 19.1.0 ******************* 
Thu May  2 16:38:23 2024,  ******************* STARTED Nashville ABM 2019 - Version 19.1.0 ******************* 
Thu May  2 16:38:23 2024, 2.1 HwySkimming.rsc,   ****** Highway Skimming ****** 
Thu May  2 16:38:23 2024, Build highway network
Thu May  2 16:38:28 2024, Shortest path using length
Thu May  2 16:38:29 2024, Terminal time
Thu May  2 16:38:30 2024, Build HOV skims
Thu May  2 16:38:55 2024, Build SOV skims
Thu May  2 16:39:54 2024, 2.1 HwySkimming.rsc, Finished Highway Skimming
Thu May  2 16:40:39 2024,  ******************* FINISHED Nashville ABM 2019 - Version 19.1.0 ******************* 
Thu May  2 16:43:09 2024,  ******************* STARTED Nashville ABM 2019 - Version 19.1.0 ******************* 
Thu May  2 16:43:09 2024, 5 VisitorModel.rsc, Run Visitor Model
Thu May  2 16:43:09 2024, Prepare input data
Thu May  2 16:43:51 2024, Visitor Trip Gen
Thu May  2 16:44:59 2024, Visitor Trip Distribution
Thu May  2 16:45:06 2024,  ******************* FINISHED Nashville ABM 2019 - Version 19.1.0 ******************* 
Thu May  2 16:47:15 2024,  ******************* STARTED Nashville ABM 2019 - Version 19.1.0 ******************* 
Thu May  2 16:47:15 2024, 5 VisitorModel.rsc, Run Visitor Model
Thu May  2 16:47:15 2024, Prepare input data
Thu May  2 16:47:58 2024, Visitor Trip Gen
Thu May  2 16:49:20 2024, Visitor Trip Distribution
Thu May  2 16:49:33 2024,  ******************* FINISHED Nashville ABM 2019 - Version 19.1.0 ******************* 
Thu May  2 16:51:35 2024,  ******************* STARTED Nashville ABM 2019 - Version 19.1.0 ******************* 
Thu May  2 16:51:35 2024, 5 VisitorModel.rsc, Run Visitor Model
Thu May  2 16:51:35 2024, Prepare input data
Thu May  2 16:52:17 2024, Visitor Trip Gen
Thu May  2 16:57:54 2024, Visitor Trip Distribution
Thu May  2 17:05:20 2024,  ******************* FINISHED Nashville ABM 2019 - Version 19.1.0 ******************* 
Thu May  2 17:05:22 2024,  ******************* STARTED Nashville ABM 2019 - Version 19.1.0 ******************* 
Thu May  2 17:05:22 2024, 5 VisitorModel.rsc, Run Visitor Model
Thu May  2 17:05:22 2024, Prepare input data
Thu May  2 17:06:02 2024, Visitor Trip Gen
Thu May  2 17:08:40 2024, Visitor Trip Distribution
Thu May  2 17:11:02 2024,  ******************* FINISHED Nashville ABM 2019 - Version 19.1.0 ******************* 
Thu May  2 18:07:22 2024,  ******************* STARTED Nashville ABM 2019 - Version 19.1.0 ******************* 
Thu May  2 18:07:22 2024, 5 VisitorModel.rsc, Run Visitor Model
Thu May  2 18:07:22 2024, Prepare input data
Thu May  2 18:07:33 2024, Visitor Trip Gen
Thu May  2 18:07:46 2024, Visitor Trip Distribution
Thu May  2 18:08:02 2024,  ******************* FINISHED Nashville ABM 2019 - Version 19.1.0 ******************* 
Thu May  2 18:16:49 2024,  ******************* STARTED Nashville ABM 2019 - Version 19.1.0 ******************* 
Thu May  2 18:16:49 2024, 5 VisitorModel.rsc, Run Visitor Model
Thu May  2 18:16:49 2024, Prepare input data
Thu May  2 18:17:31 2024,  ******************* FINISHED Nashville ABM 2019 - Version 19.1.0 ******************* 
Thu May  2 18:18:24 2024,  ******************* STARTED Nashville ABM 2019 - Version 19.1.0 ******************* 
Thu May  2 18:18:24 2024, 5 VisitorModel.rsc, Run Visitor Model
Thu May  2 18:18:25 2024, Prepare input data
Thu May  2 18:19:10 2024,  ******************* FINISHED Nashville ABM 2019 - Version 19.1.0 ******************* 
Thu May  2 18:19:27 2024,  ******************* STARTED Nashville ABM 2019 - Version 19.1.0 ******************* 
Thu May  2 18:19:27 2024, 5 VisitorModel.rsc, Run Visitor Model
Thu May  2 18:19:27 2024, Prepare input data
Thu May  2 18:20:11 2024,  ******************* FINISHED Nashville ABM 2019 - Version 19.1.0 ******************* 
Thu May  2 18:21:19 2024,  ******************* STARTED Nashville ABM 2019 - Version 19.1.0 ******************* 
Thu May  2 18:21:19 2024, 2.1 HwySkimming.rsc,   ****** Highway Skimming ****** 
Thu May  2 18:21:19 2024, Build highway network
Thu May  2 18:21:26 2024, Shortest path using length
Thu May  2 18:21:28 2024, Terminal time
Thu May  2 18:21:30 2024, Build HOV skims
Thu May  2 18:22:18 2024, Build SOV skims
Thu May  2 18:23:19 2024, 2.1 HwySkimming.rsc, Finished Highway Skimming
Thu May  2 18:23:19 2024, 2.2 TransitSkimming.rsc,   ****** Transit Skimming ****** 
Thu May  2 18:23:19 2024, Set transit paramters
Thu May  2 18:23:19 2024, Prepare inputs
Thu May  2 18:25:09 2024, Build drive connectors
Thu May  2 18:28:00 2024,  ******************* FINISHED Nashville ABM 2019 - Version 19.1.0 ******************* 
Thu May  2 18:28:17 2024,  ******************* STARTED Nashville ABM 2019 - Version 19.1.0 ******************* 
Thu May  2 18:28:17 2024, 2.1 HwySkimming.rsc,   ****** Highway Skimming ****** 
Thu May  2 18:28:17 2024, Build highway network
Thu May  2 18:28:25 2024, Shortest path using length
Thu May  2 18:28:26 2024, Terminal time
Thu May  2 18:28:30 2024, Build HOV skims
Thu May  2 18:29:13 2024, Build SOV skims
Thu May  2 18:30:08 2024, 2.1 HwySkimming.rsc, Finished Highway Skimming
Thu May  2 18:30:17 2024,  ******************* FINISHED Nashville ABM 2019 - Version 19.1.0 ******************* 
Thu May  2 18:30:18 2024,  ******************* STARTED Nashville ABM 2019 - Version 19.1.0 ******************* 
Thu May  2 18:30:18 2024, 5 VisitorModel.rsc, Run Visitor Model
Thu May  2 18:30:18 2024, Prepare input data
Thu May  2 18:31:01 2024,  ******************* FINISHED Nashville ABM 2019 - Version 19.1.0 ******************* 
Thu May  2 18:37:11 2024,  ******************* STARTED Nashville ABM 2019 - Version 19.1.0 ******************* 
Thu May  2 18:37:11 2024, 5 VisitorModel.rsc, Run Visitor Model
Thu May  2 18:37:11 2024, Prepare input data
Thu May  2 18:39:27 2024,  ******************* FINISHED Nashville ABM 2019 - Version 19.1.0 ******************* 
Thu May  2 18:40:07 2024,  ******************* STARTED Nashville ABM 2019 - Version 19.1.0 ******************* 
Thu May  2 18:40:07 2024, 5 VisitorModel.rsc, Run Visitor Model
Thu May  2 18:40:07 2024, Prepare input data
Thu May  2 18:41:22 2024,  ******************* FINISHED Nashville ABM 2019 - Version 19.1.0 ******************* 
Thu May  2 18:42:05 2024,  ******************* STARTED Nashville ABM 2019 - Version 19.1.0 ******************* 
Thu May  2 18:42:05 2024, 5 VisitorModel.rsc, Run Visitor Model
Thu May  2 18:42:05 2024, Prepare input data
Thu May  2 18:42:54 2024,  ******************* FINISHED Nashville ABM 2019 - Version 19.1.0 ******************* 
Thu May  2 18:43:04 2024,  ******************* STARTED Nashville ABM 2019 - Version 19.1.0 ******************* 
Thu May  2 18:43:04 2024, 5 VisitorModel.rsc, Run Visitor Model
Thu May  2 18:43:11 2024, Prepare input data
Thu May  2 18:47:26 2024,  ******************* FINISHED Nashville ABM 2019 - Version 19.1.0 ******************* 
Thu May  2 19:12:36 2024,  ******************* STARTED Nashville ABM 2019 - Version 19.1.0 ******************* 
Thu May  2 19:12:36 2024, 5 VisitorModel.rsc, Run Visitor Model
Thu May  2 19:12:36 2024, Prepare input data
Thu May  2 19:13:34 2024,  ******************* FINISHED Nashville ABM 2019 - Version 19.1.0 ******************* 
Thu May  2 19:13:57 2024,  ******************* STARTED Nashville ABM 2019 - Version 19.1.0 ******************* 
Thu May  2 19:13:57 2024, 5 VisitorModel.rsc, Run Visitor Model
Thu May  2 19:13:57 2024, Prepare input data
Thu May  2 19:14:44 2024,  ******************* FINISHED Nashville ABM 2019 - Version 19.1.0 ******************* 
Thu May  2 19:15:03 2024,  ******************* STARTED Nashville ABM 2019 - Version 19.1.0 ******************* 
Thu May  2 19:15:03 2024, 5 VisitorModel.rsc, Run Visitor Model
Thu May  2 19:15:03 2024, Prepare input data
Thu May  2 19:17:35 2024,  ******************* FINISHED Nashville ABM 2019 - Version 19.1.0 ******************* 
Thu May  2 19:34:44 2024,  ******************* STARTED Nashville ABM 2019 - Version 19.1.0 ******************* 
Thu May  2 19:34:44 2024, 5 VisitorModel.rsc, Run Visitor Model
Thu May  2 19:34:44 2024, Prepare input data
Thu May  2 19:35:10 2024, Visitor Trip Gen
Thu May  2 19:35:16 2024, Visitor Trip Distribution
Thu May  2 19:35:18 2024, Visitor Trip Mode Choice
Thu May  2 19:35:19 2024, Visitor Trip Time of Day
Thu May  2 20:24:14 2024,  ******************* FINISHED Nashville ABM 2019 - Version 19.1.0 ******************* 
Fri May  3 13:41:39 2024,  ******************* STARTED Nashville ABM 2019 - Version 19.1.0 ******************* 
Fri May  3 13:41:39 2024, 1.1 Initialization.rsc, Initialization
Fri May  3 13:47:03 2024, 1.1 Initialization.rsc, Area Type
Fri May  3 13:57:14 2024, 1.1 Initialization.rsc, Capacity and FF Speed
Fri May  3 14:28:01 2024, 2.1 HwySkimming.rsc,   ****** Highway Skimming ****** 
Fri May  3 14:28:01 2024, Build highway network
Fri May  3 14:28:08 2024, Shortest path using length
Fri May  3 14:28:10 2024, Terminal time
Fri May  3 14:28:12 2024, Build HOV skims
Fri May  3 14:28:55 2024, Build SOV skims
Fri May  3 14:29:58 2024, 2.1 HwySkimming.rsc, Finished Highway Skimming
Fri May  3 14:29:58 2024, 2.2 TransitSkimming.rsc,   ****** Transit Skimming ****** 
Fri May  3 14:29:58 2024, Set transit paramters
Fri May  3 14:29:58 2024, Prepare inputs
Fri May  3 14:31:49 2024, Build drive connectors
Fri May  3 14:35:34 2024, Build transit paths
Fri May  3 14:35:34 2024, Build transit paths, Build transit paths Loop - AM - Walk - Local -1 of 40
Fri May  3 14:35:34 2024, Build transit paths, Build tranist network
Fri May  3 14:35:52 2024, Build transit paths, Tranist network settings
Fri May  3 14:35:54 2024, Build transit paths, Transit assignment PF
Fri May  3 14:36:07 2024, Build transit paths, Fill stop layer with base ivtt
Fri May  3 14:36:08 2024, Build transit paths, Update transit links with correct ivtt
Fri May  3 14:36:09 2024, Build transit paths, Transit skim PF
Fri May  3 14:37:29 2024, Build transit paths, Calculate boardings in transfers field
Fri May  3 14:37:29 2024, Build transit paths, Build transit paths Loop - AM - Walk - Brt -2 of 40
Fri May  3 14:37:29 2024, Build transit paths, Build tranist network
Fri May  3 14:37:48 2024, Build transit paths, Tranist network settings
Fri May  3 14:37:50 2024, Build transit paths, Transit assignment PF
Fri May  3 14:38:03 2024, Build transit paths, Fill stop layer with base ivtt
Fri May  3 14:38:03 2024, Build transit paths, Update transit links with correct ivtt
Fri May  3 14:38:04 2024, Build transit paths, Transit skim PF
Fri May  3 14:39:24 2024, Build transit paths, Calculate boardings in transfers field
Fri May  3 14:39:24 2024, Build transit paths, Build transit paths Loop - AM - Walk - ExpBus -3 of 40
Fri May  3 14:39:24 2024, Build transit paths, Build tranist network
Fri May  3 14:39:43 2024, Build transit paths, Tranist network settings
Fri May  3 14:39:44 2024, Build transit paths, Transit assignment PF
Fri May  3 14:39:58 2024, Build transit paths, Fill stop layer with base ivtt
Fri May  3 14:39:59 2024, Build transit paths, Update transit links with correct ivtt
Fri May  3 14:40:00 2024, Build transit paths, Transit skim PF
Fri May  3 14:41:22 2024, Build transit paths, Calculate boardings in transfers field
Fri May  3 14:41:22 2024, Build transit paths, Build transit paths Loop - AM - Walk - UrbRail -4 of 40
Fri May  3 14:41:22 2024, Build transit paths, Build tranist network
Fri May  3 14:41:41 2024, Build transit paths, Tranist network settings
Fri May  3 14:41:42 2024, Build transit paths, Transit assignment PF
Fri May  3 14:41:57 2024, Build transit paths, Fill stop layer with base ivtt
Fri May  3 14:41:57 2024, Build transit paths, Update transit links with correct ivtt
Fri May  3 14:41:58 2024, Build transit paths, Transit skim PF
Fri May  3 14:43:22 2024, Build transit paths, Calculate boardings in transfers field
Fri May  3 14:43:23 2024, Build transit paths, Build transit paths Loop - AM - Walk - ComRail -5 of 40
Fri May  3 14:43:23 2024, Build transit paths, Build tranist network
Fri May  3 14:43:42 2024, Build transit paths, Tranist network settings
Fri May  3 14:43:43 2024, Build transit paths, Transit assignment PF
Fri May  3 14:43:58 2024, Build transit paths, Fill stop layer with base ivtt
Fri May  3 14:43:58 2024, Build transit paths, Update transit links with correct ivtt
Fri May  3 14:43:59 2024, Build transit paths, Transit skim PF
Fri May  3 14:45:24 2024, Build transit paths, Calculate boardings in transfers field
Fri May  3 14:45:24 2024, Build transit paths, Build transit paths Loop - AM - Drive - Local -6 of 40
Fri May  3 14:45:24 2024, Build transit paths, Build tranist network
Fri May  3 14:45:43 2024, Build transit paths, Tranist network settings
Fri May  3 14:45:48 2024, Build transit paths, Transit assignment PF
Fri May  3 14:46:02 2024, Build transit paths, Fill stop layer with base ivtt
Fri May  3 14:46:03 2024, Build transit paths, Update transit links with correct ivtt
Fri May  3 14:46:04 2024, Build transit paths, Transit skim PF
Fri May  3 14:46:56 2024, Build transit paths, Calculate boardings in transfers field
Fri May  3 14:46:56 2024, Build transit paths, Build transit paths Loop - AM - Drive - Brt -7 of 40
Fri May  3 14:46:56 2024, Build transit paths, Build tranist network
Fri May  3 14:47:15 2024, Build transit paths, Tranist network settings
Fri May  3 14:47:20 2024, Build transit paths, Transit assignment PF
Fri May  3 14:47:33 2024, Build transit paths, Fill stop layer with base ivtt
Fri May  3 14:47:34 2024, Build transit paths, Update transit links with correct ivtt
Fri May  3 14:47:35 2024, Build transit paths, Transit skim PF
Fri May  3 14:48:25 2024, Build transit paths, Calculate boardings in transfers field
Fri May  3 14:48:25 2024, Build transit paths, Build transit paths Loop - AM - Drive - ExpBus -8 of 40
Fri May  3 14:48:25 2024, Build transit paths, Build tranist network
Fri May  3 14:48:43 2024, Build transit paths, Tranist network settings
Fri May  3 14:48:49 2024, Build transit paths, Transit assignment PF
Fri May  3 14:49:03 2024, Build transit paths, Fill stop layer with base ivtt
Fri May  3 14:49:04 2024, Build transit paths, Update transit links with correct ivtt
Fri May  3 14:49:04 2024, Build transit paths, Transit skim PF
Fri May  3 14:49:59 2024, Build transit paths, Calculate boardings in transfers field
Fri May  3 14:49:59 2024, Build transit paths, Build transit paths Loop - AM - Drive - UrbRail -9 of 40
Fri May  3 14:49:59 2024, Build transit paths, Build tranist network
Fri May  3 14:50:18 2024, Build transit paths, Tranist network settings
Fri May  3 14:50:23 2024, Build transit paths, Transit assignment PF
Fri May  3 14:50:37 2024, Build transit paths, Fill stop layer with base ivtt
Fri May  3 14:50:38 2024, Build transit paths, Update transit links with correct ivtt
Fri May  3 14:50:39 2024, Build transit paths, Transit skim PF
Fri May  3 14:51:32 2024, Build transit paths, Calculate boardings in transfers field
Fri May  3 14:51:32 2024, Build transit paths, Build transit paths Loop - AM - Drive - ComRail -10 of 40
Fri May  3 14:51:32 2024, Build transit paths, Build tranist network
Fri May  3 14:51:51 2024, Build transit paths, Tranist network settings
Fri May  3 14:51:56 2024, Build transit paths, Transit assignment PF
Fri May  3 14:52:11 2024, Build transit paths, Fill stop layer with base ivtt
Fri May  3 14:52:12 2024, Build transit paths, Update transit links with correct ivtt
Fri May  3 14:52:13 2024, Build transit paths, Transit skim PF
Fri May  3 14:53:08 2024, Build transit paths, Calculate boardings in transfers field
Fri May  3 14:53:08 2024, Build transit paths, Build transit paths Loop - MD - Walk - Local -11 of 40
Fri May  3 14:53:08 2024, Build transit paths, Build tranist network
Fri May  3 14:53:27 2024, Build transit paths, Tranist network settings
Fri May  3 14:53:28 2024, Build transit paths, Transit assignment PF
Fri May  3 14:53:42 2024, Build transit paths, Fill stop layer with base ivtt
Fri May  3 14:53:42 2024, Build transit paths, Update transit links with correct ivtt
Fri May  3 14:53:43 2024, Build transit paths, Transit skim PF
Fri May  3 14:55:05 2024, Build transit paths, Calculate boardings in transfers field
Fri May  3 14:55:05 2024, Build transit paths, Build transit paths Loop - MD - Walk - Brt -12 of 40
Fri May  3 14:55:05 2024, Build transit paths, Build tranist network
Fri May  3 14:55:24 2024, Build transit paths, Tranist network settings
Fri May  3 14:55:25 2024, Build transit paths, Transit assignment PF
Fri May  3 14:55:39 2024, Build transit paths, Fill stop layer with base ivtt
Fri May  3 14:55:39 2024, Build transit paths, Update transit links with correct ivtt
Fri May  3 14:55:40 2024, Build transit paths, Transit skim PF
Fri May  3 14:57:02 2024, Build transit paths, Calculate boardings in transfers field
Fri May  3 14:57:02 2024, Build transit paths, Build transit paths Loop - MD - Walk - ExpBus -13 of 40
Fri May  3 14:57:02 2024, Build transit paths, Build tranist network
Fri May  3 14:57:21 2024, Build transit paths, Tranist network settings
Fri May  3 14:57:23 2024, Build transit paths, Transit assignment PF
Fri May  3 14:57:37 2024, Build transit paths, Fill stop layer with base ivtt
Fri May  3 14:57:37 2024, Build transit paths, Update transit links with correct ivtt
Fri May  3 14:57:38 2024, Build transit paths, Transit skim PF
Fri May  3 14:59:02 2024, Build transit paths, Calculate boardings in transfers field
Fri May  3 14:59:02 2024, Build transit paths, Build transit paths Loop - MD - Walk - UrbRail -14 of 40
Fri May  3 14:59:02 2024, Build transit paths, Build tranist network
Fri May  3 14:59:21 2024, Build transit paths, Tranist network settings
Fri May  3 14:59:22 2024, Build transit paths, Transit assignment PF
Fri May  3 14:59:37 2024, Build transit paths, Fill stop layer with base ivtt
Fri May  3 14:59:37 2024, Build transit paths, Update transit links with correct ivtt
Fri May  3 14:59:38 2024, Build transit paths, Transit skim PF
Fri May  3 15:01:01 2024, Build transit paths, Calculate boardings in transfers field
Fri May  3 15:01:02 2024, Build transit paths, Build transit paths Loop - MD - Walk - ComRail -15 of 40
Fri May  3 15:01:02 2024, Build transit paths, Build tranist network
Fri May  3 15:01:20 2024, Build transit paths, Tranist network settings
Fri May  3 15:01:22 2024, Build transit paths, Transit assignment PF
Fri May  3 15:01:36 2024, Build transit paths, Fill stop layer with base ivtt
Fri May  3 15:01:37 2024, Build transit paths, Update transit links with correct ivtt
Fri May  3 15:01:38 2024, Build transit paths, Transit skim PF
Fri May  3 15:03:02 2024, Build transit paths, Calculate boardings in transfers field
Fri May  3 15:03:03 2024, Build transit paths, Build transit paths Loop - MD - Drive - Local -16 of 40
Fri May  3 15:03:03 2024, Build transit paths, Build tranist network
Fri May  3 15:03:21 2024, Build transit paths, Tranist network settings
Fri May  3 15:03:26 2024, Build transit paths, Transit assignment PF
Fri May  3 15:03:41 2024, Build transit paths, Fill stop layer with base ivtt
Fri May  3 15:03:41 2024, Build transit paths, Update transit links with correct ivtt
Fri May  3 15:03:42 2024, Build transit paths, Transit skim PF
Fri May  3 15:04:32 2024, Build transit paths, Calculate boardings in transfers field
Fri May  3 15:04:33 2024, Build transit paths, Build transit paths Loop - MD - Drive - Brt -17 of 40
Fri May  3 15:04:33 2024, Build transit paths, Build tranist network
Fri May  3 15:04:51 2024, Build transit paths, Tranist network settings
Fri May  3 15:04:56 2024, Build transit paths, Transit assignment PF
Fri May  3 15:05:11 2024, Build transit paths, Fill stop layer with base ivtt
Fri May  3 15:05:11 2024, Build transit paths, Update transit links with correct ivtt
Fri May  3 15:05:12 2024, Build transit paths, Transit skim PF
Fri May  3 15:06:02 2024, Build transit paths, Calculate boardings in transfers field
Fri May  3 15:06:02 2024, Build transit paths, Build transit paths Loop - MD - Drive - ExpBus -18 of 40
Fri May  3 15:06:02 2024, Build transit paths, Build tranist network
Fri May  3 15:06:20 2024, Build transit paths, Tranist network settings
Fri May  3 15:06:26 2024, Build transit paths, Transit assignment PF
Fri May  3 15:06:41 2024, Build transit paths, Fill stop layer with base ivtt
Fri May  3 15:06:41 2024, Build transit paths, Update transit links with correct ivtt
Fri May  3 15:06:42 2024, Build transit paths, Transit skim PF
Fri May  3 15:07:34 2024, Build transit paths, Calculate boardings in transfers field
Fri May  3 15:07:34 2024, Build transit paths, Build transit paths Loop - MD - Drive - UrbRail -19 of 40
Fri May  3 15:07:34 2024, Build transit paths, Build tranist network
Fri May  3 15:07:53 2024, Build transit paths, Tranist network settings
Fri May  3 15:07:59 2024, Build transit paths, Transit assignment PF
Fri May  3 15:08:13 2024, Build transit paths, Fill stop layer with base ivtt
Fri May  3 15:08:14 2024, Build transit paths, Update transit links with correct ivtt
Fri May  3 15:08:15 2024, Build transit paths, Transit skim PF
Fri May  3 15:09:08 2024, Build transit paths, Calculate boardings in transfers field
Fri May  3 15:09:09 2024, Build transit paths, Build transit paths Loop - MD - Drive - ComRail -20 of 40
Fri May  3 15:09:09 2024, Build transit paths, Build tranist network
Fri May  3 15:09:27 2024, Build transit paths, Tranist network settings
Fri May  3 15:09:32 2024, Build transit paths, Transit assignment PF
Fri May  3 15:09:48 2024, Build transit paths, Fill stop layer with base ivtt
Fri May  3 15:09:48 2024, Build transit paths, Update transit links with correct ivtt
Fri May  3 15:09:49 2024, Build transit paths, Transit skim PF
Fri May  3 15:10:43 2024, Build transit paths, Calculate boardings in transfers field
Fri May  3 15:10:43 2024, Build transit paths, Build transit paths Loop - PM - Walk - Local -21 of 40
Fri May  3 15:10:43 2024, Build transit paths, Build tranist network
Fri May  3 15:11:02 2024, Build transit paths, Tranist network settings
Fri May  3 15:11:03 2024, Build transit paths, Transit assignment PF
Fri May  3 15:11:18 2024, Build transit paths, Fill stop layer with base ivtt
Fri May  3 15:11:18 2024, Build transit paths, Update transit links with correct ivtt
Fri May  3 15:11:19 2024, Build transit paths, Transit skim PF
Fri May  3 15:12:42 2024, Build transit paths, Calculate boardings in transfers field
Fri May  3 15:12:43 2024, Build transit paths, Build transit paths Loop - PM - Walk - Brt -22 of 40
Fri May  3 15:12:43 2024, Build transit paths, Build tranist network
Fri May  3 15:13:01 2024, Build transit paths, Tranist network settings
Fri May  3 15:13:03 2024, Build transit paths, Transit assignment PF
Fri May  3 15:13:17 2024, Build transit paths, Fill stop layer with base ivtt
Fri May  3 15:13:18 2024, Build transit paths, Update transit links with correct ivtt
Fri May  3 15:13:19 2024, Build transit paths, Transit skim PF
Fri May  3 15:14:42 2024, Build transit paths, Calculate boardings in transfers field
Fri May  3 15:14:42 2024, Build transit paths, Build transit paths Loop - PM - Walk - ExpBus -23 of 40
Fri May  3 15:14:42 2024, Build transit paths, Build tranist network
Fri May  3 15:15:02 2024, Build transit paths, Tranist network settings
Fri May  3 15:15:03 2024, Build transit paths, Transit assignment PF
Fri May  3 15:15:20 2024, Build transit paths, Fill stop layer with base ivtt
Fri May  3 15:15:20 2024, Build transit paths, Update transit links with correct ivtt
Fri May  3 15:15:21 2024, Build transit paths, Transit skim PF
Fri May  3 15:16:49 2024, Build transit paths, Calculate boardings in transfers field
Fri May  3 15:16:49 2024, Build transit paths, Build transit paths Loop - PM - Walk - UrbRail -24 of 40
Fri May  3 15:16:49 2024, Build transit paths, Build tranist network
Fri May  3 15:17:08 2024, Build transit paths, Tranist network settings
Fri May  3 15:17:10 2024, Build transit paths, Transit assignment PF
Fri May  3 15:17:27 2024, Build transit paths, Fill stop layer with base ivtt
Fri May  3 15:17:28 2024, Build transit paths, Update transit links with correct ivtt
Fri May  3 15:17:29 2024, Build transit paths, Transit skim PF
Fri May  3 15:19:06 2024, Build transit paths, Calculate boardings in transfers field
Fri May  3 15:19:06 2024, Build transit paths, Build transit paths Loop - PM - Walk - ComRail -25 of 40
Fri May  3 15:19:06 2024, Build transit paths, Build tranist network
Fri May  3 15:19:25 2024, Build transit paths, Tranist network settings
Fri May  3 15:19:27 2024, Build transit paths, Transit assignment PF
Fri May  3 15:19:45 2024, Build transit paths, Fill stop layer with base ivtt
Fri May  3 15:19:45 2024, Build transit paths, Update transit links with correct ivtt
Fri May  3 15:19:46 2024, Build transit paths, Transit skim PF
Fri May  3 15:21:16 2024, Build transit paths, Calculate boardings in transfers field
Fri May  3 15:21:16 2024, Build transit paths, Build transit paths Loop - PM - Drive - Local -26 of 40
Fri May  3 15:21:16 2024, Build transit paths, Build tranist network
Fri May  3 15:21:35 2024, Build transit paths, Tranist network settings
Fri May  3 15:21:40 2024, Build transit paths, Transit assignment PF
Fri May  3 15:22:11 2024, Build transit paths, Fill stop layer with base ivtt
Fri May  3 15:22:11 2024, Build transit paths, Update transit links with correct ivtt
Fri May  3 15:22:12 2024, Build transit paths, Transit skim PF
Fri May  3 15:23:45 2024, Build transit paths, Calculate boardings in transfers field
Fri May  3 15:23:45 2024, Build transit paths, Build transit paths Loop - PM - Drive - Brt -27 of 40
Fri May  3 15:23:45 2024, Build transit paths, Build tranist network
Fri May  3 15:24:04 2024, Build transit paths, Tranist network settings
Fri May  3 15:24:09 2024, Build transit paths, Transit assignment PF
Fri May  3 15:24:42 2024, Build transit paths, Fill stop layer with base ivtt
Fri May  3 15:24:42 2024, Build transit paths, Update transit links with correct ivtt
Fri May  3 15:24:43 2024, Build transit paths, Transit skim PF
Fri May  3 15:26:17 2024, Build transit paths, Calculate boardings in transfers field
Fri May  3 15:26:17 2024, Build transit paths, Build transit paths Loop - PM - Drive - ExpBus -28 of 40
Fri May  3 15:26:17 2024, Build transit paths, Build tranist network
Fri May  3 15:26:36 2024, Build transit paths, Tranist network settings
Fri May  3 15:26:41 2024, Build transit paths, Transit assignment PF
Fri May  3 15:27:14 2024, Build transit paths, Fill stop layer with base ivtt
Fri May  3 15:27:14 2024, Build transit paths, Update transit links with correct ivtt
Fri May  3 15:27:15 2024, Build transit paths, Transit skim PF
Fri May  3 15:28:52 2024, Build transit paths, Calculate boardings in transfers field
Fri May  3 15:28:52 2024, Build transit paths, Build transit paths Loop - PM - Drive - UrbRail -29 of 40
Fri May  3 15:28:52 2024, Build transit paths, Build tranist network
Fri May  3 15:29:11 2024, Build transit paths, Tranist network settings
Fri May  3 15:29:17 2024, Build transit paths, Transit assignment PF
Fri May  3 15:29:50 2024, Build transit paths, Fill stop layer with base ivtt
Fri May  3 15:29:50 2024, Build transit paths, Update transit links with correct ivtt
Fri May  3 15:29:51 2024, Build transit paths, Transit skim PF
Fri May  3 15:31:28 2024, Build transit paths, Calculate boardings in transfers field
Fri May  3 15:31:28 2024, Build transit paths, Build transit paths Loop - PM - Drive - ComRail -30 of 40
Fri May  3 15:31:28 2024, Build transit paths, Build tranist network
Fri May  3 15:31:47 2024, Build transit paths, Tranist network settings
Fri May  3 15:31:52 2024, Build transit paths, Transit assignment PF
Fri May  3 15:32:27 2024, Build transit paths, Fill stop layer with base ivtt
Fri May  3 15:32:27 2024, Build transit paths, Update transit links with correct ivtt
Fri May  3 15:32:28 2024, Build transit paths, Transit skim PF
Fri May  3 15:34:05 2024, Build transit paths, Calculate boardings in transfers field
Fri May  3 15:34:05 2024, Build transit paths, Build transit paths Loop - OP - Walk - Local -31 of 40
Fri May  3 15:34:05 2024, Build transit paths, Build tranist network
Fri May  3 15:34:23 2024, Build transit paths, Tranist network settings
Fri May  3 15:34:24 2024, Build transit paths, Transit assignment PF
Fri May  3 15:34:41 2024, Build transit paths, Fill stop layer with base ivtt
Fri May  3 15:34:41 2024, Build transit paths, Update transit links with correct ivtt
Fri May  3 15:34:42 2024, Build transit paths, Transit skim PF
Fri May  3 15:36:03 2024, Build transit paths, Calculate boardings in transfers field
Fri May  3 15:36:04 2024, Build transit paths, Build transit paths Loop - OP - Walk - Brt -32 of 40
Fri May  3 15:36:04 2024, Build transit paths, Build tranist network
Fri May  3 15:36:22 2024, Build transit paths, Tranist network settings
Fri May  3 15:36:23 2024, Build transit paths, Transit assignment PF
Fri May  3 15:36:40 2024, Build transit paths, Fill stop layer with base ivtt
Fri May  3 15:36:40 2024, Build transit paths, Update transit links with correct ivtt
Fri May  3 15:36:41 2024, Build transit paths, Transit skim PF
Fri May  3 15:38:02 2024, Build transit paths, Calculate boardings in transfers field
Fri May  3 15:38:03 2024, Build transit paths, Build transit paths Loop - OP - Walk - ExpBus -33 of 40
Fri May  3 15:38:03 2024, Build transit paths, Build tranist network
Fri May  3 15:38:21 2024, Build transit paths, Tranist network settings
Fri May  3 15:38:23 2024, Build transit paths, Transit assignment PF
Fri May  3 15:38:39 2024, Build transit paths, Fill stop layer with base ivtt
Fri May  3 15:38:40 2024, Build transit paths, Update transit links with correct ivtt
Fri May  3 15:38:41 2024, Build transit paths, Transit skim PF
Fri May  3 15:40:04 2024, Build transit paths, Calculate boardings in transfers field
Fri May  3 15:40:04 2024, Build transit paths, Build transit paths Loop - OP - Walk - UrbRail -34 of 40
Fri May  3 15:40:04 2024, Build transit paths, Build tranist network
Fri May  3 15:40:22 2024, Build transit paths, Tranist network settings
Fri May  3 15:40:24 2024, Build transit paths, Transit assignment PF
Fri May  3 15:40:41 2024, Build transit paths, Fill stop layer with base ivtt
Fri May  3 15:40:41 2024, Build transit paths, Update transit links with correct ivtt
Fri May  3 15:40:42 2024, Build transit paths, Transit skim PF
Fri May  3 15:42:04 2024, Build transit paths, Calculate boardings in transfers field
Fri May  3 15:42:04 2024, Build transit paths, Build transit paths Loop - OP - Walk - ComRail -35 of 40
Fri May  3 15:42:04 2024, Build transit paths, Build tranist network
Fri May  3 15:42:22 2024, Build transit paths, Tranist network settings
Fri May  3 15:42:24 2024, Build transit paths, Transit assignment PF
Fri May  3 15:42:41 2024, Build transit paths, Fill stop layer with base ivtt
Fri May  3 15:42:42 2024, Build transit paths, Update transit links with correct ivtt
Fri May  3 15:42:43 2024, Build transit paths, Transit skim PF
Fri May  3 15:44:07 2024, Build transit paths, Calculate boardings in transfers field
Fri May  3 15:44:07 2024, Build transit paths, Build transit paths Loop - OP - Drive - Local -36 of 40
Fri May  3 15:44:07 2024, Build transit paths, Build tranist network
Fri May  3 15:44:26 2024, Build transit paths, Tranist network settings
Fri May  3 15:44:31 2024, Build transit paths, Transit assignment PF
Fri May  3 15:45:04 2024, Build transit paths, Fill stop layer with base ivtt
Fri May  3 15:45:04 2024, Build transit paths, Update transit links with correct ivtt
Fri May  3 15:45:05 2024, Build transit paths, Transit skim PF
Fri May  3 15:46:38 2024, Build transit paths, Calculate boardings in transfers field
Fri May  3 15:46:39 2024, Build transit paths, Build transit paths Loop - OP - Drive - Brt -37 of 40
Fri May  3 15:46:39 2024, Build transit paths, Build tranist network
Fri May  3 15:46:57 2024, Build transit paths, Tranist network settings
Fri May  3 15:47:02 2024, Build transit paths, Transit assignment PF
Fri May  3 15:47:36 2024, Build transit paths, Fill stop layer with base ivtt
Fri May  3 15:47:36 2024, Build transit paths, Update transit links with correct ivtt
Fri May  3 15:47:37 2024, Build transit paths, Transit skim PF
Fri May  3 15:49:11 2024, Build transit paths, Calculate boardings in transfers field
Fri May  3 15:49:11 2024, Build transit paths, Build transit paths Loop - OP - Drive - ExpBus -38 of 40
Fri May  3 15:49:11 2024, Build transit paths, Build tranist network
Fri May  3 15:49:29 2024, Build transit paths, Tranist network settings
Fri May  3 15:49:35 2024, Build transit paths, Transit assignment PF
Fri May  3 15:50:09 2024, Build transit paths, Fill stop layer with base ivtt
Fri May  3 15:50:09 2024, Build transit paths, Update transit links with correct ivtt
Fri May  3 15:50:10 2024, Build transit paths, Transit skim PF
Fri May  3 15:51:44 2024, Build transit paths, Calculate boardings in transfers field
Fri May  3 15:51:44 2024, Build transit paths, Build transit paths Loop - OP - Drive - UrbRail -39 of 40
Fri May  3 15:51:44 2024, Build transit paths, Build tranist network
Fri May  3 15:52:02 2024, Build transit paths, Tranist network settings
Fri May  3 15:52:07 2024, Build transit paths, Transit assignment PF
Fri May  3 15:52:41 2024, Build transit paths, Fill stop layer with base ivtt
Fri May  3 15:52:42 2024, Build transit paths, Update transit links with correct ivtt
Fri May  3 15:52:43 2024, Build transit paths, Transit skim PF
Fri May  3 15:54:17 2024, Build transit paths, Calculate boardings in transfers field
Fri May  3 15:54:17 2024, Build transit paths, Build transit paths Loop - OP - Drive - ComRail -40 of 40
Fri May  3 15:54:17 2024, Build transit paths, Build tranist network
Fri May  3 15:54:36 2024, Build transit paths, Tranist network settings
Fri May  3 15:54:41 2024, Build transit paths, Transit assignment PF
Fri May  3 15:55:15 2024, Build transit paths, Fill stop layer with base ivtt
Fri May  3 15:55:16 2024, Build transit paths, Update transit links with correct ivtt
Fri May  3 15:55:17 2024, Build transit paths, Transit skim PF
Fri May  3 15:56:51 2024, Build transit paths, Calculate boardings in transfers field
Fri May  3 15:56:51 2024, Process transit skims
Fri May  3 16:20:55 2024, Create percent walk for TCMS
Fri May  3 16:23:05 2024, 4 InternalTruckModel.rsc, Run Internal Truck and Commercial Vehicle Model
Fri May  3 16:23:05 2024, Aggregate LandUse
Fri May  3 16:23:24 2024, Calculate Accessibilities
Fri May  3 16:23:34 2024, Run Truck Model
Fri May  3 16:24:36 2024, Run Commercial Vehicle Model
Fri May  3 16:24:44 2024, Run Trip Length Summaries
Fri May  3 16:25:00 2024, Close All Views
Fri May  3 16:25:00 2024, 5 VisitorModel.rsc, Run Visitor Model
Fri May  3 16:25:00 2024, Prepare input data
Fri May  3 16:25:42 2024, Visitor Trip Gen
Fri May  3 16:25:48 2024, Visitor Trip Distribution
Fri May  3 16:25:59 2024, Visitor Trip Mode Choice
Fri May  3 16:26:00 2024, Visitor Trip Time of Day
Fri May  3 16:26:11 2024, 7.1 RunDaySim.rsc,   ****** Run DaySim ****** 
Fri May  3 16:26:11 2024, Set transit paramters
Fri May  3 16:31:22 2024, Runing OMX Re Export in feedback loop 1
Fri May  3 16:31:22 2024, Set transit paramters
Fri May  3 20:00:52 2024, Copy DaySim inputs in feedback loop 1
Fri May  3 20:00:53 2024, Runing DaySim for iteration 1 in feedback loop 1
Fri May  3 20:53:18 2024, 7.1 RunDaySim.rsc,  ******** Build DaySim Trip Matrices ******** 
Fri May  3 20:53:18 2024, Set transit paramters
Fri May  3 20:53:18 2024, Copying DaySim outputs
Fri May  3 20:53:34 2024, Joining trip and tour files
Fri May  3 20:56:00 2024, Processing trips ... , Auto
Fri May  3 20:56:00 2024, Processing trips for: , AM
Tue May  7 17:02:21 2024,  ******************* STARTED Nashville ABM 2019 - Version 19.1.0 ******************* 
Tue May  7 17:02:21 2024, 5 VisitorModel.rsc, Run Visitor Model
Tue May  7 17:02:22 2024, Prepare input data
Tue May  7 17:02:27 2024,  ******************* FINISHED Nashville ABM 2019 - Version 19.1.0 ******************* 
Tue May  7 17:03:08 2024,  ******************* STARTED Nashville ABM 2019 - Version 19.1.0 ******************* 
Tue May  7 17:03:08 2024, 5 VisitorModel.rsc, Run Visitor Model
Tue May  7 17:03:08 2024, Prepare input data
Tue May  7 17:03:14 2024,  ******************* FINISHED Nashville ABM 2019 - Version 19.1.0 ******************* 
Tue May  7 17:04:30 2024,  ******************* STARTED Nashville ABM 2019 - Version 19.1.0 ******************* 
Tue May  7 17:04:30 2024, 5 VisitorModel.rsc, Run Visitor Model
Tue May  7 17:04:30 2024, Prepare input data
Tue May  7 17:04:35 2024,  ******************* FINISHED Nashville ABM 2019 - Version 19.1.0 ******************* 
Tue May  7 17:05:49 2024,  ******************* STARTED Nashville ABM 2019 - Version 19.1.0 ******************* 
Tue May  7 17:05:49 2024, 5 VisitorModel.rsc, Run Visitor Model
Tue May  7 17:05:49 2024, Prepare input data
Tue May  7 17:06:01 2024,  ******************* FINISHED Nashville ABM 2019 - Version 19.1.0 ******************* 
Tue May  7 17:06:08 2024,  ******************* STARTED Nashville ABM 2019 - Version 19.1.0 ******************* 
Tue May  7 17:06:08 2024, 5 VisitorModel.rsc, Run Visitor Model
Tue May  7 17:06:09 2024, Prepare input data
Tue May  7 17:12:05 2024,  ******************* STARTED Nashville ABM 2019 - Version 19.1.0 ******************* 
Tue May  7 17:12:05 2024, 5 VisitorModel.rsc, Run Visitor Model
Tue May  7 17:12:05 2024, Prepare input data
Tue May  7 17:12:16 2024, Visitor Trip Gen
Tue May  7 17:12:18 2024, Visitor Trip Distribution
Tue May  7 17:12:21 2024, Visitor Trip Mode Choice
Tue May  7 17:12:21 2024, Visitor Trip Time of Day
Tue May  7 17:15:32 2024,  ******************* FINISHED Nashville ABM 2019 - Version 19.1.0 ******************* 
Tue May  7 18:21:12 2024,  ******************* STARTED Nashville ABM 2019 - Version 19.1.0 ******************* 
Tue May  7 18:21:12 2024, 7.1 RunDaySim.rsc,   ****** Run DaySim ****** 
Tue May  7 18:21:12 2024, Set transit paramters
Tue May  7 18:21:12 2024, Copy DaySim inputs in feedback loop 1
Tue May  7 18:21:12 2024, Runing DaySim for iteration 1 in feedback loop 1
Tue May  7 18:22:40 2024, 7.1 RunDaySim.rsc,  ******** Build DaySim Trip Matrices ******** 
Tue May  7 18:22:40 2024, Set transit paramters
Tue May  7 18:22:40 2024, Copying DaySim outputs
Tue May  7 18:23:16 2024,  ******************* STARTED Nashville ABM 2019 - Version 19.1.0 ******************* 
Tue May  7 18:23:16 2024, 7.1 RunDaySim.rsc,   ****** Run DaySim ****** 
Tue May  7 18:23:16 2024, Set transit paramters
Tue May  7 18:23:16 2024, Copy DaySim inputs in feedback loop 1
Tue May  7 18:23:16 2024, Runing DaySim for iteration 1 in feedback loop 1
Tue May  7 19:19:47 2024, 7.1 RunDaySim.rsc,  ******** Build DaySim Trip Matrices ******** 
Tue May  7 19:19:47 2024, Set transit paramters
Tue May  7 19:19:47 2024, Copying DaySim outputs
Tue May  7 19:20:01 2024, Joining trip and tour files
Tue May  7 19:23:31 2024, Processing trips ... , Auto
Tue May  7 19:23:31 2024, Processing trips for: , AM
Tue May  7 19:32:49 2024, Processing trips for: , MD
Tue May  7 19:41:04 2024, Processing trips for: , PM
Tue May  7 19:50:51 2024, Processing trips for: , OP
Tue May  7 19:55:05 2024, Processing trips ... , Transit
Tue May  7 19:55:05 2024, Processing trips trips for: , AM
Tue May  7 20:00:04 2024, Processing trips trips for: , MD
Tue May  7 20:01:49 2024, Processing trips trips for: , PM
Tue May  7 20:03:57 2024, Processing trips trips for: , OP
Tue May  7 20:04:54 2024, Set transit paramters
Tue May  7 20:05:00 2024,  ******************* FINISHED Nashville ABM 2019 - Version 19.1.0 ******************* 
Wed May  8 13:14:29 2024,  ******************* STARTED Nashville ABM 2019 - Version 19.1.0 ******************* 
Wed May  8 13:14:29 2024, 8.1 HwyAssignment.rsc,   ****** Pre Assignment ****** 
Wed May  8 13:14:29 2024, Add visitor trips 
Wed May  8 13:14:32 2024, Add internal truck demand 
Wed May  8 13:14:34 2024, Add internal commercial vehicle demand 
Wed May  8 13:14:35 2024, Add external truck demand 
Wed May  8 13:14:39 2024,  ******************* FINISHED Nashville ABM 2019 - Version 19.1.0 ******************* 
Wed May  8 13:17:36 2024,  ******************* STARTED Nashville ABM 2019 - Version 19.1.0 ******************* 
Wed May  8 13:17:36 2024, 8.1 HwyAssignment.rsc,   ****** Pre Assignment ****** 
Wed May  8 13:18:10 2024, Add visitor trips 
Wed May  8 13:18:13 2024, Add internal truck demand 
Wed May  8 13:18:15 2024, Add internal commercial vehicle demand 
Wed May  8 13:18:16 2024, Add external truck demand 
Wed May  8 13:18:18 2024,  ******************* FINISHED Nashville ABM 2019 - Version 19.1.0 ******************* 
Wed May  8 13:18:40 2024,  ******************* STARTED Nashville ABM 2019 - Version 19.1.0 ******************* 
Wed May  8 13:18:40 2024, 8.1 HwyAssignment.rsc,   ****** Pre Assignment ****** 
Wed May  8 13:18:40 2024, Add visitor trips 
Wed May  8 13:18:42 2024, Add internal truck demand 
Wed May  8 13:18:45 2024, Add internal commercial vehicle demand 
Wed May  8 13:18:47 2024, Add external truck demand 
Wed May  8 13:18:49 2024,  ******************* FINISHED Nashville ABM 2019 - Version 19.1.0 ******************* 
Wed May  8 13:19:05 2024,  ******************* STARTED Nashville ABM 2019 - Version 19.1.0 ******************* 
Wed May  8 13:19:05 2024, 8.1 HwyAssignment.rsc,   ****** Pre Assignment ****** 
Wed May  8 13:19:05 2024, Add visitor trips 
Wed May  8 13:20:03 2024, Add internal truck demand 
Wed May  8 13:20:49 2024, Add internal commercial vehicle demand 
Wed May  8 13:21:17 2024, Add external truck demand 
Wed May  8 14:31:00 2024,  ******************* FINISHED Nashville ABM 2019 - Version 19.1.0 ******************* 
Wed May  8 18:40:57 2024,  ******************* STARTED Nashville ABM 2019 - Version 19.1.0 ******************* 
Wed May  8 18:40:57 2024, 8.1 HwyAssignment.rsc,   ****** Pre Assignment ****** 
Wed May  8 18:40:57 2024, Add visitor trips 
Wed May  8 18:41:06 2024, Add internal truck demand 
Wed May  8 18:41:11 2024, Add internal commercial vehicle demand 
Wed May  8 18:41:13 2024, Add external truck demand 
Wed May  8 18:41:21 2024, Add external auto demand 
Wed May  8 18:41:30 2024, Highway Assignment - Processing Matrices for , AM
Wed May  8 18:41:35 2024, Highway Assignment - Processing Matrices for , MD
Wed May  8 18:41:49 2024, Highway Assignment - Processing Matrices for , PM
Wed May  8 18:42:02 2024, Highway Assignment - Processing Matrices for , OP
Wed May  8 18:42:12 2024, Highway Assignment - Network Settings
Wed May  8 18:42:13 2024, Highway Assignment - Preload Assignment for AM
Wed May  8 18:42:54 2024, Highway Assignment - Preload Assignment for MD
Wed May  8 18:44:09 2024, Highway Assignment - Preload Assignment for PM
Wed May  8 18:45:18 2024, Highway Assignment - Preload Assignment for OP
Wed May  8 18:45:49 2024, Highway Assignment - General Assignment for AM
Wed May  8 18:54:01 2024, Highway Assignment - General Assignment for MD
Wed May  8 18:58:39 2024, Highway Assignment - General Assignment for PM
Wed May  8 19:06:58 2024, Highway Assignment - General Assignment for OP
Wed May  8 19:08:38 2024, 8.1 HwyAssignment.rsc,   ****** Highway Post Processor ****** 
Wed May  8 19:15:15 2024, 8.3 FeedbackLoop.rsc,   ****** Update Travel Times ****** 
Wed May  8 19:54:55 2024,  ******************* FINISHED Nashville ABM 2019 - Version 19.1.0 ******************* 
Wed May  8 20:16:16 2024,  ******************* STARTED Nashville ABM 2019 - Version 19.1.0 ******************* 
Wed May  8 20:16:16 2024, 5 VisitorModel.rsc, Run Visitor Model
Wed May  8 20:16:16 2024, Prepare input data
Thu May  9 16:52:18 2024,  ******************* STARTED Nashville ABM 2019 - Version 19.1.0 ******************* 
Thu May  9 16:52:18 2024, 5 VisitorModel.rsc, Run Visitor Model
Thu May  9 16:52:18 2024, Prepare input data
Thu May  9 16:53:11 2024,  ******************* FINISHED Nashville ABM 2019 - Version 19.1.0 ******************* 
Thu May  9 16:54:04 2024,  ******************* STARTED Nashville ABM 2019 - Version 19.1.0 ******************* 
Thu May  9 16:54:04 2024, 5 VisitorModel.rsc, Run Visitor Model
Thu May  9 16:54:04 2024, Prepare input data
Thu May  9 16:54:49 2024,  ******************* FINISHED Nashville ABM 2019 - Version 19.1.0 ******************* 
Thu May  9 16:55:08 2024,  ******************* STARTED Nashville ABM 2019 - Version 19.1.0 ******************* 
Thu May  9 16:55:08 2024, 5 VisitorModel.rsc, Run Visitor Model
Thu May  9 16:55:08 2024, Prepare input data
Thu May  9 17:00:03 2024,  ******************* STARTED Nashville ABM 2019 - Version 19.1.0 ******************* 
Thu May  9 17:00:03 2024, 5 VisitorModel.rsc, Run Visitor Model
Thu May  9 17:00:04 2024, Prepare input data
Thu May  9 18:56:57 2024,  ******************* STARTED Nashville ABM 2019 - Version 19.1.0 ******************* 
Thu May  9 18:56:57 2024, 5 VisitorModel.rsc, Run Visitor Model
Thu May  9 18:56:57 2024, Prepare input data
Thu May  9 18:57:23 2024,  ******************* FINISHED Nashville ABM 2019 - Version 19.1.0 ******************* 
Thu May  9 19:01:31 2024,  ******************* STARTED Nashville ABM 2019 - Version 19.1.0 ******************* 
Thu May  9 19:01:31 2024, 5 VisitorModel.rsc, Run Visitor Model
Thu May  9 19:01:32 2024, Prepare input data
Thu May  9 19:03:35 2024,  ******************* FINISHED Nashville ABM 2019 - Version 19.1.0 ******************* 
Thu May  9 19:20:46 2024,  ******************* STARTED Nashville ABM 2019 - Version 19.1.0 ******************* 
Thu May  9 19:20:46 2024, 5 VisitorModel.rsc, Run Visitor Model
Thu May  9 19:20:46 2024, Prepare input data
Thu May  9 19:20:57 2024, Visitor Trip Gen
Thu May  9 19:20:59 2024, Visitor Trip Distribution
Thu May  9 19:21:03 2024, Visitor Trip Mode Choice
Thu May  9 19:21:03 2024, Visitor Trip Time of Day
Thu May  9 19:21:24 2024,  ******************* FINISHED Nashville ABM 2019 - Version 19.1.0 ******************* 
Thu May  9 19:39:19 2024,  ******************* STARTED Nashville ABM 2019 - Version 19.1.0 ******************* 
Thu May  9 19:39:19 2024, 5 VisitorModel.rsc, Run Visitor Model
Thu May  9 19:39:19 2024, Prepare input data
Thu May  9 19:39:30 2024, Visitor Trip Gen
Thu May  9 19:39:33 2024, Visitor Trip Distribution
Thu May  9 19:39:35 2024, Visitor Trip Mode Choice
Thu May  9 19:39:36 2024, Visitor Trip Time of Day
Thu May  9 19:39:42 2024,  ******************* FINISHED Nashville ABM 2019 - Version 19.1.0 ******************* 
Thu May  9 19:52:29 2024,  ******************* STARTED Nashville ABM 2019 - Version 19.1.0 ******************* 
Thu May  9 19:52:29 2024, 4 InternalTruckModel.rsc, Run Internal Truck and Commercial Vehicle Model
Thu May  9 19:52:29 2024, Aggregate LandUse
Thu May  9 19:52:33 2024, Calculate Accessibilities
Thu May  9 19:52:37 2024, Run Truck Model
Thu May  9 19:53:38 2024, Run Commercial Vehicle Model
Thu May  9 19:53:47 2024, Run Trip Length Summaries
Thu May  9 19:54:02 2024, Close All Views
Thu May  9 19:54:06 2024,  ******************* FINISHED Nashville ABM 2019 - Version 19.1.0 ******************* 
Thu May  9 19:55:26 2024,  ******************* STARTED Nashville ABM 2019 - Version 19.1.0 ******************* 
Thu May  9 19:55:26 2024, 1.1 Initialization.rsc, Initialization
Thu May  9 20:00:41 2024, 1.1 Initialization.rsc, Area Type
Thu May  9 20:10:24 2024, 1.1 Initialization.rsc, Capacity and FF Speed
Thu May  9 20:39:21 2024, 2.1 HwySkimming.rsc,   ****** Highway Skimming ****** 
Thu May  9 20:39:21 2024, Build highway network
Thu May  9 20:39:28 2024, Shortest path using length
Thu May  9 20:39:30 2024, Terminal time
Thu May  9 20:39:36 2024, Build HOV skims
Thu May  9 20:40:20 2024, Build SOV skims
Thu May  9 20:41:20 2024, 2.1 HwySkimming.rsc, Finished Highway Skimming
Thu May  9 20:41:20 2024, 2.2 TransitSkimming.rsc,   ****** Transit Skimming ****** 
Thu May  9 20:41:20 2024, Set transit paramters
Thu May  9 20:41:20 2024, Prepare inputs
Thu May  9 20:43:13 2024, Build drive connectors
Thu May  9 20:47:02 2024, Build transit paths
Thu May  9 20:47:02 2024, Build transit paths, Build transit paths Loop - AM - Walk - Local -1 of 40
Thu May  9 20:47:02 2024, Build transit paths, Build tranist network
Thu May  9 20:47:21 2024, Build transit paths, Tranist network settings
Thu May  9 20:47:23 2024, Build transit paths, Transit assignment PF
Thu May  9 20:47:44 2024, Build transit paths, Fill stop layer with base ivtt
Thu May  9 20:47:44 2024, Build transit paths, Update transit links with correct ivtt
Thu May  9 20:47:47 2024, Build transit paths, Transit skim PF
Thu May  9 20:49:15 2024, Build transit paths, Calculate boardings in transfers field
Thu May  9 20:49:15 2024, Build transit paths, Build transit paths Loop - AM - Walk - Brt -2 of 40
Thu May  9 20:49:15 2024, Build transit paths, Build tranist network
Thu May  9 20:49:33 2024, Build transit paths, Tranist network settings
Thu May  9 20:49:35 2024, Build transit paths, Transit assignment PF
Thu May  9 20:49:56 2024, Build transit paths, Fill stop layer with base ivtt
Thu May  9 20:49:57 2024, Build transit paths, Update transit links with correct ivtt
Thu May  9 20:49:58 2024, Build transit paths, Transit skim PF
Thu May  9 20:51:19 2024, Build transit paths, Calculate boardings in transfers field
Thu May  9 20:51:20 2024, Build transit paths, Build transit paths Loop - AM - Walk - ExpBus -3 of 40
Thu May  9 20:51:20 2024, Build transit paths, Build tranist network
Thu May  9 20:51:39 2024, Build transit paths, Tranist network settings
Thu May  9 20:51:40 2024, Build transit paths, Transit assignment PF
Thu May  9 20:52:02 2024, Build transit paths, Fill stop layer with base ivtt
Thu May  9 20:52:03 2024, Build transit paths, Update transit links with correct ivtt
Thu May  9 20:52:04 2024, Build transit paths, Transit skim PF
Thu May  9 20:53:31 2024, Build transit paths, Calculate boardings in transfers field
Thu May  9 20:53:31 2024, Build transit paths, Build transit paths Loop - AM - Walk - UrbRail -4 of 40
Thu May  9 20:53:31 2024, Build transit paths, Build tranist network
Thu May  9 20:53:50 2024, Build transit paths, Tranist network settings
Thu May  9 20:53:52 2024, Build transit paths, Transit assignment PF
Thu May  9 20:54:14 2024, Build transit paths, Fill stop layer with base ivtt
Thu May  9 20:54:14 2024, Build transit paths, Update transit links with correct ivtt
Thu May  9 20:54:15 2024, Build transit paths, Transit skim PF
Thu May  9 20:55:40 2024, Build transit paths, Calculate boardings in transfers field
Thu May  9 20:55:40 2024, Build transit paths, Build transit paths Loop - AM - Walk - ComRail -5 of 40
Thu May  9 20:55:40 2024, Build transit paths, Build tranist network
Thu May  9 20:55:59 2024, Build transit paths, Tranist network settings
Thu May  9 20:56:00 2024, Build transit paths, Transit assignment PF
Thu May  9 20:56:24 2024, Build transit paths, Fill stop layer with base ivtt
Thu May  9 20:56:24 2024, Build transit paths, Update transit links with correct ivtt
Thu May  9 20:56:25 2024, Build transit paths, Transit skim PF
Thu May  9 20:57:59 2024, Build transit paths, Calculate boardings in transfers field
Thu May  9 20:57:59 2024, Build transit paths, Build transit paths Loop - AM - Drive - Local -6 of 40
Thu May  9 20:57:59 2024, Build transit paths, Build tranist network
Thu May  9 20:58:18 2024, Build transit paths, Tranist network settings
Thu May  9 20:58:23 2024, Build transit paths, Transit assignment PF
Thu May  9 20:58:43 2024, Build transit paths, Fill stop layer with base ivtt
Thu May  9 20:58:44 2024, Build transit paths, Update transit links with correct ivtt
Thu May  9 20:58:44 2024, Build transit paths, Transit skim PF
Thu May  9 20:59:38 2024, Build transit paths, Calculate boardings in transfers field
Thu May  9 20:59:39 2024, Build transit paths, Build transit paths Loop - AM - Drive - Brt -7 of 40
Thu May  9 20:59:39 2024, Build transit paths, Build tranist network
Thu May  9 20:59:57 2024, Build transit paths, Tranist network settings
Thu May  9 21:00:02 2024, Build transit paths, Transit assignment PF
Thu May  9 21:00:23 2024, Build transit paths, Fill stop layer with base ivtt
Thu May  9 21:00:23 2024, Build transit paths, Update transit links with correct ivtt
Thu May  9 21:00:24 2024, Build transit paths, Transit skim PF
Thu May  9 21:01:16 2024, Build transit paths, Calculate boardings in transfers field
Thu May  9 21:01:16 2024, Build transit paths, Build transit paths Loop - AM - Drive - ExpBus -8 of 40
Thu May  9 21:01:16 2024, Build transit paths, Build tranist network
Thu May  9 21:01:35 2024, Build transit paths, Tranist network settings
Thu May  9 21:01:40 2024, Build transit paths, Transit assignment PF
Thu May  9 21:02:02 2024, Build transit paths, Fill stop layer with base ivtt
Thu May  9 21:02:02 2024, Build transit paths, Update transit links with correct ivtt
Thu May  9 21:02:03 2024, Build transit paths, Transit skim PF
Thu May  9 21:02:58 2024, Build transit paths, Calculate boardings in transfers field
Thu May  9 21:02:58 2024, Build transit paths, Build transit paths Loop - AM - Drive - UrbRail -9 of 40
Thu May  9 21:02:58 2024, Build transit paths, Build tranist network
Thu May  9 21:03:17 2024, Build transit paths, Tranist network settings
Thu May  9 21:03:22 2024, Build transit paths, Transit assignment PF
Thu May  9 21:03:44 2024, Build transit paths, Fill stop layer with base ivtt
Thu May  9 21:03:44 2024, Build transit paths, Update transit links with correct ivtt
Thu May  9 21:03:45 2024, Build transit paths, Transit skim PF
Thu May  9 21:04:40 2024, Build transit paths, Calculate boardings in transfers field
Thu May  9 21:04:41 2024, Build transit paths, Build transit paths Loop - AM - Drive - ComRail -10 of 40
Thu May  9 21:04:41 2024, Build transit paths, Build tranist network
Thu May  9 21:04:59 2024, Build transit paths, Tranist network settings
Thu May  9 21:05:04 2024, Build transit paths, Transit assignment PF
Thu May  9 21:05:26 2024, Build transit paths, Fill stop layer with base ivtt
Thu May  9 21:05:27 2024, Build transit paths, Update transit links with correct ivtt
Thu May  9 21:05:28 2024, Build transit paths, Transit skim PF
Thu May  9 21:06:23 2024, Build transit paths, Calculate boardings in transfers field
Thu May  9 21:06:23 2024, Build transit paths, Build transit paths Loop - MD - Walk - Local -11 of 40
Thu May  9 21:06:23 2024, Build transit paths, Build tranist network
Thu May  9 21:06:42 2024, Build transit paths, Tranist network settings
Thu May  9 21:06:43 2024, Build transit paths, Transit assignment PF
Thu May  9 21:07:03 2024, Build transit paths, Fill stop layer with base ivtt
Thu May  9 21:07:03 2024, Build transit paths, Update transit links with correct ivtt
Thu May  9 21:07:04 2024, Build transit paths, Transit skim PF
Thu May  9 21:08:27 2024, Build transit paths, Calculate boardings in transfers field
Thu May  9 21:08:27 2024, Build transit paths, Build transit paths Loop - MD - Walk - Brt -12 of 40
Thu May  9 21:08:27 2024, Build transit paths, Build tranist network
Thu May  9 21:08:45 2024, Build transit paths, Tranist network settings
Thu May  9 21:08:47 2024, Build transit paths, Transit assignment PF
Thu May  9 21:09:07 2024, Build transit paths, Fill stop layer with base ivtt
Thu May  9 21:09:07 2024, Build transit paths, Update transit links with correct ivtt
Thu May  9 21:09:08 2024, Build transit paths, Transit skim PF
Thu May  9 21:10:30 2024, Build transit paths, Calculate boardings in transfers field
Thu May  9 21:10:30 2024, Build transit paths, Build transit paths Loop - MD - Walk - ExpBus -13 of 40
Thu May  9 21:10:30 2024, Build transit paths, Build tranist network
Thu May  9 21:10:49 2024, Build transit paths, Tranist network settings
Thu May  9 21:10:50 2024, Build transit paths, Transit assignment PF
Thu May  9 21:11:11 2024, Build transit paths, Fill stop layer with base ivtt
Thu May  9 21:11:11 2024, Build transit paths, Update transit links with correct ivtt
Thu May  9 21:11:12 2024, Build transit paths, Transit skim PF
Thu May  9 21:12:35 2024, Build transit paths, Calculate boardings in transfers field
Thu May  9 21:12:35 2024, Build transit paths, Build transit paths Loop - MD - Walk - UrbRail -14 of 40
Thu May  9 21:12:35 2024, Build transit paths, Build tranist network
Thu May  9 21:12:54 2024, Build transit paths, Tranist network settings
Thu May  9 21:12:55 2024, Build transit paths, Transit assignment PF
Thu May  9 21:13:16 2024, Build transit paths, Fill stop layer with base ivtt
Thu May  9 21:13:16 2024, Build transit paths, Update transit links with correct ivtt
Thu May  9 21:13:17 2024, Build transit paths, Transit skim PF
Thu May  9 21:14:41 2024, Build transit paths, Calculate boardings in transfers field
Thu May  9 21:14:41 2024, Build transit paths, Build transit paths Loop - MD - Walk - ComRail -15 of 40
Thu May  9 21:14:41 2024, Build transit paths, Build tranist network
Thu May  9 21:14:59 2024, Build transit paths, Tranist network settings
Thu May  9 21:15:01 2024, Build transit paths, Transit assignment PF
Thu May  9 21:15:21 2024, Build transit paths, Fill stop layer with base ivtt
Thu May  9 21:15:21 2024, Build transit paths, Update transit links with correct ivtt
Thu May  9 21:15:22 2024, Build transit paths, Transit skim PF
Thu May  9 21:16:44 2024, Build transit paths, Calculate boardings in transfers field
Thu May  9 21:16:45 2024, Build transit paths, Build transit paths Loop - MD - Drive - Local -16 of 40
Thu May  9 21:16:45 2024, Build transit paths, Build tranist network
Thu May  9 21:17:03 2024, Build transit paths, Tranist network settings
Thu May  9 21:17:09 2024, Build transit paths, Transit assignment PF
Thu May  9 21:17:26 2024, Build transit paths, Fill stop layer with base ivtt
Thu May  9 21:17:27 2024, Build transit paths, Update transit links with correct ivtt
Thu May  9 21:17:28 2024, Build transit paths, Transit skim PF
Thu May  9 21:18:19 2024, Build transit paths, Calculate boardings in transfers field
Thu May  9 21:18:19 2024, Build transit paths, Build transit paths Loop - MD - Drive - Brt -17 of 40
Thu May  9 21:18:19 2024, Build transit paths, Build tranist network
Thu May  9 21:18:37 2024, Build transit paths, Tranist network settings
Thu May  9 21:18:43 2024, Build transit paths, Transit assignment PF
Thu May  9 21:19:01 2024, Build transit paths, Fill stop layer with base ivtt
Thu May  9 21:19:01 2024, Build transit paths, Update transit links with correct ivtt
Thu May  9 21:19:02 2024, Build transit paths, Transit skim PF
Thu May  9 21:19:54 2024, Build transit paths, Calculate boardings in transfers field
Thu May  9 21:19:54 2024, Build transit paths, Build transit paths Loop - MD - Drive - ExpBus -18 of 40
Thu May  9 21:19:54 2024, Build transit paths, Build tranist network
Thu May  9 21:20:12 2024, Build transit paths, Tranist network settings
Thu May  9 21:20:17 2024, Build transit paths, Transit assignment PF
Thu May  9 21:20:36 2024, Build transit paths, Fill stop layer with base ivtt
Thu May  9 21:20:37 2024, Build transit paths, Update transit links with correct ivtt
Thu May  9 21:20:38 2024, Build transit paths, Transit skim PF
Thu May  9 21:21:30 2024, Build transit paths, Calculate boardings in transfers field
Thu May  9 21:21:30 2024, Build transit paths, Build transit paths Loop - MD - Drive - UrbRail -19 of 40
Thu May  9 21:21:30 2024, Build transit paths, Build tranist network
Thu May  9 21:21:49 2024, Build transit paths, Tranist network settings
Thu May  9 21:21:54 2024, Build transit paths, Transit assignment PF
Thu May  9 21:22:12 2024, Build transit paths, Fill stop layer with base ivtt
Thu May  9 21:22:13 2024, Build transit paths, Update transit links with correct ivtt
Thu May  9 21:22:14 2024, Build transit paths, Transit skim PF
Thu May  9 21:23:06 2024, Build transit paths, Calculate boardings in transfers field
Thu May  9 21:23:07 2024, Build transit paths, Build transit paths Loop - MD - Drive - ComRail -20 of 40
Thu May  9 21:23:07 2024, Build transit paths, Build tranist network
Thu May  9 21:23:25 2024, Build transit paths, Tranist network settings
Thu May  9 21:23:30 2024, Build transit paths, Transit assignment PF
Thu May  9 21:23:49 2024, Build transit paths, Fill stop layer with base ivtt
Thu May  9 21:23:50 2024, Build transit paths, Update transit links with correct ivtt
Thu May  9 21:23:51 2024, Build transit paths, Transit skim PF
Thu May  9 21:24:44 2024, Build transit paths, Calculate boardings in transfers field
Thu May  9 21:24:44 2024, Build transit paths, Build transit paths Loop - PM - Walk - Local -21 of 40
Thu May  9 21:24:44 2024, Build transit paths, Build tranist network
Thu May  9 21:25:02 2024, Build transit paths, Tranist network settings
Thu May  9 21:25:04 2024, Build transit paths, Transit assignment PF
Thu May  9 21:25:22 2024, Build transit paths, Fill stop layer with base ivtt
Thu May  9 21:25:22 2024, Build transit paths, Update transit links with correct ivtt
Thu May  9 21:25:23 2024, Build transit paths, Transit skim PF
Thu May  9 21:26:47 2024, Build transit paths, Calculate boardings in transfers field
Thu May  9 21:26:47 2024, Build transit paths, Build transit paths Loop - PM - Walk - Brt -22 of 40
Thu May  9 21:26:47 2024, Build transit paths, Build tranist network
Thu May  9 21:27:05 2024, Build transit paths, Tranist network settings
Thu May  9 21:27:07 2024, Build transit paths, Transit assignment PF
Thu May  9 21:27:25 2024, Build transit paths, Fill stop layer with base ivtt
Thu May  9 21:27:25 2024, Build transit paths, Update transit links with correct ivtt
Thu May  9 21:27:26 2024, Build transit paths, Transit skim PF
Thu May  9 21:28:46 2024, Build transit paths, Calculate boardings in transfers field
Thu May  9 21:28:47 2024, Build transit paths, Build transit paths Loop - PM - Walk - ExpBus -23 of 40
Thu May  9 21:28:47 2024, Build transit paths, Build tranist network
Thu May  9 21:29:05 2024, Build transit paths, Tranist network settings
Thu May  9 21:29:07 2024, Build transit paths, Transit assignment PF
Thu May  9 21:29:27 2024, Build transit paths, Fill stop layer with base ivtt
Thu May  9 21:29:27 2024, Build transit paths, Update transit links with correct ivtt
Thu May  9 21:29:28 2024, Build transit paths, Transit skim PF
Thu May  9 21:30:52 2024, Build transit paths, Calculate boardings in transfers field
Thu May  9 21:30:53 2024, Build transit paths, Build transit paths Loop - PM - Walk - UrbRail -24 of 40
Thu May  9 21:30:53 2024, Build transit paths, Build tranist network
Thu May  9 21:31:11 2024, Build transit paths, Tranist network settings
Thu May  9 21:31:13 2024, Build transit paths, Transit assignment PF
Thu May  9 21:31:32 2024, Build transit paths, Fill stop layer with base ivtt
Thu May  9 21:31:32 2024, Build transit paths, Update transit links with correct ivtt
Thu May  9 21:31:33 2024, Build transit paths, Transit skim PF
Thu May  9 21:32:59 2024, Build transit paths, Calculate boardings in transfers field
Thu May  9 21:32:59 2024, Build transit paths, Build transit paths Loop - PM - Walk - ComRail -25 of 40
Thu May  9 21:32:59 2024, Build transit paths, Build tranist network
Thu May  9 21:33:18 2024, Build transit paths, Tranist network settings
Thu May  9 21:33:19 2024, Build transit paths, Transit assignment PF
Thu May  9 21:33:39 2024, Build transit paths, Fill stop layer with base ivtt
Thu May  9 21:33:39 2024, Build transit paths, Update transit links with correct ivtt
Thu May  9 21:33:40 2024, Build transit paths, Transit skim PF
Thu May  9 21:35:07 2024, Build transit paths, Calculate boardings in transfers field
Thu May  9 21:35:07 2024, Build transit paths, Build transit paths Loop - PM - Drive - Local -26 of 40
Thu May  9 21:35:07 2024, Build transit paths, Build tranist network
Thu May  9 21:35:26 2024, Build transit paths, Tranist network settings
Thu May  9 21:35:31 2024, Build transit paths, Transit assignment PF
Thu May  9 21:36:03 2024, Build transit paths, Fill stop layer with base ivtt
Thu May  9 21:36:04 2024, Build transit paths, Update transit links with correct ivtt
Thu May  9 21:36:05 2024, Build transit paths, Transit skim PF
Thu May  9 21:37:36 2024, Build transit paths, Calculate boardings in transfers field
Thu May  9 21:37:37 2024, Build transit paths, Build transit paths Loop - PM - Drive - Brt -27 of 40
Thu May  9 21:37:37 2024, Build transit paths, Build tranist network
Thu May  9 21:37:55 2024, Build transit paths, Tranist network settings
Thu May  9 21:38:00 2024, Build transit paths, Transit assignment PF
Thu May  9 21:38:32 2024, Build transit paths, Fill stop layer with base ivtt
Thu May  9 21:38:33 2024, Build transit paths, Update transit links with correct ivtt
Thu May  9 21:38:34 2024, Build transit paths, Transit skim PF
Thu May  9 21:40:07 2024, Build transit paths, Calculate boardings in transfers field
Thu May  9 21:40:07 2024, Build transit paths, Build transit paths Loop - PM - Drive - ExpBus -28 of 40
Thu May  9 21:40:07 2024, Build transit paths, Build tranist network
Thu May  9 21:40:26 2024, Build transit paths, Tranist network settings
Thu May  9 21:40:32 2024, Build transit paths, Transit assignment PF
Thu May  9 21:41:06 2024, Build transit paths, Fill stop layer with base ivtt
Thu May  9 21:41:06 2024, Build transit paths, Update transit links with correct ivtt
Thu May  9 21:41:07 2024, Build transit paths, Transit skim PF
Thu May  9 21:42:43 2024, Build transit paths, Calculate boardings in transfers field
Thu May  9 21:42:43 2024, Build transit paths, Build transit paths Loop - PM - Drive - UrbRail -29 of 40
Thu May  9 21:42:43 2024, Build transit paths, Build tranist network
Thu May  9 21:43:01 2024, Build transit paths, Tranist network settings
Thu May  9 21:43:07 2024, Build transit paths, Transit assignment PF
Thu May  9 21:43:40 2024, Build transit paths, Fill stop layer with base ivtt
Thu May  9 21:43:41 2024, Build transit paths, Update transit links with correct ivtt
Thu May  9 21:43:41 2024, Build transit paths, Transit skim PF
Thu May  9 21:45:16 2024, Build transit paths, Calculate boardings in transfers field
Thu May  9 21:45:17 2024, Build transit paths, Build transit paths Loop - PM - Drive - ComRail -30 of 40
Thu May  9 21:45:17 2024, Build transit paths, Build tranist network
Thu May  9 21:45:36 2024, Build transit paths, Tranist network settings
Thu May  9 21:45:41 2024, Build transit paths, Transit assignment PF
Thu May  9 21:46:15 2024, Build transit paths, Fill stop layer with base ivtt
Thu May  9 21:46:16 2024, Build transit paths, Update transit links with correct ivtt
Thu May  9 21:46:17 2024, Build transit paths, Transit skim PF
Thu May  9 21:47:58 2024, Build transit paths, Calculate boardings in transfers field
Thu May  9 21:47:58 2024, Build transit paths, Build transit paths Loop - OP - Walk - Local -31 of 40
Thu May  9 21:47:58 2024, Build transit paths, Build tranist network
Thu May  9 21:48:16 2024, Build transit paths, Tranist network settings
Thu May  9 21:48:18 2024, Build transit paths, Transit assignment PF
Thu May  9 21:48:34 2024, Build transit paths, Fill stop layer with base ivtt
Thu May  9 21:48:35 2024, Build transit paths, Update transit links with correct ivtt
Thu May  9 21:48:36 2024, Build transit paths, Transit skim PF
Thu May  9 21:49:58 2024, Build transit paths, Calculate boardings in transfers field
Thu May  9 21:49:59 2024, Build transit paths, Build transit paths Loop - OP - Walk - Brt -32 of 40
Thu May  9 21:49:59 2024, Build transit paths, Build tranist network
Thu May  9 21:50:17 2024, Build transit paths, Tranist network settings
Thu May  9 21:50:18 2024, Build transit paths, Transit assignment PF
Thu May  9 21:50:35 2024, Build transit paths, Fill stop layer with base ivtt
Thu May  9 21:50:35 2024, Build transit paths, Update transit links with correct ivtt
Thu May  9 21:50:36 2024, Build transit paths, Transit skim PF
Thu May  9 21:51:55 2024, Build transit paths, Calculate boardings in transfers field
Thu May  9 21:51:55 2024, Build transit paths, Build transit paths Loop - OP - Walk - ExpBus -33 of 40
Thu May  9 21:51:55 2024, Build transit paths, Build tranist network
Thu May  9 21:52:14 2024, Build transit paths, Tranist network settings
Thu May  9 21:52:15 2024, Build transit paths, Transit assignment PF
Thu May  9 21:52:32 2024, Build transit paths, Fill stop layer with base ivtt
Thu May  9 21:52:32 2024, Build transit paths, Update transit links with correct ivtt
Thu May  9 21:52:33 2024, Build transit paths, Transit skim PF
Thu May  9 21:53:54 2024, Build transit paths, Calculate boardings in transfers field
Thu May  9 21:53:54 2024, Build transit paths, Build transit paths Loop - OP - Walk - UrbRail -34 of 40
Thu May  9 21:53:54 2024, Build transit paths, Build tranist network
Thu May  9 21:54:12 2024, Build transit paths, Tranist network settings
Thu May  9 21:54:13 2024, Build transit paths, Transit assignment PF
Thu May  9 21:54:30 2024, Build transit paths, Fill stop layer with base ivtt
Thu May  9 21:54:30 2024, Build transit paths, Update transit links with correct ivtt
Thu May  9 21:54:31 2024, Build transit paths, Transit skim PF
Thu May  9 21:55:52 2024, Build transit paths, Calculate boardings in transfers field
Thu May  9 21:55:52 2024, Build transit paths, Build transit paths Loop - OP - Walk - ComRail -35 of 40
Thu May  9 21:55:52 2024, Build transit paths, Build tranist network
Thu May  9 21:56:10 2024, Build transit paths, Tranist network settings
Thu May  9 21:56:12 2024, Build transit paths, Transit assignment PF
Thu May  9 21:56:29 2024, Build transit paths, Fill stop layer with base ivtt
Thu May  9 21:56:30 2024, Build transit paths, Update transit links with correct ivtt
Thu May  9 21:56:31 2024, Build transit paths, Transit skim PF
Thu May  9 21:57:51 2024, Build transit paths, Calculate boardings in transfers field
Thu May  9 21:57:52 2024, Build transit paths, Build transit paths Loop - OP - Drive - Local -36 of 40
Thu May  9 21:57:52 2024, Build transit paths, Build tranist network
Thu May  9 21:58:09 2024, Build transit paths, Tranist network settings
Thu May  9 21:58:15 2024, Build transit paths, Transit assignment PF
Thu May  9 21:58:46 2024, Build transit paths, Fill stop layer with base ivtt
Thu May  9 21:58:47 2024, Build transit paths, Update transit links with correct ivtt
Thu May  9 21:58:48 2024, Build transit paths, Transit skim PF
Thu May  9 22:00:20 2024, Build transit paths, Calculate boardings in transfers field
Thu May  9 22:00:21 2024, Build transit paths, Build transit paths Loop - OP - Drive - Brt -37 of 40
Thu May  9 22:00:21 2024, Build transit paths, Build tranist network
Thu May  9 22:00:39 2024, Build transit paths, Tranist network settings
Thu May  9 22:00:44 2024, Build transit paths, Transit assignment PF
Thu May  9 22:01:15 2024, Build transit paths, Fill stop layer with base ivtt
Thu May  9 22:01:16 2024, Build transit paths, Update transit links with correct ivtt
Thu May  9 22:01:17 2024, Build transit paths, Transit skim PF
Thu May  9 22:02:52 2024, Build transit paths, Calculate boardings in transfers field
Thu May  9 22:02:52 2024, Build transit paths, Build transit paths Loop - OP - Drive - ExpBus -38 of 40
Thu May  9 22:02:52 2024, Build transit paths, Build tranist network
Thu May  9 22:03:10 2024, Build transit paths, Tranist network settings
Thu May  9 22:03:15 2024, Build transit paths, Transit assignment PF
Thu May  9 22:03:45 2024, Build transit paths, Fill stop layer with base ivtt
Thu May  9 22:03:45 2024, Build transit paths, Update transit links with correct ivtt
Thu May  9 22:03:46 2024, Build transit paths, Transit skim PF
Thu May  9 22:05:19 2024, Build transit paths, Calculate boardings in transfers field
Thu May  9 22:05:19 2024, Build transit paths, Build transit paths Loop - OP - Drive - UrbRail -39 of 40
Thu May  9 22:05:19 2024, Build transit paths, Build tranist network
Thu May  9 22:05:37 2024, Build transit paths, Tranist network settings
Thu May  9 22:05:42 2024, Build transit paths, Transit assignment PF
Thu May  9 22:06:13 2024, Build transit paths, Fill stop layer with base ivtt
Thu May  9 22:06:13 2024, Build transit paths, Update transit links with correct ivtt
Thu May  9 22:06:14 2024, Build transit paths, Transit skim PF
Thu May  9 22:07:46 2024, Build transit paths, Calculate boardings in transfers field
Thu May  9 22:07:47 2024, Build transit paths, Build transit paths Loop - OP - Drive - ComRail -40 of 40
Thu May  9 22:07:47 2024, Build transit paths, Build tranist network
Thu May  9 22:08:05 2024, Build transit paths, Tranist network settings
Thu May  9 22:08:10 2024, Build transit paths, Transit assignment PF
Thu May  9 22:08:41 2024, Build transit paths, Fill stop layer with base ivtt
Thu May  9 22:08:41 2024, Build transit paths, Update transit links with correct ivtt
Thu May  9 22:08:42 2024, Build transit paths, Transit skim PF
Thu May  9 22:10:16 2024, Build transit paths, Calculate boardings in transfers field
Thu May  9 22:10:16 2024, Process transit skims
Thu May  9 22:34:55 2024, Create percent walk for TCMS
Thu May  9 22:37:07 2024, 4 InternalTruckModel.rsc, Run Internal Truck and Commercial Vehicle Model
Thu May  9 22:37:07 2024, Aggregate LandUse
Thu May  9 22:37:27 2024, Calculate Accessibilities
Thu May  9 22:37:36 2024, Run Truck Model
Thu May  9 22:38:49 2024, Run Commercial Vehicle Model
Thu May  9 22:38:58 2024, Run Trip Length Summaries
Thu May  9 22:39:14 2024, Close All Views
Thu May  9 22:39:14 2024, 5 VisitorModel.rsc, Run Visitor Model
Thu May  9 22:39:14 2024, Prepare input data
Thu May  9 22:39:56 2024, Visitor Trip Gen
Thu May  9 22:40:02 2024, Visitor Trip Distribution
Thu May  9 22:40:14 2024, Visitor Trip Mode Choice
Thu May  9 22:40:17 2024, Visitor Trip Time of Day
Thu May  9 22:40:33 2024, 7.1 RunDaySim.rsc,   ****** Run DaySim ****** 
Thu May  9 22:40:33 2024, Set transit paramters
Thu May  9 22:40:33 2024, Copy DaySim inputs in feedback loop 1
Thu May  9 22:40:34 2024, Runing DaySim for iteration 1 in feedback loop 1
Thu May  9 23:38:28 2024, 7.1 RunDaySim.rsc,  ******** Build DaySim Trip Matrices ******** 
Thu May  9 23:38:28 2024, Set transit paramters
Thu May  9 23:38:28 2024, Copying DaySim outputs
Thu May  9 23:38:39 2024, Joining trip and tour files
Thu May  9 23:44:11 2024, Processing trips ... , Auto
Thu May  9 23:44:11 2024, Processing trips for: , AM
Thu May  9 23:53:27 2024, Processing trips for: , MD
Fri May 10 00:01:42 2024, Processing trips for: , PM
Fri May 10 00:11:25 2024, Processing trips for: , OP
Fri May 10 00:15:31 2024, Processing trips ... , Transit
Fri May 10 00:15:31 2024, Processing trips trips for: , AM
Fri May 10 00:20:28 2024, Processing trips trips for: , MD
Fri May 10 00:22:11 2024, Processing trips trips for: , PM
Fri May 10 00:24:18 2024, Processing trips trips for: , OP
Fri May 10 00:25:21 2024, Set transit paramters
Fri May 10 00:25:23 2024, 8.1 HwyAssignment.rsc,   ****** Pre Assignment ****** 
Fri May 10 00:25:23 2024, Add visitor trips 
Fri May 10 00:25:25 2024, Add internal truck demand 
Fri May 10 00:25:26 2024, Add internal commercial vehicle demand 
Fri May 10 00:25:27 2024, Add external truck demand 
Fri May 10 00:25:38 2024, Add external auto demand 
Fri May 10 00:25:45 2024, Highway Assignment - Processing Matrices for , AM
Fri May 10 00:25:59 2024, Highway Assignment - Processing Matrices for , MD
Fri May 10 00:26:08 2024, Highway Assignment - Processing Matrices for , PM
Fri May 10 00:26:17 2024, Highway Assignment - Processing Matrices for , OP
Fri May 10 00:26:23 2024, Highway Assignment - Network Settings
Fri May 10 00:26:24 2024, Highway Assignment - Preload Assignment for AM
Fri May 10 00:27:09 2024, Highway Assignment - Preload Assignment for MD
Fri May 10 00:28:34 2024, Highway Assignment - Preload Assignment for PM
Fri May 10 00:29:51 2024, Highway Assignment - Preload Assignment for OP
Fri May 10 00:30:30 2024, Highway Assignment - General Assignment for AM
Fri May 10 00:38:39 2024, Highway Assignment - General Assignment for MD
Fri May 10 00:42:25 2024, Highway Assignment - General Assignment for PM
Fri May 10 00:50:33 2024, Highway Assignment - General Assignment for OP
Fri May 10 00:52:13 2024, 8.1 HwyAssignment.rsc,   ****** Highway Post Processor ****** 
Fri May 10 01:05:15 2024, 8.3 FeedbackLoop.rsc,   ****** Update Travel Times ****** 
Fri May 10 01:06:51 2024, 2.1 HwySkimming.rsc,   ****** Highway Skimming ****** 
Fri May 10 01:06:51 2024, Build highway network
Fri May 10 01:06:52 2024, Shortest path using length
Fri May 10 01:06:54 2024, Terminal time
Fri May 10 01:06:56 2024, Build HOV skims
Fri May 10 01:07:35 2024, Build SOV skims
Fri May 10 01:08:43 2024, 2.1 HwySkimming.rsc, Finished Highway Skimming
Fri May 10 01:08:43 2024, 2.2 TransitSkimming.rsc,   ****** Transit Skimming ****** 
Fri May 10 01:08:43 2024, Set transit paramters
Fri May 10 01:08:43 2024, Prepare inputs
Fri May 10 01:10:46 2024, Build drive connectors
Fri May 10 01:14:34 2024, Build transit paths
Fri May 10 01:14:34 2024, Build transit paths, Build transit paths Loop - AM - Walk - Local -1 of 40
Fri May 10 01:14:34 2024, Build transit paths, Build tranist network
Fri May 10 01:14:53 2024, Build transit paths, Tranist network settings
Fri May 10 01:14:54 2024, Build transit paths, Transit assignment PF
Fri May 10 01:15:09 2024, Build transit paths, Fill stop layer with base ivtt
Fri May 10 01:15:09 2024, Build transit paths, Update transit links with correct ivtt
Fri May 10 01:15:10 2024, Build transit paths, Transit skim PF
Fri May 10 01:16:31 2024, Build transit paths, Calculate boardings in transfers field
Fri May 10 01:16:31 2024, Build transit paths, Build transit paths Loop - AM - Walk - Brt -2 of 40
Fri May 10 01:16:31 2024, Build transit paths, Build tranist network
Fri May 10 01:16:50 2024, Build transit paths, Tranist network settings
Fri May 10 01:16:51 2024, Build transit paths, Transit assignment PF
Fri May 10 01:17:06 2024, Build transit paths, Fill stop layer with base ivtt
Fri May 10 01:17:06 2024, Build transit paths, Update transit links with correct ivtt
Fri May 10 01:17:07 2024, Build transit paths, Transit skim PF
Fri May 10 01:18:40 2024, Build transit paths, Calculate boardings in transfers field
Fri May 10 01:18:40 2024, Build transit paths, Build transit paths Loop - AM - Walk - ExpBus -3 of 40
Fri May 10 01:18:40 2024, Build transit paths, Build tranist network
Fri May 10 01:18:59 2024, Build transit paths, Tranist network settings
Fri May 10 01:19:01 2024, Build transit paths, Transit assignment PF
Fri May 10 01:19:16 2024, Build transit paths, Fill stop layer with base ivtt
Fri May 10 01:19:17 2024, Build transit paths, Update transit links with correct ivtt
Fri May 10 01:19:18 2024, Build transit paths, Transit skim PF
Fri May 10 01:20:42 2024, Build transit paths, Calculate boardings in transfers field
Fri May 10 01:20:42 2024, Build transit paths, Build transit paths Loop - AM - Walk - UrbRail -4 of 40
Fri May 10 01:20:42 2024, Build transit paths, Build tranist network
Fri May 10 01:21:01 2024, Build transit paths, Tranist network settings
Fri May 10 01:21:02 2024, Build transit paths, Transit assignment PF
Fri May 10 01:21:17 2024, Build transit paths, Fill stop layer with base ivtt
Fri May 10 01:21:18 2024, Build transit paths, Update transit links with correct ivtt
Fri May 10 01:21:19 2024, Build transit paths, Transit skim PF
Fri May 10 01:22:43 2024, Build transit paths, Calculate boardings in transfers field
Fri May 10 01:22:44 2024, Build transit paths, Build transit paths Loop - AM - Walk - ComRail -5 of 40
Fri May 10 01:22:44 2024, Build transit paths, Build tranist network
Fri May 10 01:23:02 2024, Build transit paths, Tranist network settings
Fri May 10 01:23:04 2024, Build transit paths, Transit assignment PF
Fri May 10 01:23:20 2024, Build transit paths, Fill stop layer with base ivtt
Fri May 10 01:23:20 2024, Build transit paths, Update transit links with correct ivtt
Fri May 10 01:23:21 2024, Build transit paths, Transit skim PF
Fri May 10 01:25:03 2024, Build transit paths, Calculate boardings in transfers field
Fri May 10 01:25:03 2024, Build transit paths, Build transit paths Loop - AM - Drive - Local -6 of 40
Fri May 10 01:25:03 2024, Build transit paths, Build tranist network
Fri May 10 01:25:22 2024, Build transit paths, Tranist network settings
Fri May 10 01:25:27 2024, Build transit paths, Transit assignment PF
Fri May 10 01:25:41 2024, Build transit paths, Fill stop layer with base ivtt
Fri May 10 01:25:42 2024, Build transit paths, Update transit links with correct ivtt
Fri May 10 01:25:43 2024, Build transit paths, Transit skim PF
Fri May 10 01:26:32 2024, Build transit paths, Calculate boardings in transfers field
Fri May 10 01:26:32 2024, Build transit paths, Build transit paths Loop - AM - Drive - Brt -7 of 40
Fri May 10 01:26:32 2024, Build transit paths, Build tranist network
Fri May 10 01:26:50 2024, Build transit paths, Tranist network settings
Fri May 10 01:26:56 2024, Build transit paths, Transit assignment PF
Fri May 10 01:27:10 2024, Build transit paths, Fill stop layer with base ivtt
Fri May 10 01:27:10 2024, Build transit paths, Update transit links with correct ivtt
Fri May 10 01:27:11 2024, Build transit paths, Transit skim PF
Fri May 10 01:28:01 2024, Build transit paths, Calculate boardings in transfers field
Fri May 10 01:28:01 2024, Build transit paths, Build transit paths Loop - AM - Drive - ExpBus -8 of 40
Fri May 10 01:28:01 2024, Build transit paths, Build tranist network
Fri May 10 01:28:20 2024, Build transit paths, Tranist network settings
Fri May 10 01:28:25 2024, Build transit paths, Transit assignment PF
Fri May 10 01:28:40 2024, Build transit paths, Fill stop layer with base ivtt
Fri May 10 01:28:40 2024, Build transit paths, Update transit links with correct ivtt
Fri May 10 01:28:41 2024, Build transit paths, Transit skim PF
Fri May 10 01:29:34 2024, Build transit paths, Calculate boardings in transfers field
Fri May 10 01:29:34 2024, Build transit paths, Build transit paths Loop - AM - Drive - UrbRail -9 of 40
Fri May 10 01:29:34 2024, Build transit paths, Build tranist network
Fri May 10 01:29:53 2024, Build transit paths, Tranist network settings
Fri May 10 01:29:58 2024, Build transit paths, Transit assignment PF
Fri May 10 01:30:12 2024, Build transit paths, Fill stop layer with base ivtt
Fri May 10 01:30:13 2024, Build transit paths, Update transit links with correct ivtt
Fri May 10 01:30:14 2024, Build transit paths, Transit skim PF
Fri May 10 01:31:07 2024, Build transit paths, Calculate boardings in transfers field
Fri May 10 01:31:07 2024, Build transit paths, Build transit paths Loop - AM - Drive - ComRail -10 of 40
Fri May 10 01:31:07 2024, Build transit paths, Build tranist network
Fri May 10 01:31:26 2024, Build transit paths, Tranist network settings
Fri May 10 01:31:31 2024, Build transit paths, Transit assignment PF
Fri May 10 01:31:46 2024, Build transit paths, Fill stop layer with base ivtt
Fri May 10 01:31:46 2024, Build transit paths, Update transit links with correct ivtt
Fri May 10 01:31:47 2024, Build transit paths, Transit skim PF
Fri May 10 01:32:42 2024, Build transit paths, Calculate boardings in transfers field
Fri May 10 01:32:43 2024, Build transit paths, Build transit paths Loop - MD - Walk - Local -11 of 40
Fri May 10 01:32:43 2024, Build transit paths, Build tranist network
Fri May 10 01:33:01 2024, Build transit paths, Tranist network settings
Fri May 10 01:33:03 2024, Build transit paths, Transit assignment PF
Fri May 10 01:33:17 2024, Build transit paths, Fill stop layer with base ivtt
Fri May 10 01:33:17 2024, Build transit paths, Update transit links with correct ivtt
Fri May 10 01:33:18 2024, Build transit paths, Transit skim PF
Fri May 10 01:34:41 2024, Build transit paths, Calculate boardings in transfers field
Fri May 10 01:34:41 2024, Build transit paths, Build transit paths Loop - MD - Walk - Brt -12 of 40
Fri May 10 01:34:41 2024, Build transit paths, Build tranist network
Fri May 10 01:35:00 2024, Build transit paths, Tranist network settings
Fri May 10 01:35:01 2024, Build transit paths, Transit assignment PF
Fri May 10 01:35:15 2024, Build transit paths, Fill stop layer with base ivtt
Fri May 10 01:35:16 2024, Build transit paths, Update transit links with correct ivtt
Fri May 10 01:35:17 2024, Build transit paths, Transit skim PF
Fri May 10 01:36:39 2024, Build transit paths, Calculate boardings in transfers field
Fri May 10 01:36:39 2024, Build transit paths, Build transit paths Loop - MD - Walk - ExpBus -13 of 40
Fri May 10 01:36:39 2024, Build transit paths, Build tranist network
Fri May 10 01:36:58 2024, Build transit paths, Tranist network settings
Fri May 10 01:37:00 2024, Build transit paths, Transit assignment PF
Fri May 10 01:37:14 2024, Build transit paths, Fill stop layer with base ivtt
Fri May 10 01:37:15 2024, Build transit paths, Update transit links with correct ivtt
Fri May 10 01:37:15 2024, Build transit paths, Transit skim PF
Fri May 10 01:38:38 2024, Build transit paths, Calculate boardings in transfers field
Fri May 10 01:38:38 2024, Build transit paths, Build transit paths Loop - MD - Walk - UrbRail -14 of 40
Fri May 10 01:38:38 2024, Build transit paths, Build tranist network
Fri May 10 01:38:56 2024, Build transit paths, Tranist network settings
Fri May 10 01:38:58 2024, Build transit paths, Transit assignment PF
Fri May 10 01:39:13 2024, Build transit paths, Fill stop layer with base ivtt
Fri May 10 01:39:13 2024, Build transit paths, Update transit links with correct ivtt
Fri May 10 01:39:14 2024, Build transit paths, Transit skim PF
Fri May 10 01:40:36 2024, Build transit paths, Calculate boardings in transfers field
Fri May 10 01:40:36 2024, Build transit paths, Build transit paths Loop - MD - Walk - ComRail -15 of 40
Fri May 10 01:40:36 2024, Build transit paths, Build tranist network
Fri May 10 01:40:55 2024, Build transit paths, Tranist network settings
Fri May 10 01:40:56 2024, Build transit paths, Transit assignment PF
Fri May 10 01:41:11 2024, Build transit paths, Fill stop layer with base ivtt
Fri May 10 01:41:12 2024, Build transit paths, Update transit links with correct ivtt
Fri May 10 01:41:13 2024, Build transit paths, Transit skim PF
Fri May 10 01:42:35 2024, Build transit paths, Calculate boardings in transfers field
Fri May 10 01:42:36 2024, Build transit paths, Build transit paths Loop - MD - Drive - Local -16 of 40
Fri May 10 01:42:36 2024, Build transit paths, Build tranist network
Fri May 10 01:42:54 2024, Build transit paths, Tranist network settings
Fri May 10 01:42:59 2024, Build transit paths, Transit assignment PF
Fri May 10 01:43:13 2024, Build transit paths, Fill stop layer with base ivtt
Fri May 10 01:43:14 2024, Build transit paths, Update transit links with correct ivtt
Fri May 10 01:43:15 2024, Build transit paths, Transit skim PF
Fri May 10 01:44:04 2024, Build transit paths, Calculate boardings in transfers field
Fri May 10 01:44:04 2024, Build transit paths, Build transit paths Loop - MD - Drive - Brt -17 of 40
Fri May 10 01:44:04 2024, Build transit paths, Build tranist network
Fri May 10 01:44:23 2024, Build transit paths, Tranist network settings
Fri May 10 01:44:28 2024, Build transit paths, Transit assignment PF
Fri May 10 01:44:42 2024, Build transit paths, Fill stop layer with base ivtt
Fri May 10 01:44:42 2024, Build transit paths, Update transit links with correct ivtt
Fri May 10 01:44:43 2024, Build transit paths, Transit skim PF
Fri May 10 01:45:33 2024, Build transit paths, Calculate boardings in transfers field
Fri May 10 01:45:33 2024, Build transit paths, Build transit paths Loop - MD - Drive - ExpBus -18 of 40
Fri May 10 01:45:33 2024, Build transit paths, Build tranist network
Fri May 10 01:45:52 2024, Build transit paths, Tranist network settings
Fri May 10 01:45:57 2024, Build transit paths, Transit assignment PF
Fri May 10 01:46:11 2024, Build transit paths, Fill stop layer with base ivtt
Fri May 10 01:46:12 2024, Build transit paths, Update transit links with correct ivtt
Fri May 10 01:46:13 2024, Build transit paths, Transit skim PF
Fri May 10 01:47:04 2024, Build transit paths, Calculate boardings in transfers field
Fri May 10 01:47:04 2024, Build transit paths, Build transit paths Loop - MD - Drive - UrbRail -19 of 40
Fri May 10 01:47:04 2024, Build transit paths, Build tranist network
Fri May 10 01:47:23 2024, Build transit paths, Tranist network settings
Fri May 10 01:47:28 2024, Build transit paths, Transit assignment PF
Fri May 10 01:47:43 2024, Build transit paths, Fill stop layer with base ivtt
Fri May 10 01:47:43 2024, Build transit paths, Update transit links with correct ivtt
Fri May 10 01:47:44 2024, Build transit paths, Transit skim PF
Fri May 10 01:48:35 2024, Build transit paths, Calculate boardings in transfers field
Fri May 10 01:48:35 2024, Build transit paths, Build transit paths Loop - MD - Drive - ComRail -20 of 40
Fri May 10 01:48:35 2024, Build transit paths, Build tranist network
Fri May 10 01:48:54 2024, Build transit paths, Tranist network settings
Fri May 10 01:48:59 2024, Build transit paths, Transit assignment PF
Fri May 10 01:49:14 2024, Build transit paths, Fill stop layer with base ivtt
Fri May 10 01:49:15 2024, Build transit paths, Update transit links with correct ivtt
Fri May 10 01:49:16 2024, Build transit paths, Transit skim PF
Fri May 10 01:50:08 2024, Build transit paths, Calculate boardings in transfers field
Fri May 10 01:50:08 2024, Build transit paths, Build transit paths Loop - PM - Walk - Local -21 of 40
Fri May 10 01:50:08 2024, Build transit paths, Build tranist network
Fri May 10 01:50:27 2024, Build transit paths, Tranist network settings
Fri May 10 01:50:28 2024, Build transit paths, Transit assignment PF
Fri May 10 01:50:42 2024, Build transit paths, Fill stop layer with base ivtt
Fri May 10 01:50:43 2024, Build transit paths, Update transit links with correct ivtt
Fri May 10 01:50:44 2024, Build transit paths, Transit skim PF
Fri May 10 01:52:04 2024, Build transit paths, Calculate boardings in transfers field
Fri May 10 01:52:04 2024, Build transit paths, Build transit paths Loop - PM - Walk - Brt -22 of 40
Fri May 10 01:52:04 2024, Build transit paths, Build tranist network
Fri May 10 01:52:23 2024, Build transit paths, Tranist network settings
Fri May 10 01:52:24 2024, Build transit paths, Transit assignment PF
Fri May 10 01:52:39 2024, Build transit paths, Fill stop layer with base ivtt
Fri May 10 01:52:39 2024, Build transit paths, Update transit links with correct ivtt
Fri May 10 01:52:40 2024, Build transit paths, Transit skim PF
Fri May 10 01:54:02 2024, Build transit paths, Calculate boardings in transfers field
Fri May 10 01:54:03 2024, Build transit paths, Build transit paths Loop - PM - Walk - ExpBus -23 of 40
Fri May 10 01:54:03 2024, Build transit paths, Build tranist network
Fri May 10 01:54:21 2024, Build transit paths, Tranist network settings
Fri May 10 01:54:23 2024, Build transit paths, Transit assignment PF
Fri May 10 01:54:39 2024, Build transit paths, Fill stop layer with base ivtt
Fri May 10 01:54:39 2024, Build transit paths, Update transit links with correct ivtt
Fri May 10 01:54:40 2024, Build transit paths, Transit skim PF
Fri May 10 01:56:04 2024, Build transit paths, Calculate boardings in transfers field
Fri May 10 01:56:05 2024, Build transit paths, Build transit paths Loop - PM - Walk - UrbRail -24 of 40
Fri May 10 01:56:05 2024, Build transit paths, Build tranist network
Fri May 10 01:56:24 2024, Build transit paths, Tranist network settings
Fri May 10 01:56:25 2024, Build transit paths, Transit assignment PF
Fri May 10 01:56:41 2024, Build transit paths, Fill stop layer with base ivtt
Fri May 10 01:56:41 2024, Build transit paths, Update transit links with correct ivtt
Fri May 10 01:56:42 2024, Build transit paths, Transit skim PF
Fri May 10 01:58:10 2024, Build transit paths, Calculate boardings in transfers field
Fri May 10 01:58:12 2024, Build transit paths, Build transit paths Loop - PM - Walk - ComRail -25 of 40
Fri May 10 01:58:12 2024, Build transit paths, Build tranist network
Fri May 10 01:58:31 2024, Build transit paths, Tranist network settings
Fri May 10 01:58:33 2024, Build transit paths, Transit assignment PF
Fri May 10 01:58:49 2024, Build transit paths, Fill stop layer with base ivtt
Fri May 10 01:58:49 2024, Build transit paths, Update transit links with correct ivtt
Fri May 10 01:58:50 2024, Build transit paths, Transit skim PF
Fri May 10 02:00:18 2024, Build transit paths, Calculate boardings in transfers field
Fri May 10 02:00:18 2024, Build transit paths, Build transit paths Loop - PM - Drive - Local -26 of 40
Fri May 10 02:00:18 2024, Build transit paths, Build tranist network
Fri May 10 02:00:36 2024, Build transit paths, Tranist network settings
Fri May 10 02:00:41 2024, Build transit paths, Transit assignment PF
Fri May 10 02:01:10 2024, Build transit paths, Fill stop layer with base ivtt
Fri May 10 02:01:11 2024, Build transit paths, Update transit links with correct ivtt
Fri May 10 02:01:12 2024, Build transit paths, Transit skim PF
Fri May 10 02:02:43 2024, Build transit paths, Calculate boardings in transfers field
Fri May 10 02:02:43 2024, Build transit paths, Build transit paths Loop - PM - Drive - Brt -27 of 40
Fri May 10 02:02:43 2024, Build transit paths, Build tranist network
Fri May 10 02:03:02 2024, Build transit paths, Tranist network settings
Fri May 10 02:03:07 2024, Build transit paths, Transit assignment PF
Fri May 10 02:03:35 2024, Build transit paths, Fill stop layer with base ivtt
Fri May 10 02:03:36 2024, Build transit paths, Update transit links with correct ivtt
Fri May 10 02:03:37 2024, Build transit paths, Transit skim PF
Fri May 10 02:05:10 2024, Build transit paths, Calculate boardings in transfers field
Fri May 10 02:05:10 2024, Build transit paths, Build transit paths Loop - PM - Drive - ExpBus -28 of 40
Fri May 10 02:05:10 2024, Build transit paths, Build tranist network
Fri May 10 02:05:29 2024, Build transit paths, Tranist network settings
Fri May 10 02:05:34 2024, Build transit paths, Transit assignment PF
Fri May 10 02:06:04 2024, Build transit paths, Fill stop layer with base ivtt
Fri May 10 02:06:04 2024, Build transit paths, Update transit links with correct ivtt
Fri May 10 02:06:05 2024, Build transit paths, Transit skim PF
Fri May 10 02:07:40 2024, Build transit paths, Calculate boardings in transfers field
Fri May 10 02:07:40 2024, Build transit paths, Build transit paths Loop - PM - Drive - UrbRail -29 of 40
Fri May 10 02:07:40 2024, Build transit paths, Build tranist network
Fri May 10 02:07:59 2024, Build transit paths, Tranist network settings
Fri May 10 02:08:04 2024, Build transit paths, Transit assignment PF
Fri May 10 02:08:35 2024, Build transit paths, Fill stop layer with base ivtt
Fri May 10 02:08:35 2024, Build transit paths, Update transit links with correct ivtt
Fri May 10 02:08:36 2024, Build transit paths, Transit skim PF
Fri May 10 02:10:11 2024, Build transit paths, Calculate boardings in transfers field
Fri May 10 02:10:12 2024, Build transit paths, Build transit paths Loop - PM - Drive - ComRail -30 of 40
Fri May 10 02:10:12 2024, Build transit paths, Build tranist network
Fri May 10 02:10:31 2024, Build transit paths, Tranist network settings
Fri May 10 02:10:36 2024, Build transit paths, Transit assignment PF
Fri May 10 02:11:07 2024, Build transit paths, Fill stop layer with base ivtt
Fri May 10 02:11:08 2024, Build transit paths, Update transit links with correct ivtt
Fri May 10 02:11:09 2024, Build transit paths, Transit skim PF
Fri May 10 02:12:58 2024, Build transit paths, Calculate boardings in transfers field
Fri May 10 02:12:58 2024, Build transit paths, Build transit paths Loop - OP - Walk - Local -31 of 40
Fri May 10 02:12:58 2024, Build transit paths, Build tranist network
Fri May 10 02:13:17 2024, Build transit paths, Tranist network settings
Fri May 10 02:13:18 2024, Build transit paths, Transit assignment PF
Fri May 10 02:13:32 2024, Build transit paths, Fill stop layer with base ivtt
Fri May 10 02:13:33 2024, Build transit paths, Update transit links with correct ivtt
Fri May 10 02:13:34 2024, Build transit paths, Transit skim PF
Fri May 10 02:14:56 2024, Build transit paths, Calculate boardings in transfers field
Fri May 10 02:14:56 2024, Build transit paths, Build transit paths Loop - OP - Walk - Brt -32 of 40
Fri May 10 02:14:56 2024, Build transit paths, Build tranist network
Fri May 10 02:15:14 2024, Build transit paths, Tranist network settings
Fri May 10 02:15:16 2024, Build transit paths, Transit assignment PF
Fri May 10 02:15:30 2024, Build transit paths, Fill stop layer with base ivtt
Fri May 10 02:15:31 2024, Build transit paths, Update transit links with correct ivtt
Fri May 10 02:15:32 2024, Build transit paths, Transit skim PF
Fri May 10 02:16:55 2024, Build transit paths, Calculate boardings in transfers field
Fri May 10 02:16:55 2024, Build transit paths, Build transit paths Loop - OP - Walk - ExpBus -33 of 40
Fri May 10 02:16:55 2024, Build transit paths, Build tranist network
Fri May 10 02:17:13 2024, Build transit paths, Tranist network settings
Fri May 10 02:17:14 2024, Build transit paths, Transit assignment PF
Fri May 10 02:17:30 2024, Build transit paths, Fill stop layer with base ivtt
Fri May 10 02:17:30 2024, Build transit paths, Update transit links with correct ivtt
Fri May 10 02:17:31 2024, Build transit paths, Transit skim PF
Fri May 10 02:18:54 2024, Build transit paths, Calculate boardings in transfers field
Fri May 10 02:18:54 2024, Build transit paths, Build transit paths Loop - OP - Walk - UrbRail -34 of 40
Fri May 10 02:18:54 2024, Build transit paths, Build tranist network
Fri May 10 02:19:12 2024, Build transit paths, Tranist network settings
Fri May 10 02:19:13 2024, Build transit paths, Transit assignment PF
Fri May 10 02:19:29 2024, Build transit paths, Fill stop layer with base ivtt
Fri May 10 02:19:29 2024, Build transit paths, Update transit links with correct ivtt
Fri May 10 02:19:30 2024, Build transit paths, Transit skim PF
Fri May 10 02:20:53 2024, Build transit paths, Calculate boardings in transfers field
Fri May 10 02:20:54 2024, Build transit paths, Build transit paths Loop - OP - Walk - ComRail -35 of 40
Fri May 10 02:20:54 2024, Build transit paths, Build tranist network
Fri May 10 02:21:12 2024, Build transit paths, Tranist network settings
Fri May 10 02:21:13 2024, Build transit paths, Transit assignment PF
Fri May 10 02:21:29 2024, Build transit paths, Fill stop layer with base ivtt
Fri May 10 02:21:29 2024, Build transit paths, Update transit links with correct ivtt
Fri May 10 02:21:30 2024, Build transit paths, Transit skim PF
Fri May 10 02:22:54 2024, Build transit paths, Calculate boardings in transfers field
Fri May 10 02:22:55 2024, Build transit paths, Build transit paths Loop - OP - Drive - Local -36 of 40
Fri May 10 02:22:55 2024, Build transit paths, Build tranist network
Fri May 10 02:23:13 2024, Build transit paths, Tranist network settings
Fri May 10 02:23:18 2024, Build transit paths, Transit assignment PF
Fri May 10 02:23:47 2024, Build transit paths, Fill stop layer with base ivtt
Fri May 10 02:23:48 2024, Build transit paths, Update transit links with correct ivtt
Fri May 10 02:23:49 2024, Build transit paths, Transit skim PF
Fri May 10 02:25:24 2024, Build transit paths, Calculate boardings in transfers field
Fri May 10 02:25:24 2024, Build transit paths, Build transit paths Loop - OP - Drive - Brt -37 of 40
Fri May 10 02:25:24 2024, Build transit paths, Build tranist network
Fri May 10 02:25:42 2024, Build transit paths, Tranist network settings
Fri May 10 02:25:47 2024, Build transit paths, Transit assignment PF
Fri May 10 02:26:18 2024, Build transit paths, Fill stop layer with base ivtt
Fri May 10 02:26:18 2024, Build transit paths, Update transit links with correct ivtt
Fri May 10 02:26:19 2024, Build transit paths, Transit skim PF
Fri May 10 02:27:53 2024, Build transit paths, Calculate boardings in transfers field
Fri May 10 02:27:53 2024, Build transit paths, Build transit paths Loop - OP - Drive - ExpBus -38 of 40
Fri May 10 02:27:53 2024, Build transit paths, Build tranist network
Fri May 10 02:28:11 2024, Build transit paths, Tranist network settings
Fri May 10 02:28:16 2024, Build transit paths, Transit assignment PF
Fri May 10 02:28:48 2024, Build transit paths, Fill stop layer with base ivtt
Fri May 10 02:28:48 2024, Build transit paths, Update transit links with correct ivtt
Fri May 10 02:28:49 2024, Build transit paths, Transit skim PF
Fri May 10 02:30:23 2024, Build transit paths, Calculate boardings in transfers field
Fri May 10 02:30:24 2024, Build transit paths, Build transit paths Loop - OP - Drive - UrbRail -39 of 40
Fri May 10 02:30:24 2024, Build transit paths, Build tranist network
Fri May 10 02:30:42 2024, Build transit paths, Tranist network settings
Fri May 10 02:30:47 2024, Build transit paths, Transit assignment PF
Fri May 10 02:31:19 2024, Build transit paths, Fill stop layer with base ivtt
Fri May 10 02:31:20 2024, Build transit paths, Update transit links with correct ivtt
Fri May 10 02:31:21 2024, Build transit paths, Transit skim PF
Fri May 10 02:32:57 2024, Build transit paths, Calculate boardings in transfers field
Fri May 10 02:32:58 2024, Build transit paths, Build transit paths Loop - OP - Drive - ComRail -40 of 40
Fri May 10 02:32:58 2024, Build transit paths, Build tranist network
Fri May 10 02:33:16 2024, Build transit paths, Tranist network settings
Fri May 10 02:33:21 2024, Build transit paths, Transit assignment PF
Fri May 10 02:33:53 2024, Build transit paths, Fill stop layer with base ivtt
Fri May 10 02:33:54 2024, Build transit paths, Update transit links with correct ivtt
Fri May 10 02:33:55 2024, Build transit paths, Transit skim PF
Fri May 10 02:35:30 2024, Build transit paths, Calculate boardings in transfers field
Fri May 10 02:35:30 2024, Process transit skims
Fri May 10 03:00:00 2024, 4 InternalTruckModel.rsc, Run Internal Truck and Commercial Vehicle Model
Fri May 10 03:00:00 2024, Aggregate LandUse
Fri May 10 03:00:18 2024, Calculate Accessibilities
Fri May 10 03:00:28 2024, Run Truck Model
Fri May 10 03:01:42 2024, Run Commercial Vehicle Model
Fri May 10 03:01:51 2024, Run Trip Length Summaries
Fri May 10 03:02:05 2024, Close All Views
Fri May 10 03:02:05 2024, 5 VisitorModel.rsc, Run Visitor Model
Fri May 10 03:02:05 2024, Prepare input data
Fri May 10 03:02:47 2024, Visitor Trip Gen
Fri May 10 03:02:53 2024, Visitor Trip Distribution
Fri May 10 03:03:04 2024, Visitor Trip Mode Choice
Fri May 10 03:03:05 2024, Visitor Trip Time of Day
Fri May 10 03:03:19 2024, 7.1 RunDaySim.rsc,   ****** Run DaySim ****** 
Fri May 10 03:03:19 2024, Set transit paramters
Fri May 10 03:03:19 2024, Copy DaySim inputs in feedback loop 2
Fri May 10 03:03:19 2024, Runing DaySim for iteration 1 in feedback loop 2
Fri May 10 03:59:38 2024, 7.1 RunDaySim.rsc,  ******** Build DaySim Trip Matrices ******** 
Fri May 10 03:59:38 2024, Set transit paramters
Fri May 10 03:59:38 2024, Copying DaySim outputs
Fri May 10 03:59:48 2024, Joining trip and tour files
Fri May 10 04:05:24 2024, Processing trips ... , Auto
Fri May 10 04:05:24 2024, Processing trips for: , AM
Fri May 10 04:14:41 2024, Processing trips for: , MD
Fri May 10 04:22:58 2024, Processing trips for: , PM
Fri May 10 04:32:36 2024, Processing trips for: , OP
Fri May 10 04:36:47 2024, Processing trips ... , Transit
Fri May 10 04:36:47 2024, Processing trips trips for: , AM
Fri May 10 04:41:46 2024, Processing trips trips for: , MD
Fri May 10 04:43:30 2024, Processing trips trips for: , PM
Fri May 10 04:45:35 2024, Processing trips trips for: , OP
Fri May 10 04:46:36 2024, Set transit paramters
Fri May 10 04:46:38 2024, 8.1 HwyAssignment.rsc,   ****** Pre Assignment ****** 
Fri May 10 04:46:38 2024, Add visitor trips 
Fri May 10 04:46:40 2024, Add internal truck demand 
Fri May 10 04:46:41 2024, Add internal commercial vehicle demand 
Fri May 10 04:46:42 2024, Add external truck demand 
Fri May 10 04:46:51 2024, Add external auto demand 
Fri May 10 04:47:04 2024, Highway Assignment - Processing Matrices for , AM
Fri May 10 04:47:19 2024, Highway Assignment - Processing Matrices for , MD
Fri May 10 04:47:30 2024, Highway Assignment - Processing Matrices for , PM
Fri May 10 04:47:40 2024, Highway Assignment - Processing Matrices for , OP
Fri May 10 04:47:50 2024, Highway Assignment - Network Settings
Fri May 10 04:47:52 2024, Highway Assignment - Preload Assignment for AM
Fri May 10 04:48:37 2024, Highway Assignment - Preload Assignment for MD
Fri May 10 04:50:02 2024, Highway Assignment - Preload Assignment for PM
Fri May 10 04:51:22 2024, Highway Assignment - Preload Assignment for OP
Fri May 10 04:52:02 2024, Highway Assignment - General Assignment for AM
Fri May 10 05:00:25 2024, Highway Assignment - General Assignment for MD
Fri May 10 05:04:07 2024, Highway Assignment - General Assignment for PM
Fri May 10 05:12:09 2024, Highway Assignment - General Assignment for OP
Fri May 10 05:13:41 2024, 8.1 HwyAssignment.rsc,   ****** Highway Post Processor ****** 
Fri May 10 05:27:45 2024, 8.3 FeedbackLoop.rsc,   ****** Update Travel Times ****** 
Fri May 10 05:29:43 2024, 2.1 HwySkimming.rsc,   ****** Highway Skimming ****** 
Fri May 10 05:29:43 2024, Build highway network
Fri May 10 05:29:43 2024, Shortest path using length
Fri May 10 05:29:46 2024, Terminal time
Fri May 10 05:29:48 2024, Build HOV skims
Fri May 10 05:30:26 2024, Build SOV skims
Fri May 10 05:31:37 2024, 2.1 HwySkimming.rsc, Finished Highway Skimming
Fri May 10 05:31:37 2024, 2.2 TransitSkimming.rsc,   ****** Transit Skimming ****** 
Fri May 10 05:31:37 2024, Set transit paramters
Fri May 10 05:31:37 2024, Prepare inputs
Fri May 10 05:33:47 2024, Build drive connectors
Fri May 10 05:37:33 2024, Build transit paths
Fri May 10 05:37:33 2024, Build transit paths, Build transit paths Loop - AM - Walk - Local -1 of 40
Fri May 10 05:37:33 2024, Build transit paths, Build tranist network
Fri May 10 05:37:52 2024, Build transit paths, Tranist network settings
Fri May 10 05:37:53 2024, Build transit paths, Transit assignment PF
Fri May 10 05:38:08 2024, Build transit paths, Fill stop layer with base ivtt
Fri May 10 05:38:08 2024, Build transit paths, Update transit links with correct ivtt
Fri May 10 05:38:09 2024, Build transit paths, Transit skim PF
Fri May 10 05:39:41 2024, Build transit paths, Calculate boardings in transfers field
Fri May 10 05:39:44 2024, Build transit paths, Build transit paths Loop - AM - Walk - Brt -2 of 40
Fri May 10 05:39:44 2024, Build transit paths, Build tranist network
Fri May 10 05:40:03 2024, Build transit paths, Tranist network settings
Fri May 10 05:40:04 2024, Build transit paths, Transit assignment PF
Fri May 10 05:40:19 2024, Build transit paths, Fill stop layer with base ivtt
Fri May 10 05:40:19 2024, Build transit paths, Update transit links with correct ivtt
Fri May 10 05:40:20 2024, Build transit paths, Transit skim PF
Fri May 10 05:41:42 2024, Build transit paths, Calculate boardings in transfers field
Fri May 10 05:41:43 2024, Build transit paths, Build transit paths Loop - AM - Walk - ExpBus -3 of 40
Fri May 10 05:41:43 2024, Build transit paths, Build tranist network
Fri May 10 05:42:02 2024, Build transit paths, Tranist network settings
Fri May 10 05:42:03 2024, Build transit paths, Transit assignment PF
Fri May 10 05:42:19 2024, Build transit paths, Fill stop layer with base ivtt
Fri May 10 05:42:19 2024, Build transit paths, Update transit links with correct ivtt
Fri May 10 05:42:20 2024, Build transit paths, Transit skim PF
Fri May 10 05:43:44 2024, Build transit paths, Calculate boardings in transfers field
Fri May 10 05:43:44 2024, Build transit paths, Build transit paths Loop - AM - Walk - UrbRail -4 of 40
Fri May 10 05:43:44 2024, Build transit paths, Build tranist network
Fri May 10 05:44:03 2024, Build transit paths, Tranist network settings
Fri May 10 05:44:04 2024, Build transit paths, Transit assignment PF
Fri May 10 05:44:20 2024, Build transit paths, Fill stop layer with base ivtt
Fri May 10 05:44:20 2024, Build transit paths, Update transit links with correct ivtt
Fri May 10 05:44:21 2024, Build transit paths, Transit skim PF
Fri May 10 05:45:46 2024, Build transit paths, Calculate boardings in transfers field
Fri May 10 05:45:46 2024, Build transit paths, Build transit paths Loop - AM - Walk - ComRail -5 of 40
Fri May 10 05:45:46 2024, Build transit paths, Build tranist network
Fri May 10 05:46:05 2024, Build transit paths, Tranist network settings
Fri May 10 05:46:07 2024, Build transit paths, Transit assignment PF
Fri May 10 05:46:23 2024, Build transit paths, Fill stop layer with base ivtt
Fri May 10 05:46:23 2024, Build transit paths, Update transit links with correct ivtt
Fri May 10 05:46:24 2024, Build transit paths, Transit skim PF
Fri May 10 05:47:51 2024, Build transit paths, Calculate boardings in transfers field
Fri May 10 05:47:51 2024, Build transit paths, Build transit paths Loop - AM - Drive - Local -6 of 40
Fri May 10 05:47:51 2024, Build transit paths, Build tranist network
Fri May 10 05:48:10 2024, Build transit paths, Tranist network settings
Fri May 10 05:48:15 2024, Build transit paths, Transit assignment PF
Fri May 10 05:48:29 2024, Build transit paths, Fill stop layer with base ivtt
Fri May 10 05:48:30 2024, Build transit paths, Update transit links with correct ivtt
Fri May 10 05:48:31 2024, Build transit paths, Transit skim PF
Fri May 10 05:49:22 2024, Build transit paths, Calculate boardings in transfers field
Fri May 10 05:49:23 2024, Build transit paths, Build transit paths Loop - AM - Drive - Brt -7 of 40
Fri May 10 05:49:23 2024, Build transit paths, Build tranist network
Fri May 10 05:49:41 2024, Build transit paths, Tranist network settings
Fri May 10 05:49:46 2024, Build transit paths, Transit assignment PF
Fri May 10 05:50:00 2024, Build transit paths, Fill stop layer with base ivtt
Fri May 10 05:50:01 2024, Build transit paths, Update transit links with correct ivtt
Fri May 10 05:50:02 2024, Build transit paths, Transit skim PF
Fri May 10 05:51:02 2024, Build transit paths, Calculate boardings in transfers field
Fri May 10 05:51:03 2024, Build transit paths, Build transit paths Loop - AM - Drive - ExpBus -8 of 40
Fri May 10 05:51:03 2024, Build transit paths, Build tranist network
Fri May 10 05:51:21 2024, Build transit paths, Tranist network settings
Fri May 10 05:51:27 2024, Build transit paths, Transit assignment PF
Fri May 10 05:51:42 2024, Build transit paths, Fill stop layer with base ivtt
Fri May 10 05:51:43 2024, Build transit paths, Update transit links with correct ivtt
Fri May 10 05:51:44 2024, Build transit paths, Transit skim PF
Fri May 10 05:52:36 2024, Build transit paths, Calculate boardings in transfers field
Fri May 10 05:52:36 2024, Build transit paths, Build transit paths Loop - AM - Drive - UrbRail -9 of 40
Fri May 10 05:52:36 2024, Build transit paths, Build tranist network
Fri May 10 05:52:55 2024, Build transit paths, Tranist network settings
Fri May 10 05:53:00 2024, Build transit paths, Transit assignment PF
Fri May 10 05:53:15 2024, Build transit paths, Fill stop layer with base ivtt
Fri May 10 05:53:16 2024, Build transit paths, Update transit links with correct ivtt
Fri May 10 05:53:17 2024, Build transit paths, Transit skim PF
Fri May 10 05:54:11 2024, Build transit paths, Calculate boardings in transfers field
Fri May 10 05:54:11 2024, Build transit paths, Build transit paths Loop - AM - Drive - ComRail -10 of 40
Fri May 10 05:54:11 2024, Build transit paths, Build tranist network
Fri May 10 05:54:30 2024, Build transit paths, Tranist network settings
Fri May 10 05:54:35 2024, Build transit paths, Transit assignment PF
Fri May 10 05:54:51 2024, Build transit paths, Fill stop layer with base ivtt
Fri May 10 05:54:51 2024, Build transit paths, Update transit links with correct ivtt
Fri May 10 05:54:52 2024, Build transit paths, Transit skim PF
Fri May 10 05:55:48 2024, Build transit paths, Calculate boardings in transfers field
Fri May 10 05:55:48 2024, Build transit paths, Build transit paths Loop - MD - Walk - Local -11 of 40
Fri May 10 05:55:48 2024, Build transit paths, Build tranist network
Fri May 10 05:56:07 2024, Build transit paths, Tranist network settings
Fri May 10 05:56:08 2024, Build transit paths, Transit assignment PF
Fri May 10 05:56:23 2024, Build transit paths, Fill stop layer with base ivtt
Fri May 10 05:56:23 2024, Build transit paths, Update transit links with correct ivtt
Fri May 10 05:56:24 2024, Build transit paths, Transit skim PF
Fri May 10 05:57:45 2024, Build transit paths, Calculate boardings in transfers field
Fri May 10 05:57:45 2024, Build transit paths, Build transit paths Loop - MD - Walk - Brt -12 of 40
Fri May 10 05:57:45 2024, Build transit paths, Build tranist network
Fri May 10 05:58:04 2024, Build transit paths, Tranist network settings
Fri May 10 05:58:05 2024, Build transit paths, Transit assignment PF
Fri May 10 05:58:20 2024, Build transit paths, Fill stop layer with base ivtt
Fri May 10 05:58:20 2024, Build transit paths, Update transit links with correct ivtt
Fri May 10 05:58:21 2024, Build transit paths, Transit skim PF
Fri May 10 05:59:42 2024, Build transit paths, Calculate boardings in transfers field
Fri May 10 05:59:42 2024, Build transit paths, Build transit paths Loop - MD - Walk - ExpBus -13 of 40
Fri May 10 05:59:42 2024, Build transit paths, Build tranist network
Fri May 10 06:00:01 2024, Build transit paths, Tranist network settings
Fri May 10 06:00:02 2024, Build transit paths, Transit assignment PF
Fri May 10 06:00:17 2024, Build transit paths, Fill stop layer with base ivtt
Fri May 10 06:00:18 2024, Build transit paths, Update transit links with correct ivtt
Fri May 10 06:00:19 2024, Build transit paths, Transit skim PF
Fri May 10 06:01:41 2024, Build transit paths, Calculate boardings in transfers field
Fri May 10 06:01:41 2024, Build transit paths, Build transit paths Loop - MD - Walk - UrbRail -14 of 40
Fri May 10 06:01:41 2024, Build transit paths, Build tranist network
Fri May 10 06:01:59 2024, Build transit paths, Tranist network settings
Fri May 10 06:02:01 2024, Build transit paths, Transit assignment PF
Fri May 10 06:02:16 2024, Build transit paths, Fill stop layer with base ivtt
Fri May 10 06:02:17 2024, Build transit paths, Update transit links with correct ivtt
Fri May 10 06:02:17 2024, Build transit paths, Transit skim PF
Fri May 10 06:03:39 2024, Build transit paths, Calculate boardings in transfers field
Fri May 10 06:03:39 2024, Build transit paths, Build transit paths Loop - MD - Walk - ComRail -15 of 40
Fri May 10 06:03:39 2024, Build transit paths, Build tranist network
Fri May 10 06:03:58 2024, Build transit paths, Tranist network settings
Fri May 10 06:03:59 2024, Build transit paths, Transit assignment PF
Fri May 10 06:04:15 2024, Build transit paths, Fill stop layer with base ivtt
Fri May 10 06:04:15 2024, Build transit paths, Update transit links with correct ivtt
Fri May 10 06:04:16 2024, Build transit paths, Transit skim PF
Fri May 10 06:05:38 2024, Build transit paths, Calculate boardings in transfers field
Fri May 10 06:05:39 2024, Build transit paths, Build transit paths Loop - MD - Drive - Local -16 of 40
Fri May 10 06:05:39 2024, Build transit paths, Build tranist network
Fri May 10 06:05:57 2024, Build transit paths, Tranist network settings
Fri May 10 06:06:02 2024, Build transit paths, Transit assignment PF
Fri May 10 06:06:17 2024, Build transit paths, Fill stop layer with base ivtt
Fri May 10 06:06:17 2024, Build transit paths, Update transit links with correct ivtt
Fri May 10 06:06:18 2024, Build transit paths, Transit skim PF
Fri May 10 06:07:10 2024, Build transit paths, Calculate boardings in transfers field
Fri May 10 06:07:10 2024, Build transit paths, Build transit paths Loop - MD - Drive - Brt -17 of 40
Fri May 10 06:07:10 2024, Build transit paths, Build tranist network
Fri May 10 06:07:29 2024, Build transit paths, Tranist network settings
Fri May 10 06:07:34 2024, Build transit paths, Transit assignment PF
Fri May 10 06:07:49 2024, Build transit paths, Fill stop layer with base ivtt
Fri May 10 06:07:49 2024, Build transit paths, Update transit links with correct ivtt
Fri May 10 06:07:50 2024, Build transit paths, Transit skim PF
Fri May 10 06:08:39 2024, Build transit paths, Calculate boardings in transfers field
Fri May 10 06:08:39 2024, Build transit paths, Build transit paths Loop - MD - Drive - ExpBus -18 of 40
Fri May 10 06:08:39 2024, Build transit paths, Build tranist network
Fri May 10 06:08:58 2024, Build transit paths, Tranist network settings
Fri May 10 06:09:03 2024, Build transit paths, Transit assignment PF
Fri May 10 06:09:18 2024, Build transit paths, Fill stop layer with base ivtt
Fri May 10 06:09:18 2024, Build transit paths, Update transit links with correct ivtt
Fri May 10 06:09:19 2024, Build transit paths, Transit skim PF
Fri May 10 06:10:10 2024, Build transit paths, Calculate boardings in transfers field
Fri May 10 06:10:10 2024, Build transit paths, Build transit paths Loop - MD - Drive - UrbRail -19 of 40
Fri May 10 06:10:10 2024, Build transit paths, Build tranist network
Fri May 10 06:10:29 2024, Build transit paths, Tranist network settings
Fri May 10 06:10:34 2024, Build transit paths, Transit assignment PF
Fri May 10 06:10:49 2024, Build transit paths, Fill stop layer with base ivtt
Fri May 10 06:10:49 2024, Build transit paths, Update transit links with correct ivtt
Fri May 10 06:10:50 2024, Build transit paths, Transit skim PF
Fri May 10 06:11:42 2024, Build transit paths, Calculate boardings in transfers field
Fri May 10 06:11:42 2024, Build transit paths, Build transit paths Loop - MD - Drive - ComRail -20 of 40
Fri May 10 06:11:42 2024, Build transit paths, Build tranist network
Fri May 10 06:12:01 2024, Build transit paths, Tranist network settings
Fri May 10 06:12:06 2024, Build transit paths, Transit assignment PF
Fri May 10 06:12:21 2024, Build transit paths, Fill stop layer with base ivtt
Fri May 10 06:12:21 2024, Build transit paths, Update transit links with correct ivtt
Fri May 10 06:12:22 2024, Build transit paths, Transit skim PF
Fri May 10 06:13:15 2024, Build transit paths, Calculate boardings in transfers field
Fri May 10 06:13:15 2024, Build transit paths, Build transit paths Loop - PM - Walk - Local -21 of 40
Fri May 10 06:13:15 2024, Build transit paths, Build tranist network
Fri May 10 06:13:34 2024, Build transit paths, Tranist network settings
Fri May 10 06:13:35 2024, Build transit paths, Transit assignment PF
Fri May 10 06:13:50 2024, Build transit paths, Fill stop layer with base ivtt
Fri May 10 06:13:50 2024, Build transit paths, Update transit links with correct ivtt
Fri May 10 06:13:51 2024, Build transit paths, Transit skim PF
Fri May 10 06:15:13 2024, Build transit paths, Calculate boardings in transfers field
Fri May 10 06:15:13 2024, Build transit paths, Build transit paths Loop - PM - Walk - Brt -22 of 40
Fri May 10 06:15:13 2024, Build transit paths, Build tranist network
Fri May 10 06:15:32 2024, Build transit paths, Tranist network settings
Fri May 10 06:15:34 2024, Build transit paths, Transit assignment PF
Fri May 10 06:15:48 2024, Build transit paths, Fill stop layer with base ivtt
Fri May 10 06:15:49 2024, Build transit paths, Update transit links with correct ivtt
Fri May 10 06:15:50 2024, Build transit paths, Transit skim PF
Fri May 10 06:17:13 2024, Build transit paths, Calculate boardings in transfers field
Fri May 10 06:17:13 2024, Build transit paths, Build transit paths Loop - PM - Walk - ExpBus -23 of 40
Fri May 10 06:17:13 2024, Build transit paths, Build tranist network
Fri May 10 06:17:32 2024, Build transit paths, Tranist network settings
Fri May 10 06:17:34 2024, Build transit paths, Transit assignment PF
Fri May 10 06:17:50 2024, Build transit paths, Fill stop layer with base ivtt
Fri May 10 06:17:50 2024, Build transit paths, Update transit links with correct ivtt
Fri May 10 06:17:51 2024, Build transit paths, Transit skim PF
Fri May 10 06:19:18 2024, Build transit paths, Calculate boardings in transfers field
Fri May 10 06:19:18 2024, Build transit paths, Build transit paths Loop - PM - Walk - UrbRail -24 of 40
Fri May 10 06:19:18 2024, Build transit paths, Build tranist network
Fri May 10 06:19:37 2024, Build transit paths, Tranist network settings
Fri May 10 06:19:38 2024, Build transit paths, Transit assignment PF
Fri May 10 06:19:54 2024, Build transit paths, Fill stop layer with base ivtt
Fri May 10 06:19:54 2024, Build transit paths, Update transit links with correct ivtt
Fri May 10 06:19:55 2024, Build transit paths, Transit skim PF
Fri May 10 06:21:22 2024, Build transit paths, Calculate boardings in transfers field
Fri May 10 06:21:23 2024, Build transit paths, Build transit paths Loop - PM - Walk - ComRail -25 of 40
Fri May 10 06:21:23 2024, Build transit paths, Build tranist network
Fri May 10 06:21:41 2024, Build transit paths, Tranist network settings
Fri May 10 06:21:43 2024, Build transit paths, Transit assignment PF
Fri May 10 06:22:01 2024, Build transit paths, Fill stop layer with base ivtt
Fri May 10 06:22:01 2024, Build transit paths, Update transit links with correct ivtt
Fri May 10 06:22:02 2024, Build transit paths, Transit skim PF
Fri May 10 06:23:31 2024, Build transit paths, Calculate boardings in transfers field
Fri May 10 06:23:32 2024, Build transit paths, Build transit paths Loop - PM - Drive - Local -26 of 40
Fri May 10 06:23:32 2024, Build transit paths, Build tranist network
Fri May 10 06:23:50 2024, Build transit paths, Tranist network settings
Fri May 10 06:23:55 2024, Build transit paths, Transit assignment PF
Fri May 10 06:24:25 2024, Build transit paths, Fill stop layer with base ivtt
Fri May 10 06:24:25 2024, Build transit paths, Update transit links with correct ivtt
Fri May 10 06:24:26 2024, Build transit paths, Transit skim PF
Fri May 10 06:26:05 2024, Build transit paths, Calculate boardings in transfers field
Fri May 10 06:26:06 2024, Build transit paths, Build transit paths Loop - PM - Drive - Brt -27 of 40
Fri May 10 06:26:06 2024, Build transit paths, Build tranist network
Fri May 10 06:26:24 2024, Build transit paths, Tranist network settings
Fri May 10 06:26:30 2024, Build transit paths, Transit assignment PF
Fri May 10 06:27:00 2024, Build transit paths, Fill stop layer with base ivtt
Fri May 10 06:27:01 2024, Build transit paths, Update transit links with correct ivtt
Fri May 10 06:27:01 2024, Build transit paths, Transit skim PF
Fri May 10 06:28:44 2024, Build transit paths, Calculate boardings in transfers field
Fri May 10 06:28:45 2024, Build transit paths, Build transit paths Loop - PM - Drive - ExpBus -28 of 40
Fri May 10 06:28:45 2024, Build transit paths, Build tranist network
Fri May 10 06:29:03 2024, Build transit paths, Tranist network settings
Fri May 10 06:29:08 2024, Build transit paths, Transit assignment PF
Fri May 10 06:29:40 2024, Build transit paths, Fill stop layer with base ivtt
Fri May 10 06:29:40 2024, Build transit paths, Update transit links with correct ivtt
Fri May 10 06:29:41 2024, Build transit paths, Transit skim PF
Fri May 10 06:31:18 2024, Build transit paths, Calculate boardings in transfers field
Fri May 10 06:31:18 2024, Build transit paths, Build transit paths Loop - PM - Drive - UrbRail -29 of 40
Fri May 10 06:31:18 2024, Build transit paths, Build tranist network
Fri May 10 06:31:37 2024, Build transit paths, Tranist network settings
Fri May 10 06:31:42 2024, Build transit paths, Transit assignment PF
Fri May 10 06:32:14 2024, Build transit paths, Fill stop layer with base ivtt
Fri May 10 06:32:15 2024, Build transit paths, Update transit links with correct ivtt
Fri May 10 06:32:16 2024, Build transit paths, Transit skim PF
Fri May 10 06:33:52 2024, Build transit paths, Calculate boardings in transfers field
Fri May 10 06:33:52 2024, Build transit paths, Build transit paths Loop - PM - Drive - ComRail -30 of 40
Fri May 10 06:33:52 2024, Build transit paths, Build tranist network
Fri May 10 06:34:11 2024, Build transit paths, Tranist network settings
Fri May 10 06:34:16 2024, Build transit paths, Transit assignment PF
Fri May 10 06:34:50 2024, Build transit paths, Fill stop layer with base ivtt
Fri May 10 06:34:50 2024, Build transit paths, Update transit links with correct ivtt
Fri May 10 06:34:51 2024, Build transit paths, Transit skim PF
Fri May 10 06:36:27 2024, Build transit paths, Calculate boardings in transfers field
Fri May 10 06:36:27 2024, Build transit paths, Build transit paths Loop - OP - Walk - Local -31 of 40
Fri May 10 06:36:27 2024, Build transit paths, Build tranist network
Fri May 10 06:36:46 2024, Build transit paths, Tranist network settings
Fri May 10 06:36:47 2024, Build transit paths, Transit assignment PF
Fri May 10 06:37:03 2024, Build transit paths, Fill stop layer with base ivtt
Fri May 10 06:37:03 2024, Build transit paths, Update transit links with correct ivtt
Fri May 10 06:37:04 2024, Build transit paths, Transit skim PF
Fri May 10 06:38:26 2024, Build transit paths, Calculate boardings in transfers field
Fri May 10 06:38:26 2024, Build transit paths, Build transit paths Loop - OP - Walk - Brt -32 of 40
Fri May 10 06:38:26 2024, Build transit paths, Build tranist network
Fri May 10 06:38:45 2024, Build transit paths, Tranist network settings
Fri May 10 06:38:46 2024, Build transit paths, Transit assignment PF
Fri May 10 06:39:02 2024, Build transit paths, Fill stop layer with base ivtt
Fri May 10 06:39:03 2024, Build transit paths, Update transit links with correct ivtt
Fri May 10 06:39:04 2024, Build transit paths, Transit skim PF
Fri May 10 06:40:25 2024, Build transit paths, Calculate boardings in transfers field
Fri May 10 06:40:25 2024, Build transit paths, Build transit paths Loop - OP - Walk - ExpBus -33 of 40
Fri May 10 06:40:25 2024, Build transit paths, Build tranist network
Fri May 10 06:40:43 2024, Build transit paths, Tranist network settings
Fri May 10 06:40:45 2024, Build transit paths, Transit assignment PF
Fri May 10 06:41:01 2024, Build transit paths, Fill stop layer with base ivtt
Fri May 10 06:41:01 2024, Build transit paths, Update transit links with correct ivtt
Fri May 10 06:41:02 2024, Build transit paths, Transit skim PF
Fri May 10 06:42:25 2024, Build transit paths, Calculate boardings in transfers field
Fri May 10 06:42:26 2024, Build transit paths, Build transit paths Loop - OP - Walk - UrbRail -34 of 40
Fri May 10 06:42:26 2024, Build transit paths, Build tranist network
Fri May 10 06:42:44 2024, Build transit paths, Tranist network settings
Fri May 10 06:42:46 2024, Build transit paths, Transit assignment PF
Fri May 10 06:43:02 2024, Build transit paths, Fill stop layer with base ivtt
Fri May 10 06:43:03 2024, Build transit paths, Update transit links with correct ivtt
Fri May 10 06:43:04 2024, Build transit paths, Transit skim PF
Fri May 10 06:44:26 2024, Build transit paths, Calculate boardings in transfers field
Fri May 10 06:44:26 2024, Build transit paths, Build transit paths Loop - OP - Walk - ComRail -35 of 40
Fri May 10 06:44:26 2024, Build transit paths, Build tranist network
Fri May 10 06:44:44 2024, Build transit paths, Tranist network settings
Fri May 10 06:44:46 2024, Build transit paths, Transit assignment PF
Fri May 10 06:45:03 2024, Build transit paths, Fill stop layer with base ivtt
Fri May 10 06:45:03 2024, Build transit paths, Update transit links with correct ivtt
Fri May 10 06:45:04 2024, Build transit paths, Transit skim PF
Fri May 10 06:46:28 2024, Build transit paths, Calculate boardings in transfers field
Fri May 10 06:46:28 2024, Build transit paths, Build transit paths Loop - OP - Drive - Local -36 of 40
Fri May 10 06:46:28 2024, Build transit paths, Build tranist network
Fri May 10 06:46:46 2024, Build transit paths, Tranist network settings
Fri May 10 06:46:51 2024, Build transit paths, Transit assignment PF
Fri May 10 06:47:24 2024, Build transit paths, Fill stop layer with base ivtt
Fri May 10 06:47:24 2024, Build transit paths, Update transit links with correct ivtt
Fri May 10 06:47:25 2024, Build transit paths, Transit skim PF
Fri May 10 06:48:58 2024, Build transit paths, Calculate boardings in transfers field
Fri May 10 06:48:59 2024, Build transit paths, Build transit paths Loop - OP - Drive - Brt -37 of 40
Fri May 10 06:48:59 2024, Build transit paths, Build tranist network
Fri May 10 06:49:17 2024, Build transit paths, Tranist network settings
Fri May 10 06:49:22 2024, Build transit paths, Transit assignment PF
Fri May 10 06:49:55 2024, Build transit paths, Fill stop layer with base ivtt
Fri May 10 06:49:56 2024, Build transit paths, Update transit links with correct ivtt
Fri May 10 06:49:57 2024, Build transit paths, Transit skim PF
Fri May 10 06:51:31 2024, Build transit paths, Calculate boardings in transfers field
Fri May 10 06:51:32 2024, Build transit paths, Build transit paths Loop - OP - Drive - ExpBus -38 of 40
Fri May 10 06:51:32 2024, Build transit paths, Build tranist network
Fri May 10 06:51:50 2024, Build transit paths, Tranist network settings
Fri May 10 06:51:55 2024, Build transit paths, Transit assignment PF
Fri May 10 06:52:27 2024, Build transit paths, Fill stop layer with base ivtt
Fri May 10 06:52:28 2024, Build transit paths, Update transit links with correct ivtt
Fri May 10 06:52:29 2024, Build transit paths, Transit skim PF
Fri May 10 06:54:03 2024, Build transit paths, Calculate boardings in transfers field
Fri May 10 06:54:03 2024, Build transit paths, Build transit paths Loop - OP - Drive - UrbRail -39 of 40
Fri May 10 06:54:03 2024, Build transit paths, Build tranist network
Fri May 10 06:54:22 2024, Build transit paths, Tranist network settings
Fri May 10 06:54:27 2024, Build transit paths, Transit assignment PF
Fri May 10 06:55:00 2024, Build transit paths, Fill stop layer with base ivtt
Fri May 10 06:55:01 2024, Build transit paths, Update transit links with correct ivtt
Fri May 10 06:55:02 2024, Build transit paths, Transit skim PF
Fri May 10 06:56:37 2024, Build transit paths, Calculate boardings in transfers field
Fri May 10 06:56:37 2024, Build transit paths, Build transit paths Loop - OP - Drive - ComRail -40 of 40
Fri May 10 06:56:37 2024, Build transit paths, Build tranist network
Fri May 10 06:56:56 2024, Build transit paths, Tranist network settings
Fri May 10 06:57:01 2024, Build transit paths, Transit assignment PF
Fri May 10 06:57:34 2024, Build transit paths, Fill stop layer with base ivtt
Fri May 10 06:57:35 2024, Build transit paths, Update transit links with correct ivtt
Fri May 10 06:57:36 2024, Build transit paths, Transit skim PF
Fri May 10 06:59:10 2024, Build transit paths, Calculate boardings in transfers field
Fri May 10 06:59:10 2024, Process transit skims
Fri May 10 07:24:54 2024, 4 InternalTruckModel.rsc, Run Internal Truck and Commercial Vehicle Model
Fri May 10 07:24:54 2024, Aggregate LandUse
Fri May 10 07:25:12 2024, Calculate Accessibilities
Fri May 10 07:25:21 2024, Run Truck Model
Fri May 10 07:26:24 2024, Run Commercial Vehicle Model
Fri May 10 07:26:32 2024, Run Trip Length Summaries
Fri May 10 07:26:48 2024, Close All Views
Fri May 10 07:26:48 2024, 5 VisitorModel.rsc, Run Visitor Model
Fri May 10 07:26:48 2024, Prepare input data
Fri May 10 07:27:30 2024, Visitor Trip Gen
Fri May 10 07:27:35 2024, Visitor Trip Distribution
Fri May 10 07:27:46 2024, Visitor Trip Mode Choice
Fri May 10 07:27:47 2024, Visitor Trip Time of Day
Fri May 10 07:27:59 2024, 7.1 RunDaySim.rsc,   ****** Run DaySim ****** 
Fri May 10 07:27:59 2024, Set transit paramters
Fri May 10 07:27:59 2024, Copy DaySim inputs in feedback loop 3
Fri May 10 07:28:00 2024, Runing DaySim for iteration 1 in feedback loop 3
Fri May 10 08:24:02 2024, Runing DaySim Summaries in feedback loop 3
Fri May 10 08:24:02 2024, Set transit paramters
Fri May 10 08:29:35 2024, 7.1 RunDaySim.rsc,  ******** Build DaySim Trip Matrices ******** 
Fri May 10 08:29:35 2024, Set transit paramters
Fri May 10 08:29:35 2024, Copying DaySim outputs
Fri May 10 08:29:45 2024, Joining trip and tour files
Fri May 10 08:35:22 2024, Processing trips ... , Auto
Fri May 10 08:35:22 2024, Processing trips for: , AM
Fri May 10 08:44:42 2024, Processing trips for: , MD
Fri May 10 08:53:04 2024, Processing trips for: , PM
Fri May 10 09:02:51 2024, Processing trips for: , OP
Fri May 10 09:07:05 2024, Processing trips ... , Transit
Fri May 10 09:07:05 2024, Processing trips trips for: , AM
Fri May 10 09:12:04 2024, Processing trips trips for: , MD
Fri May 10 09:13:51 2024, Processing trips trips for: , PM
Fri May 10 09:15:59 2024, Processing trips trips for: , OP
Fri May 10 09:16:56 2024, Set transit paramters
Fri May 10 09:16:58 2024, 8.1 HwyAssignment.rsc,   ****** Pre Assignment ****** 
Fri May 10 09:16:58 2024, Add visitor trips 
Fri May 10 09:17:01 2024, Add internal truck demand 
Fri May 10 09:17:02 2024, Add internal commercial vehicle demand 
Fri May 10 09:17:02 2024, Add external truck demand 
Fri May 10 09:17:16 2024, Add external auto demand 
Fri May 10 09:17:23 2024, Highway Assignment - Processing Matrices for , AM
Fri May 10 09:17:28 2024, Highway Assignment - Processing Matrices for , MD
Fri May 10 09:17:42 2024, Highway Assignment - Processing Matrices for , PM
Fri May 10 09:17:53 2024, Highway Assignment - Processing Matrices for , OP
Fri May 10 09:18:01 2024, Highway Assignment - Network Settings
Fri May 10 09:18:03 2024, Highway Assignment - Preload Assignment for AM
Fri May 10 09:18:47 2024, Highway Assignment - Preload Assignment for MD
Fri May 10 09:20:12 2024, Highway Assignment - Preload Assignment for PM
Fri May 10 09:21:29 2024, Highway Assignment - Preload Assignment for OP
Fri May 10 09:22:09 2024, Highway Assignment - General Assignment for AM
Fri May 10 09:30:20 2024, Highway Assignment - General Assignment for MD
Fri May 10 09:34:19 2024, Highway Assignment - General Assignment for PM
Fri May 10 09:42:21 2024, Highway Assignment - General Assignment for OP
Fri May 10 09:43:58 2024, 8.2 TransitAssignment.rsc,   ****** Transit Assignment ****** 
Fri May 10 09:43:58 2024, Set transit paramters
Fri May 10 09:43:58 2024, Transit assignment, AM
Fri May 10 09:44:08 2024, Transit assignment, AM
Fri May 10 09:44:16 2024, Transit assignment, AM
Fri May 10 09:44:23 2024, Transit assignment, AM
Fri May 10 09:44:30 2024, Transit assignment, AM
Fri May 10 09:44:40 2024, Transit assignment, AM
Fri May 10 09:44:48 2024, Transit assignment, AM
Fri May 10 09:44:54 2024, Transit assignment, AM
Fri May 10 09:45:00 2024, Transit assignment, AM
Fri May 10 09:45:07 2024, Transit assignment, AM
Fri May 10 09:45:14 2024, Transit assignment, AM
Fri May 10 09:45:20 2024, Transit assignment, AM
Fri May 10 09:45:26 2024, Transit assignment, AM
Fri May 10 09:45:33 2024, Transit assignment, AM
Fri May 10 09:45:39 2024, Transit assignment, AM
Fri May 10 09:45:46 2024, Transit assignment, MD
Fri May 10 09:45:57 2024, Transit assignment, MD
Fri May 10 09:46:05 2024, Transit assignment, MD
Fri May 10 09:46:12 2024, Transit assignment, MD
Fri May 10 09:46:19 2024, Transit assignment, MD
Fri May 10 09:46:26 2024, Transit assignment, MD
Fri May 10 09:46:34 2024, Transit assignment, MD
Fri May 10 09:46:40 2024, Transit assignment, MD
Fri May 10 09:46:46 2024, Transit assignment, MD
Fri May 10 09:46:52 2024, Transit assignment, MD
Fri May 10 09:46:58 2024, Transit assignment, MD
Fri May 10 09:47:05 2024, Transit assignment, MD
Fri May 10 09:47:11 2024, Transit assignment, MD
Fri May 10 09:47:17 2024, Transit assignment, MD
Fri May 10 09:47:24 2024, Transit assignment, MD
Fri May 10 09:47:30 2024, Transit assignment, PM
Fri May 10 09:47:41 2024, Transit assignment, PM
Fri May 10 09:47:49 2024, Transit assignment, PM
Fri May 10 09:47:56 2024, Transit assignment, PM
Fri May 10 09:48:04 2024, Transit assignment, PM
Fri May 10 09:48:15 2024, Transit assignment, PM
Fri May 10 09:48:32 2024, Transit assignment, PM
Fri May 10 09:48:48 2024, Transit assignment, PM
Fri May 10 09:49:05 2024, Transit assignment, PM
Fri May 10 09:49:22 2024, Transit assignment, PM
Fri May 10 09:49:39 2024, Transit assignment, PM
Fri May 10 09:49:55 2024, Transit assignment, PM
Fri May 10 09:50:11 2024, Transit assignment, PM
Fri May 10 09:50:28 2024, Transit assignment, PM
Fri May 10 09:50:45 2024, Transit assignment, PM
Fri May 10 09:51:01 2024, Transit assignment, OP
Fri May 10 09:51:11 2024, Transit assignment, OP
Fri May 10 09:51:18 2024, Transit assignment, OP
Fri May 10 09:51:24 2024, Transit assignment, OP
Fri May 10 09:51:31 2024, Transit assignment, OP
Fri May 10 09:51:37 2024, Transit assignment, OP
Fri May 10 09:51:54 2024, Transit assignment, OP
Fri May 10 09:52:10 2024, Transit assignment, OP
Fri May 10 09:52:25 2024, Transit assignment, OP
Fri May 10 09:52:41 2024, Transit assignment, OP
Fri May 10 09:52:57 2024, Transit assignment, OP
Fri May 10 09:53:13 2024, Transit assignment, OP
Fri May 10 09:53:29 2024, Transit assignment, OP
Fri May 10 09:53:45 2024, Transit assignment, OP
Fri May 10 09:54:01 2024, Transit assignment, OP
Fri May 10 09:54:17 2024, 8.2 TransitAssignment.rsc,   ****** Transit Reporting ****** 
Fri May 10 09:54:17 2024, Set transit paramters
Fri May 10 12:20:51 2024,  ******************* FINISHED Nashville ABM 2019 - Version 19.1.0 ******************* 
Fri May 10 14:59:16 2024,  ******************* STARTED Nashville ABM 2019 - Version 19.1.0 ******************* 
Fri May 10 14:59:17 2024, 8.2 TransitAssignment.rsc,   ****** Transit Assignment ****** 
Fri May 10 14:59:17 2024, Set transit paramters
Fri May 10 14:59:17 2024, Transit assignment, AM
Fri May 10 14:59:26 2024, Transit assignment, AM
Fri May 10 14:59:34 2024, Transit assignment, AM
Fri May 10 14:59:41 2024, Transit assignment, AM
Fri May 10 14:59:47 2024, Transit assignment, AM
Fri May 10 14:59:56 2024, Transit assignment, AM
Fri May 10 15:00:03 2024, Transit assignment, AM
Fri May 10 15:00:08 2024, Transit assignment, AM
Fri May 10 15:00:13 2024, Transit assignment, AM
Fri May 10 15:00:19 2024, Transit assignment, AM
Fri May 10 15:00:25 2024, Transit assignment, AM
Fri May 10 15:00:31 2024, Transit assignment, AM
Fri May 10 15:00:36 2024, Transit assignment, AM
Fri May 10 15:00:42 2024, Transit assignment, AM
Fri May 10 15:00:48 2024, Transit assignment, AM
Fri May 10 15:00:54 2024, Transit assignment, MD
Fri May 10 15:01:04 2024, Transit assignment, MD
Fri May 10 15:01:11 2024, Transit assignment, MD
Fri May 10 15:01:18 2024, Transit assignment, MD
Fri May 10 15:01:24 2024, Transit assignment, MD
Fri May 10 15:01:30 2024, Transit assignment, MD
Fri May 10 15:01:37 2024, Transit assignment, MD
Fri May 10 15:01:42 2024, Transit assignment, MD
Fri May 10 15:01:48 2024, Transit assignment, MD
Fri May 10 15:01:53 2024, Transit assignment, MD
Fri May 10 15:01:59 2024, Transit assignment, MD
Fri May 10 15:02:04 2024, Transit assignment, MD
Fri May 10 15:02:09 2024, Transit assignment, MD
Fri May 10 15:02:15 2024, Transit assignment, MD
Fri May 10 15:02:20 2024, Transit assignment, MD
Fri May 10 15:02:26 2024, Transit assignment, PM
Fri May 10 15:02:36 2024, Transit assignment, PM
Fri May 10 15:02:44 2024, Transit assignment, PM
Fri May 10 15:02:51 2024, Transit assignment, PM
Fri May 10 15:02:57 2024, Transit assignment, PM
Fri May 10 15:03:08 2024, Transit assignment, PM
Fri May 10 15:03:16 2024, Transit assignment, PM
Fri May 10 15:03:25 2024, Transit assignment, PM
Fri May 10 15:03:33 2024, Transit assignment, PM
Fri May 10 15:03:42 2024, Transit assignment, PM
Fri May 10 15:03:50 2024, Transit assignment, PM
Fri May 10 15:03:58 2024, Transit assignment, PM
Fri May 10 15:04:06 2024, Transit assignment, PM
Fri May 10 15:04:15 2024, Transit assignment, PM
Fri May 10 15:04:23 2024, Transit assignment, PM
Fri May 10 15:04:31 2024, Transit assignment, OP
Fri May 10 15:04:40 2024, Transit assignment, OP
Fri May 10 15:04:46 2024, Transit assignment, OP
Fri May 10 15:04:52 2024, Transit assignment, OP
Fri May 10 15:04:58 2024, Transit assignment, OP
Fri May 10 15:05:04 2024, Transit assignment, OP
Fri May 10 15:05:12 2024, Transit assignment, OP
Fri May 10 15:05:19 2024, Transit assignment, OP
Fri May 10 15:05:27 2024, Transit assignment, OP
Fri May 10 15:05:35 2024, Transit assignment, OP
Fri May 10 15:05:43 2024, Transit assignment, OP
Fri May 10 15:05:50 2024, Transit assignment, OP
Fri May 10 15:05:58 2024, Transit assignment, OP
Fri May 10 15:06:06 2024, Transit assignment, OP
Fri May 10 15:06:14 2024, Transit assignment, OP
Fri May 10 15:06:21 2024, 8.2 TransitAssignment.rsc,   ****** Transit Reporting ****** 
Fri May 10 15:06:21 2024, Set transit paramters
Fri May 10 15:11:12 2024,  ******************* FINISHED Nashville ABM 2019 - Version 19.1.0 ******************* 
Fri May 10 15:37:35 2024,  ******************* STARTED Nashville ABM 2019 - Version 19.1.0 ******************* 
Fri May 10 15:37:35 2024, 8.2 TransitAssignment.rsc,   ****** Transit Reporting ****** 
Fri May 10 15:37:35 2024, Set transit paramters
Fri May 10 15:56:15 2024, 8.1 HwyAssignment.rsc,   ****** Highway Post Processor ****** 
Fri May 10 16:08:48 2024, 8.3 FeedbackLoop.rsc,   ****** Update Travel Times ****** 
Fri May 10 16:09:10 2024,  ******************* FINISHED Nashville ABM 2019 - Version 19.1.0 ******************* 
Fri May 10 17:44:08 2024,  ******************* STARTED Nashville ABM 2019 - Version 19.1.0 ******************* 
Fri May 10 17:44:08 2024, 2.1 HwySkimming.rsc,   ****** Highway Skimming ****** 
Fri May 10 17:44:08 2024, Build highway network
Fri May 10 17:44:09 2024, Shortest path using length
Fri May 10 17:44:10 2024, Terminal time
Fri May 10 17:44:11 2024, Build HOV skims
Fri May 10 17:44:35 2024, Build SOV skims
Fri May 10 17:45:08 2024, 2.1 HwySkimming.rsc, Finished Highway Skimming
Fri May 10 17:45:33 2024,  ******************* FINISHED Nashville ABM 2019 - Version 19.1.0 ******************* 
Fri May 10 17:48:51 2024,  ******************* STARTED Nashville ABM 2019 - Version 19.1.0 ******************* 
Fri May 10 17:48:51 2024, 8.3 FeedbackLoop.rsc,   ****** Update Travel Times ****** 
Fri May 10 17:49:04 2024,  ******************* FINISHED Nashville ABM 2019 - Version 19.1.0 ******************* 
Fri May 10 17:51:54 2024,  ******************* STARTED Nashville ABM 2019 - Version 19.1.0 ******************* 
Fri May 10 17:51:54 2024, 8.3 FeedbackLoop.rsc,   ****** Update Travel Times ****** 
Fri May 10 17:52:08 2024,  ******************* FINISHED Nashville ABM 2019 - Version 19.1.0 ******************* 
Fri May 10 17:52:44 2024,  ******************* STARTED Nashville ABM 2019 - Version 19.1.0 ******************* 
Fri May 10 17:52:44 2024, 8.3 FeedbackLoop.rsc,   ****** Update Travel Times ****** 
Fri May 10 17:53:00 2024,  ******************* FINISHED Nashville ABM 2019 - Version 19.1.0 ******************* 
Fri May 10 17:54:06 2024,  ******************* STARTED Nashville ABM 2019 - Version 19.1.0 ******************* 
Fri May 10 17:54:07 2024, 8.3 FeedbackLoop.rsc,   ****** Update Travel Times ****** 
Fri May 10 17:54:18 2024,  ******************* FINISHED Nashville ABM 2019 - Version 19.1.0 ******************* 
Fri May 10 17:55:02 2024,  ******************* STARTED Nashville ABM 2019 - Version 19.1.0 ******************* 
Fri May 10 17:55:02 2024, 8.3 FeedbackLoop.rsc,   ****** Update Travel Times ****** 
Fri May 10 17:55:13 2024,  ******************* FINISHED Nashville ABM 2019 - Version 19.1.0 ******************* 
Fri May 10 19:02:48 2024,  ******************* STARTED Nashville ABM 2019 - Version 19.1.0 ******************* 
Fri May 10 19:02:49 2024, 1.1 Initialization.rsc, Initialization
Fri May 10 19:06:36 2024, 1.1 Initialization.rsc, Area Type
Fri May 10 19:16:14 2024, 1.1 Initialization.rsc, Capacity and FF Speed
Fri May 10 19:44:52 2024, 2.1 HwySkimming.rsc,   ****** Highway Skimming ****** 
Fri May 10 19:44:52 2024, Build highway network
Fri May 10 19:45:00 2024, Shortest path using length
Fri May 10 19:45:01 2024, Terminal time
Fri May 10 19:45:03 2024, Build HOV skims
Fri May 10 19:45:43 2024, Build SOV skims
Fri May 10 19:46:31 2024, Save and copy skims
Fri May 10 19:46:42 2024, 2.1 HwySkimming.rsc, Finished Highway Skimming
Fri May 10 19:46:42 2024, 2.2 TransitSkimming.rsc,   ****** Transit Skimming ****** 
Fri May 10 19:46:42 2024, Set transit paramters
Fri May 10 19:46:42 2024, Prepare inputs
Fri May 10 19:48:34 2024, Build drive connectors
Fri May 10 19:52:19 2024, Build transit paths
Fri May 10 19:52:19 2024, Build transit paths, Build transit paths Loop - AM - Walk - Local -1 of 40
Fri May 10 19:52:19 2024, Build transit paths, Build tranist network
Fri May 10 19:52:37 2024, Build transit paths, Tranist network settings
Fri May 10 19:52:39 2024, Build transit paths, Transit assignment PF
Fri May 10 19:52:54 2024, Build transit paths, Fill stop layer with base ivtt
Fri May 10 19:52:54 2024, Build transit paths, Update transit links with correct ivtt
Fri May 10 19:52:55 2024, Build transit paths, Transit skim PF
Fri May 10 19:54:21 2024, Build transit paths, Calculate boardings in transfers field
Fri May 10 19:54:22 2024, Build transit paths, Build transit paths Loop - AM - Walk - Brt -2 of 40
Fri May 10 19:54:22 2024, Build transit paths, Build tranist network
Fri May 10 19:54:40 2024, Build transit paths, Tranist network settings
Fri May 10 19:54:42 2024, Build transit paths, Transit assignment PF
Fri May 10 19:54:58 2024, Build transit paths, Fill stop layer with base ivtt
Fri May 10 19:54:58 2024, Build transit paths, Update transit links with correct ivtt
Fri May 10 19:54:59 2024, Build transit paths, Transit skim PF
Fri May 10 19:56:20 2024, Build transit paths, Calculate boardings in transfers field
Fri May 10 19:56:21 2024, Build transit paths, Build transit paths Loop - AM - Walk - ExpBus -3 of 40
Fri May 10 19:56:21 2024, Build transit paths, Build tranist network
Fri May 10 19:56:40 2024, Build transit paths, Tranist network settings
Fri May 10 19:56:41 2024, Build transit paths, Transit assignment PF
Fri May 10 19:56:57 2024, Build transit paths, Fill stop layer with base ivtt
Fri May 10 19:56:58 2024, Build transit paths, Update transit links with correct ivtt
Fri May 10 19:56:59 2024, Build transit paths, Transit skim PF
Fri May 10 19:58:22 2024, Build transit paths, Calculate boardings in transfers field
Fri May 10 19:58:23 2024, Build transit paths, Build transit paths Loop - AM - Walk - UrbRail -4 of 40
Fri May 10 19:58:23 2024, Build transit paths, Build tranist network
Fri May 10 19:58:42 2024, Build transit paths, Tranist network settings
Fri May 10 19:58:43 2024, Build transit paths, Transit assignment PF
Fri May 10 19:58:59 2024, Build transit paths, Fill stop layer with base ivtt
Fri May 10 19:59:00 2024, Build transit paths, Update transit links with correct ivtt
Fri May 10 19:59:01 2024, Build transit paths, Transit skim PF
Fri May 10 20:00:26 2024, Build transit paths, Calculate boardings in transfers field
Fri May 10 20:00:26 2024, Build transit paths, Build transit paths Loop - AM - Walk - ComRail -5 of 40
Fri May 10 20:00:26 2024, Build transit paths, Build tranist network
Fri May 10 20:00:45 2024, Build transit paths, Tranist network settings
Fri May 10 20:00:46 2024, Build transit paths, Transit assignment PF
Fri May 10 20:01:03 2024, Build transit paths, Fill stop layer with base ivtt
Fri May 10 20:01:03 2024, Build transit paths, Update transit links with correct ivtt
Fri May 10 20:01:04 2024, Build transit paths, Transit skim PF
Fri May 10 20:02:32 2024, Build transit paths, Calculate boardings in transfers field
Fri May 10 20:02:32 2024, Build transit paths, Build transit paths Loop - AM - Drive - Local -6 of 40
Fri May 10 20:02:32 2024, Build transit paths, Build tranist network
Fri May 10 20:02:51 2024, Build transit paths, Tranist network settings
Fri May 10 20:02:56 2024, Build transit paths, Transit assignment PF
Fri May 10 20:03:12 2024, Build transit paths, Fill stop layer with base ivtt
Fri May 10 20:03:12 2024, Build transit paths, Update transit links with correct ivtt
Fri May 10 20:03:13 2024, Build transit paths, Transit skim PF
Fri May 10 20:04:17 2024, Build transit paths, Calculate boardings in transfers field
Fri May 10 20:04:17 2024, Build transit paths, Build transit paths Loop - AM - Drive - Brt -7 of 40
Fri May 10 20:04:17 2024, Build transit paths, Build tranist network
Fri May 10 20:04:36 2024, Build transit paths, Tranist network settings
Fri May 10 20:04:41 2024, Build transit paths, Transit assignment PF
Fri May 10 20:04:56 2024, Build transit paths, Fill stop layer with base ivtt
Fri May 10 20:04:57 2024, Build transit paths, Update transit links with correct ivtt
Fri May 10 20:04:58 2024, Build transit paths, Transit skim PF
Fri May 10 20:05:55 2024, Build transit paths, Calculate boardings in transfers field
Fri May 10 20:05:55 2024, Build transit paths, Build transit paths Loop - AM - Drive - ExpBus -8 of 40
Fri May 10 20:05:55 2024, Build transit paths, Build tranist network
Fri May 10 20:06:14 2024, Build transit paths, Tranist network settings
Fri May 10 20:06:20 2024, Build transit paths, Transit assignment PF
Fri May 10 20:06:36 2024, Build transit paths, Fill stop layer with base ivtt
Fri May 10 20:06:36 2024, Build transit paths, Update transit links with correct ivtt
Fri May 10 20:06:37 2024, Build transit paths, Transit skim PF
Fri May 10 20:07:31 2024, Build transit paths, Calculate boardings in transfers field
Fri May 10 20:07:31 2024, Build transit paths, Build transit paths Loop - AM - Drive - UrbRail -9 of 40
Fri May 10 20:07:31 2024, Build transit paths, Build tranist network
Fri May 10 20:07:50 2024, Build transit paths, Tranist network settings
Fri May 10 20:07:55 2024, Build transit paths, Transit assignment PF
Fri May 10 20:08:11 2024, Build transit paths, Fill stop layer with base ivtt
Fri May 10 20:08:11 2024, Build transit paths, Update transit links with correct ivtt
Fri May 10 20:08:13 2024, Build transit paths, Transit skim PF
Fri May 10 20:09:05 2024, Build transit paths, Calculate boardings in transfers field
Fri May 10 20:09:05 2024, Build transit paths, Build transit paths Loop - AM - Drive - ComRail -10 of 40
Fri May 10 20:09:05 2024, Build transit paths, Build tranist network
Fri May 10 20:09:24 2024, Build transit paths, Tranist network settings
Fri May 10 20:09:30 2024, Build transit paths, Transit assignment PF
Fri May 10 20:09:46 2024, Build transit paths, Fill stop layer with base ivtt
Fri May 10 20:09:46 2024, Build transit paths, Update transit links with correct ivtt
Fri May 10 20:09:47 2024, Build transit paths, Transit skim PF
Fri May 10 20:10:41 2024, Build transit paths, Calculate boardings in transfers field
Fri May 10 20:10:43 2024, Build transit paths, Build transit paths Loop - MD - Walk - Local -11 of 40
Fri May 10 20:10:43 2024, Build transit paths, Build tranist network
Fri May 10 20:11:01 2024, Build transit paths, Tranist network settings
Fri May 10 20:11:03 2024, Build transit paths, Transit assignment PF
Fri May 10 20:11:18 2024, Build transit paths, Fill stop layer with base ivtt
Fri May 10 20:11:18 2024, Build transit paths, Update transit links with correct ivtt
Fri May 10 20:11:19 2024, Build transit paths, Transit skim PF
Fri May 10 20:12:40 2024, Build transit paths, Calculate boardings in transfers field
Fri May 10 20:12:40 2024, Build transit paths, Build transit paths Loop - MD - Walk - Brt -12 of 40
Fri May 10 20:12:40 2024, Build transit paths, Build tranist network
Fri May 10 20:12:59 2024, Build transit paths, Tranist network settings
Fri May 10 20:13:00 2024, Build transit paths, Transit assignment PF
Fri May 10 20:13:15 2024, Build transit paths, Fill stop layer with base ivtt
Fri May 10 20:13:16 2024, Build transit paths, Update transit links with correct ivtt
Fri May 10 20:13:17 2024, Build transit paths, Transit skim PF
Fri May 10 20:14:40 2024, Build transit paths, Calculate boardings in transfers field
Fri May 10 20:14:40 2024, Build transit paths, Build transit paths Loop - MD - Walk - ExpBus -13 of 40
Fri May 10 20:14:40 2024, Build transit paths, Build tranist network
Fri May 10 20:14:59 2024, Build transit paths, Tranist network settings
Fri May 10 20:15:00 2024, Build transit paths, Transit assignment PF
Fri May 10 20:15:16 2024, Build transit paths, Fill stop layer with base ivtt
Fri May 10 20:15:16 2024, Build transit paths, Update transit links with correct ivtt
Fri May 10 20:15:17 2024, Build transit paths, Transit skim PF
Fri May 10 20:16:41 2024, Build transit paths, Calculate boardings in transfers field
Fri May 10 20:16:41 2024, Build transit paths, Build transit paths Loop - MD - Walk - UrbRail -14 of 40
Fri May 10 20:16:41 2024, Build transit paths, Build tranist network
Fri May 10 20:17:00 2024, Build transit paths, Tranist network settings
Fri May 10 20:17:02 2024, Build transit paths, Transit assignment PF
Fri May 10 20:17:18 2024, Build transit paths, Fill stop layer with base ivtt
Fri May 10 20:17:18 2024, Build transit paths, Update transit links with correct ivtt
Fri May 10 20:17:19 2024, Build transit paths, Transit skim PF
Fri May 10 20:18:44 2024, Build transit paths, Calculate boardings in transfers field
Fri May 10 20:18:44 2024, Build transit paths, Build transit paths Loop - MD - Walk - ComRail -15 of 40
Fri May 10 20:18:44 2024, Build transit paths, Build tranist network
Fri May 10 20:19:03 2024, Build transit paths, Tranist network settings
Fri May 10 20:19:04 2024, Build transit paths, Transit assignment PF
Fri May 10 20:19:21 2024, Build transit paths, Fill stop layer with base ivtt
Fri May 10 20:19:21 2024, Build transit paths, Update transit links with correct ivtt
Fri May 10 20:19:22 2024, Build transit paths, Transit skim PF
Fri May 10 20:20:47 2024, Build transit paths, Calculate boardings in transfers field
Fri May 10 20:20:47 2024, Build transit paths, Build transit paths Loop - MD - Drive - Local -16 of 40
Fri May 10 20:20:47 2024, Build transit paths, Build tranist network
Fri May 10 20:21:06 2024, Build transit paths, Tranist network settings
Fri May 10 20:21:11 2024, Build transit paths, Transit assignment PF
Fri May 10 20:21:28 2024, Build transit paths, Fill stop layer with base ivtt
Fri May 10 20:21:28 2024, Build transit paths, Update transit links with correct ivtt
Fri May 10 20:21:29 2024, Build transit paths, Transit skim PF
Fri May 10 20:22:20 2024, Build transit paths, Calculate boardings in transfers field
Fri May 10 20:22:20 2024, Build transit paths, Build transit paths Loop - MD - Drive - Brt -17 of 40
Fri May 10 20:22:20 2024, Build transit paths, Build tranist network
Fri May 10 20:22:39 2024, Build transit paths, Tranist network settings
Fri May 10 20:22:44 2024, Build transit paths, Transit assignment PF
Fri May 10 20:23:01 2024, Build transit paths, Fill stop layer with base ivtt
Fri May 10 20:23:02 2024, Build transit paths, Update transit links with correct ivtt
Fri May 10 20:23:03 2024, Build transit paths, Transit skim PF
Fri May 10 20:23:54 2024, Build transit paths, Calculate boardings in transfers field
Fri May 10 20:23:54 2024, Build transit paths, Build transit paths Loop - MD - Drive - ExpBus -18 of 40
Fri May 10 20:23:54 2024, Build transit paths, Build tranist network
Fri May 10 20:24:13 2024, Build transit paths, Tranist network settings
Fri May 10 20:24:18 2024, Build transit paths, Transit assignment PF
Fri May 10 20:24:36 2024, Build transit paths, Fill stop layer with base ivtt
Fri May 10 20:24:36 2024, Build transit paths, Update transit links with correct ivtt
Fri May 10 20:24:37 2024, Build transit paths, Transit skim PF
Fri May 10 20:25:31 2024, Build transit paths, Calculate boardings in transfers field
Fri May 10 20:25:31 2024, Build transit paths, Build transit paths Loop - MD - Drive - UrbRail -19 of 40
Fri May 10 20:25:31 2024, Build transit paths, Build tranist network
Fri May 10 20:25:50 2024, Build transit paths, Tranist network settings
Fri May 10 20:25:55 2024, Build transit paths, Transit assignment PF
Fri May 10 20:26:13 2024, Build transit paths, Fill stop layer with base ivtt
Fri May 10 20:26:14 2024, Build transit paths, Update transit links with correct ivtt
Fri May 10 20:26:15 2024, Build transit paths, Transit skim PF
Fri May 10 20:27:08 2024, Build transit paths, Calculate boardings in transfers field
Fri May 10 20:27:09 2024, Build transit paths, Build transit paths Loop - MD - Drive - ComRail -20 of 40
Fri May 10 20:27:09 2024, Build transit paths, Build tranist network
Fri May 10 20:27:27 2024, Build transit paths, Tranist network settings
Fri May 10 20:27:33 2024, Build transit paths, Transit assignment PF
Fri May 10 20:27:51 2024, Build transit paths, Fill stop layer with base ivtt
Fri May 10 20:27:51 2024, Build transit paths, Update transit links with correct ivtt
Fri May 10 20:27:52 2024, Build transit paths, Transit skim PF
Fri May 10 20:28:49 2024, Build transit paths, Calculate boardings in transfers field
Fri May 10 20:28:49 2024, Build transit paths, Build transit paths Loop - PM - Walk - Local -21 of 40
Fri May 10 20:28:49 2024, Build transit paths, Build tranist network
Fri May 10 20:29:08 2024, Build transit paths, Tranist network settings
Fri May 10 20:29:09 2024, Build transit paths, Transit assignment PF
Fri May 10 20:29:26 2024, Build transit paths, Fill stop layer with base ivtt
Fri May 10 20:29:27 2024, Build transit paths, Update transit links with correct ivtt
Fri May 10 20:29:28 2024, Build transit paths, Transit skim PF
Fri May 10 20:30:52 2024, Build transit paths, Calculate boardings in transfers field
Fri May 10 20:30:52 2024, Build transit paths, Build transit paths Loop - PM - Walk - Brt -22 of 40
Fri May 10 20:30:52 2024, Build transit paths, Build tranist network
Fri May 10 20:31:11 2024, Build transit paths, Tranist network settings
Fri May 10 20:31:12 2024, Build transit paths, Transit assignment PF
Fri May 10 20:31:30 2024, Build transit paths, Fill stop layer with base ivtt
Fri May 10 20:31:30 2024, Build transit paths, Update transit links with correct ivtt
Fri May 10 20:31:31 2024, Build transit paths, Transit skim PF
Fri May 10 20:32:57 2024, Build transit paths, Calculate boardings in transfers field
Fri May 10 20:32:58 2024, Build transit paths, Build transit paths Loop - PM - Walk - ExpBus -23 of 40
Fri May 10 20:32:58 2024, Build transit paths, Build tranist network
Fri May 10 20:33:17 2024, Build transit paths, Tranist network settings
Fri May 10 20:33:18 2024, Build transit paths, Transit assignment PF
Fri May 10 20:33:38 2024, Build transit paths, Fill stop layer with base ivtt
Fri May 10 20:33:38 2024, Build transit paths, Update transit links with correct ivtt
Fri May 10 20:33:39 2024, Build transit paths, Transit skim PF
Fri May 10 20:35:07 2024, Build transit paths, Calculate boardings in transfers field
Fri May 10 20:35:07 2024, Build transit paths, Build transit paths Loop - PM - Walk - UrbRail -24 of 40
Fri May 10 20:35:07 2024, Build transit paths, Build tranist network
Fri May 10 20:35:26 2024, Build transit paths, Tranist network settings
Fri May 10 20:35:27 2024, Build transit paths, Transit assignment PF
Fri May 10 20:35:47 2024, Build transit paths, Fill stop layer with base ivtt
Fri May 10 20:35:47 2024, Build transit paths, Update transit links with correct ivtt
Fri May 10 20:35:48 2024, Build transit paths, Transit skim PF
Fri May 10 20:37:16 2024, Build transit paths, Calculate boardings in transfers field
Fri May 10 20:37:17 2024, Build transit paths, Build transit paths Loop - PM - Walk - ComRail -25 of 40
Fri May 10 20:37:17 2024, Build transit paths, Build tranist network
Fri May 10 20:37:35 2024, Build transit paths, Tranist network settings
Fri May 10 20:37:37 2024, Build transit paths, Transit assignment PF
Fri May 10 20:37:58 2024, Build transit paths, Fill stop layer with base ivtt
Fri May 10 20:37:58 2024, Build transit paths, Update transit links with correct ivtt
Fri May 10 20:37:59 2024, Build transit paths, Transit skim PF
Fri May 10 20:39:30 2024, Build transit paths, Calculate boardings in transfers field
Fri May 10 20:39:31 2024, Build transit paths, Build transit paths Loop - PM - Drive - Local -26 of 40
Fri May 10 20:39:31 2024, Build transit paths, Build tranist network
Fri May 10 20:39:49 2024, Build transit paths, Tranist network settings
Fri May 10 20:39:55 2024, Build transit paths, Transit assignment PF
Fri May 10 20:40:29 2024, Build transit paths, Fill stop layer with base ivtt
Fri May 10 20:40:29 2024, Build transit paths, Update transit links with correct ivtt
Fri May 10 20:40:30 2024, Build transit paths, Transit skim PF
Fri May 10 20:42:15 2024, Build transit paths, Calculate boardings in transfers field
Fri May 10 20:42:15 2024, Build transit paths, Build transit paths Loop - PM - Drive - Brt -27 of 40
Fri May 10 20:42:15 2024, Build transit paths, Build tranist network
Fri May 10 20:42:34 2024, Build transit paths, Tranist network settings
Fri May 10 20:42:39 2024, Build transit paths, Transit assignment PF
Fri May 10 20:43:14 2024, Build transit paths, Fill stop layer with base ivtt
Fri May 10 20:43:14 2024, Build transit paths, Update transit links with correct ivtt
Fri May 10 20:43:15 2024, Build transit paths, Transit skim PF
Fri May 10 20:44:54 2024, Build transit paths, Calculate boardings in transfers field
Fri May 10 20:44:54 2024, Build transit paths, Build transit paths Loop - PM - Drive - ExpBus -28 of 40
Fri May 10 20:44:54 2024, Build transit paths, Build tranist network
Fri May 10 20:45:13 2024, Build transit paths, Tranist network settings
Fri May 10 20:45:18 2024, Build transit paths, Transit assignment PF
Fri May 10 20:45:55 2024, Build transit paths, Fill stop layer with base ivtt
Fri May 10 20:45:56 2024, Build transit paths, Update transit links with correct ivtt
Fri May 10 20:45:57 2024, Build transit paths, Transit skim PF
Fri May 10 20:47:34 2024, Build transit paths, Calculate boardings in transfers field
Fri May 10 20:47:34 2024, Build transit paths, Build transit paths Loop - PM - Drive - UrbRail -29 of 40
Fri May 10 20:47:34 2024, Build transit paths, Build tranist network
Fri May 10 20:47:53 2024, Build transit paths, Tranist network settings
Fri May 10 20:47:58 2024, Build transit paths, Transit assignment PF
Fri May 10 20:48:35 2024, Build transit paths, Fill stop layer with base ivtt
Fri May 10 20:48:36 2024, Build transit paths, Update transit links with correct ivtt
Fri May 10 20:48:37 2024, Build transit paths, Transit skim PF
Fri May 10 20:50:12 2024, Build transit paths, Calculate boardings in transfers field
Fri May 10 20:50:12 2024, Build transit paths, Build transit paths Loop - PM - Drive - ComRail -30 of 40
Fri May 10 20:50:12 2024, Build transit paths, Build tranist network
Fri May 10 20:50:31 2024, Build transit paths, Tranist network settings
Fri May 10 20:50:37 2024, Build transit paths, Transit assignment PF
Fri May 10 20:51:15 2024, Build transit paths, Fill stop layer with base ivtt
Fri May 10 20:51:15 2024, Build transit paths, Update transit links with correct ivtt
Fri May 10 20:51:16 2024, Build transit paths, Transit skim PF
Fri May 10 20:52:55 2024, Build transit paths, Calculate boardings in transfers field
Fri May 10 20:52:55 2024, Build transit paths, Build transit paths Loop - OP - Walk - Local -31 of 40
Fri May 10 20:52:55 2024, Build transit paths, Build tranist network
Fri May 10 20:53:13 2024, Build transit paths, Tranist network settings
Fri May 10 20:53:15 2024, Build transit paths, Transit assignment PF
Fri May 10 20:53:33 2024, Build transit paths, Fill stop layer with base ivtt
Fri May 10 20:53:33 2024, Build transit paths, Update transit links with correct ivtt
Fri May 10 20:53:34 2024, Build transit paths, Transit skim PF
Fri May 10 20:54:55 2024, Build transit paths, Calculate boardings in transfers field
Fri May 10 20:54:55 2024, Build transit paths, Build transit paths Loop - OP - Walk - Brt -32 of 40
Fri May 10 20:54:55 2024, Build transit paths, Build tranist network
Fri May 10 20:55:14 2024, Build transit paths, Tranist network settings
Fri May 10 20:55:15 2024, Build transit paths, Transit assignment PF
Fri May 10 20:55:34 2024, Build transit paths, Fill stop layer with base ivtt
Fri May 10 20:55:34 2024, Build transit paths, Update transit links with correct ivtt
Fri May 10 20:55:35 2024, Build transit paths, Transit skim PF
Fri May 10 20:56:54 2024, Build transit paths, Calculate boardings in transfers field
Fri May 10 20:56:55 2024, Build transit paths, Build transit paths Loop - OP - Walk - ExpBus -33 of 40
Fri May 10 20:56:55 2024, Build transit paths, Build tranist network
Fri May 10 20:57:13 2024, Build transit paths, Tranist network settings
Fri May 10 20:57:14 2024, Build transit paths, Transit assignment PF
Fri May 10 20:57:33 2024, Build transit paths, Fill stop layer with base ivtt
Fri May 10 20:57:33 2024, Build transit paths, Update transit links with correct ivtt
Fri May 10 20:57:34 2024, Build transit paths, Transit skim PF
Fri May 10 20:58:54 2024, Build transit paths, Calculate boardings in transfers field
Fri May 10 20:58:54 2024, Build transit paths, Build transit paths Loop - OP - Walk - UrbRail -34 of 40
Fri May 10 20:58:54 2024, Build transit paths, Build tranist network
Fri May 10 20:59:12 2024, Build transit paths, Tranist network settings
Fri May 10 20:59:14 2024, Build transit paths, Transit assignment PF
Fri May 10 20:59:32 2024, Build transit paths, Fill stop layer with base ivtt
Fri May 10 20:59:32 2024, Build transit paths, Update transit links with correct ivtt
Fri May 10 20:59:33 2024, Build transit paths, Transit skim PF
Fri May 10 21:00:54 2024, Build transit paths, Calculate boardings in transfers field
Fri May 10 21:00:55 2024, Build transit paths, Build transit paths Loop - OP - Walk - ComRail -35 of 40
Fri May 10 21:00:55 2024, Build transit paths, Build tranist network
Fri May 10 21:01:13 2024, Build transit paths, Tranist network settings
Fri May 10 21:01:15 2024, Build transit paths, Transit assignment PF
Fri May 10 21:01:33 2024, Build transit paths, Fill stop layer with base ivtt
Fri May 10 21:01:33 2024, Build transit paths, Update transit links with correct ivtt
Fri May 10 21:01:34 2024, Build transit paths, Transit skim PF
Fri May 10 21:02:55 2024, Build transit paths, Calculate boardings in transfers field
Fri May 10 21:02:56 2024, Build transit paths, Build transit paths Loop - OP - Drive - Local -36 of 40
Fri May 10 21:02:56 2024, Build transit paths, Build tranist network
Fri May 10 21:03:14 2024, Build transit paths, Tranist network settings
Fri May 10 21:03:19 2024, Build transit paths, Transit assignment PF
Fri May 10 21:03:52 2024, Build transit paths, Fill stop layer with base ivtt
Fri May 10 21:03:53 2024, Build transit paths, Update transit links with correct ivtt
Fri May 10 21:03:54 2024, Build transit paths, Transit skim PF
Fri May 10 21:05:26 2024, Build transit paths, Calculate boardings in transfers field
Fri May 10 21:05:26 2024, Build transit paths, Build transit paths Loop - OP - Drive - Brt -37 of 40
Fri May 10 21:05:26 2024, Build transit paths, Build tranist network
Fri May 10 21:05:44 2024, Build transit paths, Tranist network settings
Fri May 10 21:05:50 2024, Build transit paths, Transit assignment PF
Fri May 10 21:06:22 2024, Build transit paths, Fill stop layer with base ivtt
Fri May 10 21:06:22 2024, Build transit paths, Update transit links with correct ivtt
Fri May 10 21:06:24 2024, Build transit paths, Transit skim PF
Fri May 10 21:07:57 2024, Build transit paths, Calculate boardings in transfers field
Fri May 10 21:07:57 2024, Build transit paths, Build transit paths Loop - OP - Drive - ExpBus -38 of 40
Fri May 10 21:07:57 2024, Build transit paths, Build tranist network
Fri May 10 21:08:16 2024, Build transit paths, Tranist network settings
Fri May 10 21:08:21 2024, Build transit paths, Transit assignment PF
Fri May 10 21:08:54 2024, Build transit paths, Fill stop layer with base ivtt
Fri May 10 21:08:54 2024, Build transit paths, Update transit links with correct ivtt
Fri May 10 21:08:55 2024, Build transit paths, Transit skim PF
Fri May 10 21:10:28 2024, Build transit paths, Calculate boardings in transfers field
Fri May 10 21:10:28 2024, Build transit paths, Build transit paths Loop - OP - Drive - UrbRail -39 of 40
Fri May 10 21:10:28 2024, Build transit paths, Build tranist network
Fri May 10 21:10:47 2024, Build transit paths, Tranist network settings
Fri May 10 21:10:52 2024, Build transit paths, Transit assignment PF
Fri May 10 21:11:24 2024, Build transit paths, Fill stop layer with base ivtt
Fri May 10 21:11:25 2024, Build transit paths, Update transit links with correct ivtt
Fri May 10 21:11:26 2024, Build transit paths, Transit skim PF
Fri May 10 21:12:59 2024, Build transit paths, Calculate boardings in transfers field
Fri May 10 21:12:59 2024, Build transit paths, Build transit paths Loop - OP - Drive - ComRail -40 of 40
Fri May 10 21:12:59 2024, Build transit paths, Build tranist network
Fri May 10 21:13:17 2024, Build transit paths, Tranist network settings
Fri May 10 21:13:23 2024, Build transit paths, Transit assignment PF
Fri May 10 21:13:55 2024, Build transit paths, Fill stop layer with base ivtt
Fri May 10 21:13:56 2024, Build transit paths, Update transit links with correct ivtt
Fri May 10 21:13:57 2024, Build transit paths, Transit skim PF
Fri May 10 21:15:30 2024, Build transit paths, Calculate boardings in transfers field
Fri May 10 21:15:30 2024, Process transit skims
Fri May 10 21:40:00 2024, Create percent walk for TCMS
Fri May 10 21:42:09 2024, 4 InternalTruckModel.rsc, Run Internal Truck and Commercial Vehicle Model
Fri May 10 21:42:09 2024, Aggregate LandUse
Fri May 10 21:42:29 2024, Calculate Accessibilities
Fri May 10 21:42:38 2024, Run Truck Model
Fri May 10 21:43:55 2024, Run Commercial Vehicle Model
Fri May 10 21:44:05 2024, Run Trip Length Summaries
Fri May 10 21:44:20 2024, Close All Views
Fri May 10 21:44:20 2024, 5 VisitorModel.rsc, Run Visitor Model
Fri May 10 21:44:20 2024, Prepare input data
Fri May 10 21:45:02 2024, Visitor Trip Gen
Fri May 10 21:45:08 2024, Visitor Trip Distribution
Fri May 10 21:45:19 2024, Visitor Trip Mode Choice
Fri May 10 21:45:20 2024, Visitor Trip Time of Day
Fri May 10 21:45:35 2024, 7.1 RunDaySim.rsc,   ****** Run DaySim ****** 
Fri May 10 21:45:35 2024, Set transit paramters
Fri May 10 21:58:46 2024, Runing OMX Re Export in feedback loop 1
Fri May 10 21:58:46 2024, Set transit paramters
Sat May 11 01:30:03 2024, Copy DaySim inputs in feedback loop 1
Sat May 11 01:30:03 2024, Runing DaySim for iteration 1 in feedback loop 1
Sat May 11 02:27:35 2024, 7.1 RunDaySim.rsc,  ******** Build DaySim Trip Matrices ******** 
Sat May 11 02:27:35 2024, Set transit paramters
Sat May 11 02:27:35 2024, Copying DaySim outputs
Sat May 11 02:27:46 2024, Joining trip and tour files
Sat May 11 02:31:43 2024, Processing trips ... , Auto
Sat May 11 02:31:43 2024, Processing trips for: , AM
Sat May 11 02:41:04 2024, Processing trips for: , MD
Sat May 11 02:49:22 2024, Processing trips for: , PM
Sat May 11 02:59:02 2024, Processing trips for: , OP
Sat May 11 03:03:11 2024, Processing trips ... , Transit
Sat May 11 03:03:11 2024, Processing trips trips for: , AM
Sat May 11 03:08:13 2024, Processing trips trips for: , MD
Sat May 11 03:09:57 2024, Processing trips trips for: , PM
Sat May 11 03:12:04 2024, Processing trips trips for: , OP
Sat May 11 03:13:04 2024, Set transit paramters
Sat May 11 03:13:07 2024, 8.1 HwyAssignment.rsc,   ****** Pre Assignment ****** 
Sat May 11 03:13:07 2024, Add visitor trips 
Sat May 11 03:13:09 2024, Add internal truck demand 
Sat May 11 03:13:10 2024, Add internal commercial vehicle demand 
Sat May 11 03:13:11 2024, Add external truck demand 
Sat May 11 03:13:22 2024, Add external auto demand 
Sat May 11 03:13:27 2024, Highway Assignment - Processing Matrices for , AM
Sat May 11 03:13:33 2024, Highway Assignment - Processing Matrices for , MD
Sat May 11 03:13:53 2024, Highway Assignment - Processing Matrices for , PM
Sat May 11 03:14:02 2024, Highway Assignment - Processing Matrices for , OP
Sat May 11 03:14:15 2024, Highway Assignment - Network Settings
Sat May 11 03:14:17 2024, Highway Assignment - Preload Assignment for AM
Sat May 11 03:15:02 2024, Highway Assignment - Preload Assignment for MD
Sat May 11 03:16:26 2024, Highway Assignment - Preload Assignment for PM
Sat May 11 03:17:43 2024, Highway Assignment - Preload Assignment for OP
Sat May 11 03:18:23 2024, Highway Assignment - General Assignment for AM
Sat May 11 03:26:30 2024, Highway Assignment - General Assignment for MD
Sat May 11 03:30:15 2024, Highway Assignment - General Assignment for PM
Sat May 11 03:38:22 2024, Highway Assignment - General Assignment for OP
Sat May 11 03:40:01 2024, 8.1 HwyAssignment.rsc,   ****** Highway Post Processor ****** 
Sat May 11 03:53:51 2024, 8.3 FeedbackLoop.rsc,   ****** Update Travel Times ****** 
Sat May 11 03:55:28 2024, 2.1 HwySkimming.rsc,   ****** Highway Skimming ****** 
Sat May 11 03:55:28 2024, Build highway network
Sat May 11 03:55:29 2024, Shortest path using length
Sat May 11 03:55:31 2024, Terminal time
Sat May 11 03:55:33 2024, Build HOV skims
Sat May 11 03:56:12 2024, Build SOV skims
Sat May 11 03:57:14 2024, Save and copy skims
Sat May 11 03:57:31 2024, 2.1 HwySkimming.rsc, Finished Highway Skimming
Sat May 11 03:57:31 2024, 2.2 TransitSkimming.rsc,   ****** Transit Skimming ****** 
Sat May 11 03:57:31 2024, Set transit paramters
Sat May 11 03:57:31 2024, Prepare inputs
Sat May 11 03:59:33 2024, Build drive connectors
Sat May 11 04:03:18 2024, Build transit paths
Sat May 11 04:03:18 2024, Build transit paths, Build transit paths Loop - AM - Walk - Local -1 of 40
Sat May 11 04:03:18 2024, Build transit paths, Build tranist network
Sat May 11 04:03:37 2024, Build transit paths, Tranist network settings
Sat May 11 04:03:38 2024, Build transit paths, Transit assignment PF
Sat May 11 04:03:54 2024, Build transit paths, Fill stop layer with base ivtt
Sat May 11 04:03:55 2024, Build transit paths, Update transit links with correct ivtt
Sat May 11 04:03:56 2024, Build transit paths, Transit skim PF
Sat May 11 04:05:17 2024, Build transit paths, Calculate boardings in transfers field
Sat May 11 04:05:18 2024, Build transit paths, Build transit paths Loop - AM - Walk - Brt -2 of 40
Sat May 11 04:05:18 2024, Build transit paths, Build tranist network
Sat May 11 04:05:36 2024, Build transit paths, Tranist network settings
Sat May 11 04:05:38 2024, Build transit paths, Transit assignment PF
Sat May 11 04:05:53 2024, Build transit paths, Fill stop layer with base ivtt
Sat May 11 04:05:53 2024, Build transit paths, Update transit links with correct ivtt
Sat May 11 04:05:54 2024, Build transit paths, Transit skim PF
Sat May 11 04:07:19 2024, Build transit paths, Calculate boardings in transfers field
Sat May 11 04:07:20 2024, Build transit paths, Build transit paths Loop - AM - Walk - ExpBus -3 of 40
Sat May 11 04:07:20 2024, Build transit paths, Build tranist network
Sat May 11 04:07:38 2024, Build transit paths, Tranist network settings
Sat May 11 04:07:40 2024, Build transit paths, Transit assignment PF
Sat May 11 04:07:57 2024, Build transit paths, Fill stop layer with base ivtt
Sat May 11 04:07:58 2024, Build transit paths, Update transit links with correct ivtt
Sat May 11 04:07:59 2024, Build transit paths, Transit skim PF
Sat May 11 04:09:23 2024, Build transit paths, Calculate boardings in transfers field
Sat May 11 04:09:23 2024, Build transit paths, Build transit paths Loop - AM - Walk - UrbRail -4 of 40
Sat May 11 04:09:23 2024, Build transit paths, Build tranist network
Sat May 11 04:09:42 2024, Build transit paths, Tranist network settings
Sat May 11 04:09:43 2024, Build transit paths, Transit assignment PF
Sat May 11 04:10:00 2024, Build transit paths, Fill stop layer with base ivtt
Sat May 11 04:10:00 2024, Build transit paths, Update transit links with correct ivtt
Sat May 11 04:10:01 2024, Build transit paths, Transit skim PF
Sat May 11 04:11:25 2024, Build transit paths, Calculate boardings in transfers field
Sat May 11 04:11:25 2024, Build transit paths, Build transit paths Loop - AM - Walk - ComRail -5 of 40
Sat May 11 04:11:25 2024, Build transit paths, Build tranist network
Sat May 11 04:11:44 2024, Build transit paths, Tranist network settings
Sat May 11 04:11:46 2024, Build transit paths, Transit assignment PF
Sat May 11 04:12:03 2024, Build transit paths, Fill stop layer with base ivtt
Sat May 11 04:12:03 2024, Build transit paths, Update transit links with correct ivtt
Sat May 11 04:12:04 2024, Build transit paths, Transit skim PF
Sat May 11 04:13:34 2024, Build transit paths, Calculate boardings in transfers field
Sat May 11 04:13:35 2024, Build transit paths, Build transit paths Loop - AM - Drive - Local -6 of 40
Sat May 11 04:13:35 2024, Build transit paths, Build tranist network
Sat May 11 04:13:53 2024, Build transit paths, Tranist network settings
Sat May 11 04:13:59 2024, Build transit paths, Transit assignment PF
Sat May 11 04:14:15 2024, Build transit paths, Fill stop layer with base ivtt
Sat May 11 04:14:15 2024, Build transit paths, Update transit links with correct ivtt
Sat May 11 04:14:16 2024, Build transit paths, Transit skim PF
Sat May 11 04:15:23 2024, Build transit paths, Calculate boardings in transfers field
Sat May 11 04:15:23 2024, Build transit paths, Build transit paths Loop - AM - Drive - Brt -7 of 40
Sat May 11 04:15:23 2024, Build transit paths, Build tranist network
Sat May 11 04:15:41 2024, Build transit paths, Tranist network settings
Sat May 11 04:15:47 2024, Build transit paths, Transit assignment PF
Sat May 11 04:16:02 2024, Build transit paths, Fill stop layer with base ivtt
Sat May 11 04:16:02 2024, Build transit paths, Update transit links with correct ivtt
Sat May 11 04:16:03 2024, Build transit paths, Transit skim PF
Sat May 11 04:17:01 2024, Build transit paths, Calculate boardings in transfers field
Sat May 11 04:17:02 2024, Build transit paths, Build transit paths Loop - AM - Drive - ExpBus -8 of 40
Sat May 11 04:17:02 2024, Build transit paths, Build tranist network
Sat May 11 04:17:21 2024, Build transit paths, Tranist network settings
Sat May 11 04:17:26 2024, Build transit paths, Transit assignment PF
Sat May 11 04:17:42 2024, Build transit paths, Fill stop layer with base ivtt
Sat May 11 04:17:43 2024, Build transit paths, Update transit links with correct ivtt
Sat May 11 04:17:44 2024, Build transit paths, Transit skim PF
Sat May 11 04:18:37 2024, Build transit paths, Calculate boardings in transfers field
Sat May 11 04:18:37 2024, Build transit paths, Build transit paths Loop - AM - Drive - UrbRail -9 of 40
Sat May 11 04:18:37 2024, Build transit paths, Build tranist network
Sat May 11 04:18:56 2024, Build transit paths, Tranist network settings
Sat May 11 04:19:01 2024, Build transit paths, Transit assignment PF
Sat May 11 04:19:18 2024, Build transit paths, Fill stop layer with base ivtt
Sat May 11 04:19:18 2024, Build transit paths, Update transit links with correct ivtt
Sat May 11 04:19:19 2024, Build transit paths, Transit skim PF
Sat May 11 04:20:12 2024, Build transit paths, Calculate boardings in transfers field
Sat May 11 04:20:13 2024, Build transit paths, Build transit paths Loop - AM - Drive - ComRail -10 of 40
Sat May 11 04:20:13 2024, Build transit paths, Build tranist network
Sat May 11 04:20:31 2024, Build transit paths, Tranist network settings
Sat May 11 04:20:37 2024, Build transit paths, Transit assignment PF
Sat May 11 04:20:53 2024, Build transit paths, Fill stop layer with base ivtt
Sat May 11 04:20:54 2024, Build transit paths, Update transit links with correct ivtt
Sat May 11 04:20:55 2024, Build transit paths, Transit skim PF
Sat May 11 04:21:49 2024, Build transit paths, Calculate boardings in transfers field
Sat May 11 04:21:50 2024, Build transit paths, Build transit paths Loop - MD - Walk - Local -11 of 40
Sat May 11 04:21:50 2024, Build transit paths, Build tranist network
Sat May 11 04:22:08 2024, Build transit paths, Tranist network settings
Sat May 11 04:22:10 2024, Build transit paths, Transit assignment PF
Sat May 11 04:22:25 2024, Build transit paths, Fill stop layer with base ivtt
Sat May 11 04:22:26 2024, Build transit paths, Update transit links with correct ivtt
Sat May 11 04:22:27 2024, Build transit paths, Transit skim PF
Sat May 11 04:23:48 2024, Build transit paths, Calculate boardings in transfers field
Sat May 11 04:23:48 2024, Build transit paths, Build transit paths Loop - MD - Walk - Brt -12 of 40
Sat May 11 04:23:48 2024, Build transit paths, Build tranist network
Sat May 11 04:24:07 2024, Build transit paths, Tranist network settings
Sat May 11 04:24:08 2024, Build transit paths, Transit assignment PF
Sat May 11 04:24:24 2024, Build transit paths, Fill stop layer with base ivtt
Sat May 11 04:24:24 2024, Build transit paths, Update transit links with correct ivtt
Sat May 11 04:24:25 2024, Build transit paths, Transit skim PF
Sat May 11 04:25:47 2024, Build transit paths, Calculate boardings in transfers field
Sat May 11 04:25:47 2024, Build transit paths, Build transit paths Loop - MD - Walk - ExpBus -13 of 40
Sat May 11 04:25:47 2024, Build transit paths, Build tranist network
Sat May 11 04:26:06 2024, Build transit paths, Tranist network settings
Sat May 11 04:26:07 2024, Build transit paths, Transit assignment PF
Sat May 11 04:26:23 2024, Build transit paths, Fill stop layer with base ivtt
Sat May 11 04:26:24 2024, Build transit paths, Update transit links with correct ivtt
Sat May 11 04:26:25 2024, Build transit paths, Transit skim PF
Sat May 11 04:27:47 2024, Build transit paths, Calculate boardings in transfers field
Sat May 11 04:27:48 2024, Build transit paths, Build transit paths Loop - MD - Walk - UrbRail -14 of 40
Sat May 11 04:27:48 2024, Build transit paths, Build tranist network
Sat May 11 04:28:06 2024, Build transit paths, Tranist network settings
Sat May 11 04:28:08 2024, Build transit paths, Transit assignment PF
Sat May 11 04:28:24 2024, Build transit paths, Fill stop layer with base ivtt
Sat May 11 04:28:25 2024, Build transit paths, Update transit links with correct ivtt
Sat May 11 04:28:26 2024, Build transit paths, Transit skim PF
Sat May 11 04:29:49 2024, Build transit paths, Calculate boardings in transfers field
Sat May 11 04:29:49 2024, Build transit paths, Build transit paths Loop - MD - Walk - ComRail -15 of 40
Sat May 11 04:29:49 2024, Build transit paths, Build tranist network
Sat May 11 04:30:08 2024, Build transit paths, Tranist network settings
Sat May 11 04:30:09 2024, Build transit paths, Transit assignment PF
Sat May 11 04:30:25 2024, Build transit paths, Fill stop layer with base ivtt
Sat May 11 04:30:26 2024, Build transit paths, Update transit links with correct ivtt
Sat May 11 04:30:27 2024, Build transit paths, Transit skim PF
Sat May 11 04:31:50 2024, Build transit paths, Calculate boardings in transfers field
Sat May 11 04:31:50 2024, Build transit paths, Build transit paths Loop - MD - Drive - Local -16 of 40
Sat May 11 04:31:50 2024, Build transit paths, Build tranist network
Sat May 11 04:32:09 2024, Build transit paths, Tranist network settings
Sat May 11 04:32:14 2024, Build transit paths, Transit assignment PF
Sat May 11 04:32:29 2024, Build transit paths, Fill stop layer with base ivtt
Sat May 11 04:32:30 2024, Build transit paths, Update transit links with correct ivtt
Sat May 11 04:32:31 2024, Build transit paths, Transit skim PF
Sat May 11 04:33:21 2024, Build transit paths, Calculate boardings in transfers field
Sat May 11 04:33:21 2024, Build transit paths, Build transit paths Loop - MD - Drive - Brt -17 of 40
Sat May 11 04:33:21 2024, Build transit paths, Build tranist network
Sat May 11 04:33:40 2024, Build transit paths, Tranist network settings
Sat May 11 04:33:45 2024, Build transit paths, Transit assignment PF
Sat May 11 04:34:00 2024, Build transit paths, Fill stop layer with base ivtt
Sat May 11 04:34:01 2024, Build transit paths, Update transit links with correct ivtt
Sat May 11 04:34:02 2024, Build transit paths, Transit skim PF
Sat May 11 04:34:51 2024, Build transit paths, Calculate boardings in transfers field
Sat May 11 04:34:52 2024, Build transit paths, Build transit paths Loop - MD - Drive - ExpBus -18 of 40
Sat May 11 04:34:52 2024, Build transit paths, Build tranist network
Sat May 11 04:35:10 2024, Build transit paths, Tranist network settings
Sat May 11 04:35:16 2024, Build transit paths, Transit assignment PF
Sat May 11 04:35:32 2024, Build transit paths, Fill stop layer with base ivtt
Sat May 11 04:35:32 2024, Build transit paths, Update transit links with correct ivtt
Sat May 11 04:35:33 2024, Build transit paths, Transit skim PF
Sat May 11 04:36:25 2024, Build transit paths, Calculate boardings in transfers field
Sat May 11 04:36:26 2024, Build transit paths, Build transit paths Loop - MD - Drive - UrbRail -19 of 40
Sat May 11 04:36:26 2024, Build transit paths, Build tranist network
Sat May 11 04:36:44 2024, Build transit paths, Tranist network settings
Sat May 11 04:36:49 2024, Build transit paths, Transit assignment PF
Sat May 11 04:37:06 2024, Build transit paths, Fill stop layer with base ivtt
Sat May 11 04:37:06 2024, Build transit paths, Update transit links with correct ivtt
Sat May 11 04:37:07 2024, Build transit paths, Transit skim PF
Sat May 11 04:38:00 2024, Build transit paths, Calculate boardings in transfers field
Sat May 11 04:38:01 2024, Build transit paths, Build transit paths Loop - MD - Drive - ComRail -20 of 40
Sat May 11 04:38:01 2024, Build transit paths, Build tranist network
Sat May 11 04:38:20 2024, Build transit paths, Tranist network settings
Sat May 11 04:38:25 2024, Build transit paths, Transit assignment PF
Sat May 11 04:38:41 2024, Build transit paths, Fill stop layer with base ivtt
Sat May 11 04:38:41 2024, Build transit paths, Update transit links with correct ivtt
Sat May 11 04:38:42 2024, Build transit paths, Transit skim PF
Sat May 11 04:39:34 2024, Build transit paths, Calculate boardings in transfers field
Sat May 11 04:39:35 2024, Build transit paths, Build transit paths Loop - PM - Walk - Local -21 of 40
Sat May 11 04:39:35 2024, Build transit paths, Build tranist network
Sat May 11 04:39:53 2024, Build transit paths, Tranist network settings
Sat May 11 04:39:55 2024, Build transit paths, Transit assignment PF
Sat May 11 04:40:11 2024, Build transit paths, Fill stop layer with base ivtt
Sat May 11 04:40:11 2024, Build transit paths, Update transit links with correct ivtt
Sat May 11 04:40:12 2024, Build transit paths, Transit skim PF
Sat May 11 04:41:34 2024, Build transit paths, Calculate boardings in transfers field
Sat May 11 04:41:34 2024, Build transit paths, Build transit paths Loop - PM - Walk - Brt -22 of 40
Sat May 11 04:41:34 2024, Build transit paths, Build tranist network
Sat May 11 04:41:53 2024, Build transit paths, Tranist network settings
Sat May 11 04:41:54 2024, Build transit paths, Transit assignment PF
Sat May 11 04:42:10 2024, Build transit paths, Fill stop layer with base ivtt
Sat May 11 04:42:10 2024, Build transit paths, Update transit links with correct ivtt
Sat May 11 04:42:11 2024, Build transit paths, Transit skim PF
Sat May 11 04:43:34 2024, Build transit paths, Calculate boardings in transfers field
Sat May 11 04:43:34 2024, Build transit paths, Build transit paths Loop - PM - Walk - ExpBus -23 of 40
Sat May 11 04:43:34 2024, Build transit paths, Build tranist network
Sat May 11 04:43:53 2024, Build transit paths, Tranist network settings
Sat May 11 04:43:54 2024, Build transit paths, Transit assignment PF
Sat May 11 04:44:11 2024, Build transit paths, Fill stop layer with base ivtt
Sat May 11 04:44:12 2024, Build transit paths, Update transit links with correct ivtt
Sat May 11 04:44:13 2024, Build transit paths, Transit skim PF
Sat May 11 04:45:39 2024, Build transit paths, Calculate boardings in transfers field
Sat May 11 04:45:39 2024, Build transit paths, Build transit paths Loop - PM - Walk - UrbRail -24 of 40
Sat May 11 04:45:39 2024, Build transit paths, Build tranist network
Sat May 11 04:45:58 2024, Build transit paths, Tranist network settings
Sat May 11 04:45:59 2024, Build transit paths, Transit assignment PF
Sat May 11 04:46:16 2024, Build transit paths, Fill stop layer with base ivtt
Sat May 11 04:46:17 2024, Build transit paths, Update transit links with correct ivtt
Sat May 11 04:46:18 2024, Build transit paths, Transit skim PF
Sat May 11 04:47:52 2024, Build transit paths, Calculate boardings in transfers field
Sat May 11 04:47:54 2024, Build transit paths, Build transit paths Loop - PM - Walk - ComRail -25 of 40
Sat May 11 04:47:54 2024, Build transit paths, Build tranist network
Sat May 11 04:48:13 2024, Build transit paths, Tranist network settings
Sat May 11 04:48:14 2024, Build transit paths, Transit assignment PF
Sat May 11 04:48:32 2024, Build transit paths, Fill stop layer with base ivtt
Sat May 11 04:48:33 2024, Build transit paths, Update transit links with correct ivtt
Sat May 11 04:48:34 2024, Build transit paths, Transit skim PF
Sat May 11 04:50:06 2024, Build transit paths, Calculate boardings in transfers field
Sat May 11 04:50:07 2024, Build transit paths, Build transit paths Loop - PM - Drive - Local -26 of 40
Sat May 11 04:50:07 2024, Build transit paths, Build tranist network
Sat May 11 04:50:26 2024, Build transit paths, Tranist network settings
Sat May 11 04:50:31 2024, Build transit paths, Transit assignment PF
Sat May 11 04:51:03 2024, Build transit paths, Fill stop layer with base ivtt
Sat May 11 04:51:03 2024, Build transit paths, Update transit links with correct ivtt
Sat May 11 04:51:04 2024, Build transit paths, Transit skim PF
Sat May 11 04:52:41 2024, Build transit paths, Calculate boardings in transfers field
Sat May 11 04:52:41 2024, Build transit paths, Build transit paths Loop - PM - Drive - Brt -27 of 40
Sat May 11 04:52:41 2024, Build transit paths, Build tranist network
Sat May 11 04:53:00 2024, Build transit paths, Tranist network settings
Sat May 11 04:53:05 2024, Build transit paths, Transit assignment PF
Sat May 11 04:53:38 2024, Build transit paths, Fill stop layer with base ivtt
Sat May 11 04:53:38 2024, Build transit paths, Update transit links with correct ivtt
Sat May 11 04:53:39 2024, Build transit paths, Transit skim PF
Sat May 11 04:55:16 2024, Build transit paths, Calculate boardings in transfers field
Sat May 11 04:55:17 2024, Build transit paths, Build transit paths Loop - PM - Drive - ExpBus -28 of 40
Sat May 11 04:55:17 2024, Build transit paths, Build tranist network
Sat May 11 04:55:36 2024, Build transit paths, Tranist network settings
Sat May 11 04:55:42 2024, Build transit paths, Transit assignment PF
Sat May 11 04:56:17 2024, Build transit paths, Fill stop layer with base ivtt
Sat May 11 04:56:17 2024, Build transit paths, Update transit links with correct ivtt
Sat May 11 04:56:18 2024, Build transit paths, Transit skim PF
Sat May 11 04:57:56 2024, Build transit paths, Calculate boardings in transfers field
Sat May 11 04:57:57 2024, Build transit paths, Build transit paths Loop - PM - Drive - UrbRail -29 of 40
Sat May 11 04:57:57 2024, Build transit paths, Build tranist network
Sat May 11 04:58:16 2024, Build transit paths, Tranist network settings
Sat May 11 04:58:21 2024, Build transit paths, Transit assignment PF
Sat May 11 04:58:56 2024, Build transit paths, Fill stop layer with base ivtt
Sat May 11 04:58:56 2024, Build transit paths, Update transit links with correct ivtt
Sat May 11 04:58:57 2024, Build transit paths, Transit skim PF
Sat May 11 05:00:39 2024, Build transit paths, Calculate boardings in transfers field
Sat May 11 05:00:39 2024, Build transit paths, Build transit paths Loop - PM - Drive - ComRail -30 of 40
Sat May 11 05:00:39 2024, Build transit paths, Build tranist network
Sat May 11 05:00:58 2024, Build transit paths, Tranist network settings
Sat May 11 05:01:03 2024, Build transit paths, Transit assignment PF
Sat May 11 05:01:40 2024, Build transit paths, Fill stop layer with base ivtt
Sat May 11 05:01:41 2024, Build transit paths, Update transit links with correct ivtt
Sat May 11 05:01:42 2024, Build transit paths, Transit skim PF
Sat May 11 05:03:20 2024, Build transit paths, Calculate boardings in transfers field
Sat May 11 05:03:20 2024, Build transit paths, Build transit paths Loop - OP - Walk - Local -31 of 40
Sat May 11 05:03:20 2024, Build transit paths, Build tranist network
Sat May 11 05:03:38 2024, Build transit paths, Tranist network settings
Sat May 11 05:03:40 2024, Build transit paths, Transit assignment PF
Sat May 11 05:03:57 2024, Build transit paths, Fill stop layer with base ivtt
Sat May 11 05:03:58 2024, Build transit paths, Update transit links with correct ivtt
Sat May 11 05:03:59 2024, Build transit paths, Transit skim PF
Sat May 11 05:05:22 2024, Build transit paths, Calculate boardings in transfers field
Sat May 11 05:05:23 2024, Build transit paths, Build transit paths Loop - OP - Walk - Brt -32 of 40
Sat May 11 05:05:23 2024, Build transit paths, Build tranist network
Sat May 11 05:05:42 2024, Build transit paths, Tranist network settings
Sat May 11 05:05:43 2024, Build transit paths, Transit assignment PF
Sat May 11 05:06:01 2024, Build transit paths, Fill stop layer with base ivtt
Sat May 11 05:06:01 2024, Build transit paths, Update transit links with correct ivtt
Sat May 11 05:06:02 2024, Build transit paths, Transit skim PF
Sat May 11 05:07:26 2024, Build transit paths, Calculate boardings in transfers field
Sat May 11 05:07:26 2024, Build transit paths, Build transit paths Loop - OP - Walk - ExpBus -33 of 40
Sat May 11 05:07:26 2024, Build transit paths, Build tranist network
Sat May 11 05:07:44 2024, Build transit paths, Tranist network settings
Sat May 11 05:07:46 2024, Build transit paths, Transit assignment PF
Sat May 11 05:08:05 2024, Build transit paths, Fill stop layer with base ivtt
Sat May 11 05:08:05 2024, Build transit paths, Update transit links with correct ivtt
Sat May 11 05:08:06 2024, Build transit paths, Transit skim PF
Sat May 11 05:09:28 2024, Build transit paths, Calculate boardings in transfers field
Sat May 11 05:09:30 2024, Build transit paths, Build transit paths Loop - OP - Walk - UrbRail -34 of 40
Sat May 11 05:09:30 2024, Build transit paths, Build tranist network
Sat May 11 05:09:48 2024, Build transit paths, Tranist network settings
Sat May 11 05:09:49 2024, Build transit paths, Transit assignment PF
Sat May 11 05:10:08 2024, Build transit paths, Fill stop layer with base ivtt
Sat May 11 05:10:08 2024, Build transit paths, Update transit links with correct ivtt
Sat May 11 05:10:09 2024, Build transit paths, Transit skim PF
Sat May 11 05:11:29 2024, Build transit paths, Calculate boardings in transfers field
Sat May 11 05:11:30 2024, Build transit paths, Build transit paths Loop - OP - Walk - ComRail -35 of 40
Sat May 11 05:11:30 2024, Build transit paths, Build tranist network
Sat May 11 05:11:48 2024, Build transit paths, Tranist network settings
Sat May 11 05:11:50 2024, Build transit paths, Transit assignment PF
Sat May 11 05:12:08 2024, Build transit paths, Fill stop layer with base ivtt
Sat May 11 05:12:08 2024, Build transit paths, Update transit links with correct ivtt
Sat May 11 05:12:09 2024, Build transit paths, Transit skim PF
Sat May 11 05:13:34 2024, Build transit paths, Calculate boardings in transfers field
Sat May 11 05:13:34 2024, Build transit paths, Build transit paths Loop - OP - Drive - Local -36 of 40
Sat May 11 05:13:34 2024, Build transit paths, Build tranist network
Sat May 11 05:13:53 2024, Build transit paths, Tranist network settings
Sat May 11 05:13:58 2024, Build transit paths, Transit assignment PF
Sat May 11 05:14:32 2024, Build transit paths, Fill stop layer with base ivtt
Sat May 11 05:14:33 2024, Build transit paths, Update transit links with correct ivtt
Sat May 11 05:14:34 2024, Build transit paths, Transit skim PF
Sat May 11 05:16:08 2024, Build transit paths, Calculate boardings in transfers field
Sat May 11 05:16:09 2024, Build transit paths, Build transit paths Loop - OP - Drive - Brt -37 of 40
Sat May 11 05:16:09 2024, Build transit paths, Build tranist network
Sat May 11 05:16:27 2024, Build transit paths, Tranist network settings
Sat May 11 05:16:32 2024, Build transit paths, Transit assignment PF
Sat May 11 05:17:07 2024, Build transit paths, Fill stop layer with base ivtt
Sat May 11 05:17:07 2024, Build transit paths, Update transit links with correct ivtt
Sat May 11 05:17:08 2024, Build transit paths, Transit skim PF
Sat May 11 05:18:42 2024, Build transit paths, Calculate boardings in transfers field
Sat May 11 05:18:42 2024, Build transit paths, Build transit paths Loop - OP - Drive - ExpBus -38 of 40
Sat May 11 05:18:42 2024, Build transit paths, Build tranist network
Sat May 11 05:19:01 2024, Build transit paths, Tranist network settings
Sat May 11 05:19:06 2024, Build transit paths, Transit assignment PF
Sat May 11 05:19:40 2024, Build transit paths, Fill stop layer with base ivtt
Sat May 11 05:19:40 2024, Build transit paths, Update transit links with correct ivtt
Sat May 11 05:19:41 2024, Build transit paths, Transit skim PF
Sat May 11 05:21:15 2024, Build transit paths, Calculate boardings in transfers field
Sat May 11 05:21:16 2024, Build transit paths, Build transit paths Loop - OP - Drive - UrbRail -39 of 40
Sat May 11 05:21:16 2024, Build transit paths, Build tranist network
Sat May 11 05:21:34 2024, Build transit paths, Tranist network settings
Sat May 11 05:21:39 2024, Build transit paths, Transit assignment PF
Sat May 11 05:22:13 2024, Build transit paths, Fill stop layer with base ivtt
Sat May 11 05:22:13 2024, Build transit paths, Update transit links with correct ivtt
Sat May 11 05:22:14 2024, Build transit paths, Transit skim PF
Sat May 11 05:23:48 2024, Build transit paths, Calculate boardings in transfers field
Sat May 11 05:23:49 2024, Build transit paths, Build transit paths Loop - OP - Drive - ComRail -40 of 40
Sat May 11 05:23:49 2024, Build transit paths, Build tranist network
Sat May 11 05:24:07 2024, Build transit paths, Tranist network settings
Sat May 11 05:24:12 2024, Build transit paths, Transit assignment PF
Sat May 11 05:24:46 2024, Build transit paths, Fill stop layer with base ivtt
Sat May 11 05:24:46 2024, Build transit paths, Update transit links with correct ivtt
Sat May 11 05:24:47 2024, Build transit paths, Transit skim PF
Sat May 11 05:26:25 2024, Build transit paths, Calculate boardings in transfers field
Sat May 11 05:26:26 2024, Process transit skims
Sat May 11 05:51:07 2024, 4 InternalTruckModel.rsc, Run Internal Truck and Commercial Vehicle Model
Sat May 11 05:51:07 2024, Aggregate LandUse
Sat May 11 05:51:41 2024, Calculate Accessibilities
Sat May 11 05:51:51 2024, Run Truck Model
Sat May 11 05:53:03 2024, Run Commercial Vehicle Model
Sat May 11 05:53:12 2024, Run Trip Length Summaries
Sat May 11 05:53:29 2024, Close All Views
Sat May 11 05:53:29 2024, 5 VisitorModel.rsc, Run Visitor Model
Sat May 11 05:53:29 2024, Prepare input data
Sat May 11 05:54:11 2024, Visitor Trip Gen
Sat May 11 05:54:17 2024, Visitor Trip Distribution
Sat May 11 05:54:29 2024, Visitor Trip Mode Choice
Sat May 11 05:54:30 2024, Visitor Trip Time of Day
Sat May 11 05:54:42 2024, 7.1 RunDaySim.rsc,   ****** Run DaySim ****** 
Sat May 11 05:54:42 2024, Set transit paramters
Sat May 11 06:08:46 2024, Runing OMX Re Export in feedback loop 2
Sat May 11 06:08:46 2024, Set transit paramters
Sat May 11 09:50:27 2024, Copy DaySim inputs in feedback loop 2
Sat May 11 09:50:27 2024, Runing DaySim for iteration 1 in feedback loop 2
Sat May 11 10:48:09 2024, 7.1 RunDaySim.rsc,  ******** Build DaySim Trip Matrices ******** 
Sat May 11 10:48:09 2024, Set transit paramters
Sat May 11 10:48:09 2024, Copying DaySim outputs
Sat May 11 10:48:22 2024, Joining trip and tour files
Sat May 11 10:52:03 2024, Processing trips ... , Auto
Sat May 11 10:52:03 2024, Processing trips for: , AM
Sat May 11 11:00:54 2024, Processing trips for: , MD
Sat May 11 11:09:31 2024, Processing trips for: , PM
Sat May 11 11:18:31 2024, Processing trips for: , OP
Sat May 11 11:22:56 2024, Processing trips ... , Transit
Sat May 11 11:22:56 2024, Processing trips trips for: , AM
Sat May 11 11:27:44 2024, Processing trips trips for: , MD
Sat May 11 11:29:39 2024, Processing trips trips for: , PM
Sat May 11 11:31:37 2024, Processing trips trips for: , OP
Sat May 11 11:32:40 2024, Set transit paramters
Sat May 11 11:32:42 2024, 8.1 HwyAssignment.rsc,   ****** Pre Assignment ****** 
Sat May 11 11:32:42 2024, Add visitor trips 
Sat May 11 11:32:44 2024, Add internal truck demand 
Sat May 11 11:32:45 2024, Add internal commercial vehicle demand 
Sat May 11 11:32:46 2024, Add external truck demand 
Sat May 11 11:32:59 2024, Add external auto demand 
Sat May 11 11:33:04 2024, Highway Assignment - Processing Matrices for , AM
Sat May 11 11:33:15 2024, Highway Assignment - Processing Matrices for , MD
Sat May 11 11:33:31 2024, Highway Assignment - Processing Matrices for , PM
Sat May 11 11:33:40 2024, Highway Assignment - Processing Matrices for , OP
Sat May 11 11:33:54 2024, Highway Assignment - Network Settings
Sat May 11 11:33:56 2024, Highway Assignment - Preload Assignment for AM
Sat May 11 11:34:40 2024, Highway Assignment - Preload Assignment for MD
Sat May 11 11:36:05 2024, Highway Assignment - Preload Assignment for PM
Sat May 11 11:37:22 2024, Highway Assignment - Preload Assignment for OP
Sat May 11 11:38:02 2024, Highway Assignment - General Assignment for AM
Sat May 11 11:46:07 2024, Highway Assignment - General Assignment for MD
Sat May 11 11:50:05 2024, Highway Assignment - General Assignment for PM
Sat May 11 11:58:08 2024, Highway Assignment - General Assignment for OP
Sat May 11 11:59:47 2024, 8.1 HwyAssignment.rsc,   ****** Highway Post Processor ****** 
Sat May 11 12:11:43 2024, 8.3 FeedbackLoop.rsc,   ****** Update Travel Times ****** 
Sat May 11 12:13:45 2024, 2.1 HwySkimming.rsc,   ****** Highway Skimming ****** 
Sat May 11 12:13:45 2024, Build highway network
Sat May 11 12:13:45 2024, Shortest path using length
Sat May 11 12:13:48 2024, Terminal time
Sat May 11 12:13:50 2024, Build HOV skims
Sat May 11 12:14:28 2024, Build SOV skims
Sat May 11 12:15:31 2024, Save and copy skims
Sat May 11 12:15:48 2024, 2.1 HwySkimming.rsc, Finished Highway Skimming
Sat May 11 12:15:48 2024, 2.2 TransitSkimming.rsc,   ****** Transit Skimming ****** 
Sat May 11 12:15:48 2024, Set transit paramters
Sat May 11 12:15:48 2024, Prepare inputs
Sat May 11 12:17:55 2024, Build drive connectors
Sat May 11 12:21:39 2024, Build transit paths
Sat May 11 12:21:39 2024, Build transit paths, Build transit paths Loop - AM - Walk - Local -1 of 40
Sat May 11 12:21:39 2024, Build transit paths, Build tranist network
Sat May 11 12:21:58 2024, Build transit paths, Tranist network settings
Sat May 11 12:22:00 2024, Build transit paths, Transit assignment PF
Sat May 11 12:22:15 2024, Build transit paths, Fill stop layer with base ivtt
Sat May 11 12:22:16 2024, Build transit paths, Update transit links with correct ivtt
Sat May 11 12:22:17 2024, Build transit paths, Transit skim PF
Sat May 11 12:23:38 2024, Build transit paths, Calculate boardings in transfers field
Sat May 11 12:23:39 2024, Build transit paths, Build transit paths Loop - AM - Walk - Brt -2 of 40
Sat May 11 12:23:39 2024, Build transit paths, Build tranist network
Sat May 11 12:23:57 2024, Build transit paths, Tranist network settings
Sat May 11 12:23:59 2024, Build transit paths, Transit assignment PF
Sat May 11 12:24:14 2024, Build transit paths, Fill stop layer with base ivtt
Sat May 11 12:24:15 2024, Build transit paths, Update transit links with correct ivtt
Sat May 11 12:24:16 2024, Build transit paths, Transit skim PF
Sat May 11 12:25:38 2024, Build transit paths, Calculate boardings in transfers field
Sat May 11 12:25:39 2024, Build transit paths, Build transit paths Loop - AM - Walk - ExpBus -3 of 40
Sat May 11 12:25:39 2024, Build transit paths, Build tranist network
Sat May 11 12:25:58 2024, Build transit paths, Tranist network settings
Sat May 11 12:25:59 2024, Build transit paths, Transit assignment PF
Sat May 11 12:26:16 2024, Build transit paths, Fill stop layer with base ivtt
Sat May 11 12:26:17 2024, Build transit paths, Update transit links with correct ivtt
Sat May 11 12:26:18 2024, Build transit paths, Transit skim PF
Sat May 11 12:27:41 2024, Build transit paths, Calculate boardings in transfers field
Sat May 11 12:27:42 2024, Build transit paths, Build transit paths Loop - AM - Walk - UrbRail -4 of 40
Sat May 11 12:27:42 2024, Build transit paths, Build tranist network
Sat May 11 12:28:00 2024, Build transit paths, Tranist network settings
Sat May 11 12:28:02 2024, Build transit paths, Transit assignment PF
Sat May 11 12:28:18 2024, Build transit paths, Fill stop layer with base ivtt
Sat May 11 12:28:19 2024, Build transit paths, Update transit links with correct ivtt
Sat May 11 12:28:20 2024, Build transit paths, Transit skim PF
Sat May 11 12:29:46 2024, Build transit paths, Calculate boardings in transfers field
Sat May 11 12:29:47 2024, Build transit paths, Build transit paths Loop - AM - Walk - ComRail -5 of 40
Sat May 11 12:29:47 2024, Build transit paths, Build tranist network
Sat May 11 12:30:06 2024, Build transit paths, Tranist network settings
Sat May 11 12:30:07 2024, Build transit paths, Transit assignment PF
Sat May 11 12:30:24 2024, Build transit paths, Fill stop layer with base ivtt
Sat May 11 12:30:25 2024, Build transit paths, Update transit links with correct ivtt
Sat May 11 12:30:26 2024, Build transit paths, Transit skim PF
Sat May 11 12:31:51 2024, Build transit paths, Calculate boardings in transfers field
Sat May 11 12:31:52 2024, Build transit paths, Build transit paths Loop - AM - Drive - Local -6 of 40
Sat May 11 12:31:52 2024, Build transit paths, Build tranist network
Sat May 11 12:32:10 2024, Build transit paths, Tranist network settings
Sat May 11 12:32:16 2024, Build transit paths, Transit assignment PF
Sat May 11 12:32:32 2024, Build transit paths, Fill stop layer with base ivtt
Sat May 11 12:32:32 2024, Build transit paths, Update transit links with correct ivtt
Sat May 11 12:32:33 2024, Build transit paths, Transit skim PF
Sat May 11 12:33:41 2024, Build transit paths, Calculate boardings in transfers field
Sat May 11 12:33:42 2024, Build transit paths, Build transit paths Loop - AM - Drive - Brt -7 of 40
Sat May 11 12:33:42 2024, Build transit paths, Build tranist network
Sat May 11 12:34:00 2024, Build transit paths, Tranist network settings
Sat May 11 12:34:05 2024, Build transit paths, Transit assignment PF
Sat May 11 12:34:21 2024, Build transit paths, Fill stop layer with base ivtt
Sat May 11 12:34:22 2024, Build transit paths, Update transit links with correct ivtt
Sat May 11 12:34:23 2024, Build transit paths, Transit skim PF
Sat May 11 12:35:20 2024, Build transit paths, Calculate boardings in transfers field
Sat May 11 12:35:20 2024, Build transit paths, Build transit paths Loop - AM - Drive - ExpBus -8 of 40
Sat May 11 12:35:20 2024, Build transit paths, Build tranist network
Sat May 11 12:35:39 2024, Build transit paths, Tranist network settings
Sat May 11 12:35:44 2024, Build transit paths, Transit assignment PF
Sat May 11 12:36:01 2024, Build transit paths, Fill stop layer with base ivtt
Sat May 11 12:36:02 2024, Build transit paths, Update transit links with correct ivtt
Sat May 11 12:36:03 2024, Build transit paths, Transit skim PF
Sat May 11 12:36:55 2024, Build transit paths, Calculate boardings in transfers field
Sat May 11 12:36:55 2024, Build transit paths, Build transit paths Loop - AM - Drive - UrbRail -9 of 40
Sat May 11 12:36:55 2024, Build transit paths, Build tranist network
Sat May 11 12:37:14 2024, Build transit paths, Tranist network settings
Sat May 11 12:37:20 2024, Build transit paths, Transit assignment PF
Sat May 11 12:37:36 2024, Build transit paths, Fill stop layer with base ivtt
Sat May 11 12:37:36 2024, Build transit paths, Update transit links with correct ivtt
Sat May 11 12:37:37 2024, Build transit paths, Transit skim PF
Sat May 11 12:38:31 2024, Build transit paths, Calculate boardings in transfers field
Sat May 11 12:38:31 2024, Build transit paths, Build transit paths Loop - AM - Drive - ComRail -10 of 40
Sat May 11 12:38:31 2024, Build transit paths, Build tranist network
Sat May 11 12:38:50 2024, Build transit paths, Tranist network settings
Sat May 11 12:38:55 2024, Build transit paths, Transit assignment PF
Sat May 11 12:39:12 2024, Build transit paths, Fill stop layer with base ivtt
Sat May 11 12:39:12 2024, Build transit paths, Update transit links with correct ivtt
Sat May 11 12:39:13 2024, Build transit paths, Transit skim PF
Sat May 11 12:40:08 2024, Build transit paths, Calculate boardings in transfers field
Sat May 11 12:40:09 2024, Build transit paths, Build transit paths Loop - MD - Walk - Local -11 of 40
Sat May 11 12:40:09 2024, Build transit paths, Build tranist network
Sat May 11 12:40:27 2024, Build transit paths, Tranist network settings
Sat May 11 12:40:29 2024, Build transit paths, Transit assignment PF
Sat May 11 12:40:44 2024, Build transit paths, Fill stop layer with base ivtt
Sat May 11 12:40:45 2024, Build transit paths, Update transit links with correct ivtt
Sat May 11 12:40:46 2024, Build transit paths, Transit skim PF
Sat May 11 12:42:08 2024, Build transit paths, Calculate boardings in transfers field
Sat May 11 12:42:08 2024, Build transit paths, Build transit paths Loop - MD - Walk - Brt -12 of 40
Sat May 11 12:42:08 2024, Build transit paths, Build tranist network
Sat May 11 12:42:26 2024, Build transit paths, Tranist network settings
Sat May 11 12:42:28 2024, Build transit paths, Transit assignment PF
Sat May 11 12:42:44 2024, Build transit paths, Fill stop layer with base ivtt
Sat May 11 12:42:44 2024, Build transit paths, Update transit links with correct ivtt
Sat May 11 12:42:45 2024, Build transit paths, Transit skim PF
Sat May 11 12:44:07 2024, Build transit paths, Calculate boardings in transfers field
Sat May 11 12:44:07 2024, Build transit paths, Build transit paths Loop - MD - Walk - ExpBus -13 of 40
Sat May 11 12:44:07 2024, Build transit paths, Build tranist network
Sat May 11 12:44:26 2024, Build transit paths, Tranist network settings
Sat May 11 12:44:28 2024, Build transit paths, Transit assignment PF
Sat May 11 12:44:43 2024, Build transit paths, Fill stop layer with base ivtt
Sat May 11 12:44:44 2024, Build transit paths, Update transit links with correct ivtt
Sat May 11 12:44:45 2024, Build transit paths, Transit skim PF
Sat May 11 12:46:07 2024, Build transit paths, Calculate boardings in transfers field
Sat May 11 12:46:07 2024, Build transit paths, Build transit paths Loop - MD - Walk - UrbRail -14 of 40
Sat May 11 12:46:07 2024, Build transit paths, Build tranist network
Sat May 11 12:46:26 2024, Build transit paths, Tranist network settings
Sat May 11 12:46:28 2024, Build transit paths, Transit assignment PF
Sat May 11 12:46:44 2024, Build transit paths, Fill stop layer with base ivtt
Sat May 11 12:46:45 2024, Build transit paths, Update transit links with correct ivtt
Sat May 11 12:46:46 2024, Build transit paths, Transit skim PF
Sat May 11 12:48:19 2024, Build transit paths, Calculate boardings in transfers field
Sat May 11 12:48:19 2024, Build transit paths, Build transit paths Loop - MD - Walk - ComRail -15 of 40
Sat May 11 12:48:19 2024, Build transit paths, Build tranist network
Sat May 11 12:48:38 2024, Build transit paths, Tranist network settings
Sat May 11 12:48:40 2024, Build transit paths, Transit assignment PF
Sat May 11 12:48:56 2024, Build transit paths, Fill stop layer with base ivtt
Sat May 11 12:48:57 2024, Build transit paths, Update transit links with correct ivtt
Sat May 11 12:48:58 2024, Build transit paths, Transit skim PF
Sat May 11 12:50:22 2024, Build transit paths, Calculate boardings in transfers field
Sat May 11 12:50:22 2024, Build transit paths, Build transit paths Loop - MD - Drive - Local -16 of 40
Sat May 11 12:50:22 2024, Build transit paths, Build tranist network
Sat May 11 12:50:41 2024, Build transit paths, Tranist network settings
Sat May 11 12:50:46 2024, Build transit paths, Transit assignment PF
Sat May 11 12:51:02 2024, Build transit paths, Fill stop layer with base ivtt
Sat May 11 12:51:02 2024, Build transit paths, Update transit links with correct ivtt
Sat May 11 12:51:03 2024, Build transit paths, Transit skim PF
Sat May 11 12:51:53 2024, Build transit paths, Calculate boardings in transfers field
Sat May 11 12:51:53 2024, Build transit paths, Build transit paths Loop - MD - Drive - Brt -17 of 40
Sat May 11 12:51:53 2024, Build transit paths, Build tranist network
Sat May 11 12:52:12 2024, Build transit paths, Tranist network settings
Sat May 11 12:52:17 2024, Build transit paths, Transit assignment PF
Sat May 11 12:52:33 2024, Build transit paths, Fill stop layer with base ivtt
Sat May 11 12:52:33 2024, Build transit paths, Update transit links with correct ivtt
Sat May 11 12:52:34 2024, Build transit paths, Transit skim PF
Sat May 11 12:53:23 2024, Build transit paths, Calculate boardings in transfers field
Sat May 11 12:53:24 2024, Build transit paths, Build transit paths Loop - MD - Drive - ExpBus -18 of 40
Sat May 11 12:53:24 2024, Build transit paths, Build tranist network
Sat May 11 12:53:42 2024, Build transit paths, Tranist network settings
Sat May 11 12:53:48 2024, Build transit paths, Transit assignment PF
Sat May 11 12:54:04 2024, Build transit paths, Fill stop layer with base ivtt
Sat May 11 12:54:04 2024, Build transit paths, Update transit links with correct ivtt
Sat May 11 12:54:05 2024, Build transit paths, Transit skim PF
Sat May 11 12:54:59 2024, Build transit paths, Calculate boardings in transfers field
Sat May 11 12:54:59 2024, Build transit paths, Build transit paths Loop - MD - Drive - UrbRail -19 of 40
Sat May 11 12:54:59 2024, Build transit paths, Build tranist network
Sat May 11 12:55:18 2024, Build transit paths, Tranist network settings
Sat May 11 12:55:23 2024, Build transit paths, Transit assignment PF
Sat May 11 12:55:39 2024, Build transit paths, Fill stop layer with base ivtt
Sat May 11 12:55:40 2024, Build transit paths, Update transit links with correct ivtt
Sat May 11 12:55:41 2024, Build transit paths, Transit skim PF
Sat May 11 12:56:32 2024, Build transit paths, Calculate boardings in transfers field
Sat May 11 12:56:33 2024, Build transit paths, Build transit paths Loop - MD - Drive - ComRail -20 of 40
Sat May 11 12:56:33 2024, Build transit paths, Build tranist network
Sat May 11 12:56:51 2024, Build transit paths, Tranist network settings
Sat May 11 12:56:57 2024, Build transit paths, Transit assignment PF
Sat May 11 12:57:13 2024, Build transit paths, Fill stop layer with base ivtt
Sat May 11 12:57:13 2024, Build transit paths, Update transit links with correct ivtt
Sat May 11 12:57:14 2024, Build transit paths, Transit skim PF
Sat May 11 12:58:07 2024, Build transit paths, Calculate boardings in transfers field
Sat May 11 12:58:07 2024, Build transit paths, Build transit paths Loop - PM - Walk - Local -21 of 40
Sat May 11 12:58:07 2024, Build transit paths, Build tranist network
Sat May 11 12:58:26 2024, Build transit paths, Tranist network settings
Sat May 11 12:58:27 2024, Build transit paths, Transit assignment PF
Sat May 11 12:58:43 2024, Build transit paths, Fill stop layer with base ivtt
Sat May 11 12:58:44 2024, Build transit paths, Update transit links with correct ivtt
Sat May 11 12:58:45 2024, Build transit paths, Transit skim PF
Sat May 11 13:00:06 2024, Build transit paths, Calculate boardings in transfers field
Sat May 11 13:00:07 2024, Build transit paths, Build transit paths Loop - PM - Walk - Brt -22 of 40
Sat May 11 13:00:07 2024, Build transit paths, Build tranist network
Sat May 11 13:00:25 2024, Build transit paths, Tranist network settings
Sat May 11 13:00:27 2024, Build transit paths, Transit assignment PF
Sat May 11 13:00:43 2024, Build transit paths, Fill stop layer with base ivtt
Sat May 11 13:00:43 2024, Build transit paths, Update transit links with correct ivtt
Sat May 11 13:00:44 2024, Build transit paths, Transit skim PF
Sat May 11 13:02:07 2024, Build transit paths, Calculate boardings in transfers field
Sat May 11 13:02:08 2024, Build transit paths, Build transit paths Loop - PM - Walk - ExpBus -23 of 40
Sat May 11 13:02:08 2024, Build transit paths, Build tranist network
Sat May 11 13:02:27 2024, Build transit paths, Tranist network settings
Sat May 11 13:02:29 2024, Build transit paths, Transit assignment PF
Sat May 11 13:02:46 2024, Build transit paths, Fill stop layer with base ivtt
Sat May 11 13:02:46 2024, Build transit paths, Update transit links with correct ivtt
Sat May 11 13:02:47 2024, Build transit paths, Transit skim PF
Sat May 11 13:04:14 2024, Build transit paths, Calculate boardings in transfers field
Sat May 11 13:04:14 2024, Build transit paths, Build transit paths Loop - PM - Walk - UrbRail -24 of 40
Sat May 11 13:04:14 2024, Build transit paths, Build tranist network
Sat May 11 13:04:33 2024, Build transit paths, Tranist network settings
Sat May 11 13:04:34 2024, Build transit paths, Transit assignment PF
Sat May 11 13:04:52 2024, Build transit paths, Fill stop layer with base ivtt
Sat May 11 13:04:52 2024, Build transit paths, Update transit links with correct ivtt
Sat May 11 13:04:53 2024, Build transit paths, Transit skim PF
Sat May 11 13:06:24 2024, Build transit paths, Calculate boardings in transfers field
Sat May 11 13:06:25 2024, Build transit paths, Build transit paths Loop - PM - Walk - ComRail -25 of 40
Sat May 11 13:06:25 2024, Build transit paths, Build tranist network
Sat May 11 13:06:44 2024, Build transit paths, Tranist network settings
Sat May 11 13:06:46 2024, Build transit paths, Transit assignment PF
Sat May 11 13:07:03 2024, Build transit paths, Fill stop layer with base ivtt
Sat May 11 13:07:04 2024, Build transit paths, Update transit links with correct ivtt
Sat May 11 13:07:05 2024, Build transit paths, Transit skim PF
Sat May 11 13:08:32 2024, Build transit paths, Calculate boardings in transfers field
Sat May 11 13:08:32 2024, Build transit paths, Build transit paths Loop - PM - Drive - Local -26 of 40
Sat May 11 13:08:32 2024, Build transit paths, Build tranist network
Sat May 11 13:08:50 2024, Build transit paths, Tranist network settings
Sat May 11 13:08:56 2024, Build transit paths, Transit assignment PF
Sat May 11 13:09:27 2024, Build transit paths, Fill stop layer with base ivtt
Sat May 11 13:09:27 2024, Build transit paths, Update transit links with correct ivtt
Sat May 11 13:09:28 2024, Build transit paths, Transit skim PF
Sat May 11 13:11:10 2024, Build transit paths, Calculate boardings in transfers field
Sat May 11 13:11:11 2024, Build transit paths, Build transit paths Loop - PM - Drive - Brt -27 of 40
Sat May 11 13:11:11 2024, Build transit paths, Build tranist network
Sat May 11 13:11:29 2024, Build transit paths, Tranist network settings
Sat May 11 13:11:35 2024, Build transit paths, Transit assignment PF
Sat May 11 13:12:05 2024, Build transit paths, Fill stop layer with base ivtt
Sat May 11 13:12:06 2024, Build transit paths, Update transit links with correct ivtt
Sat May 11 13:12:07 2024, Build transit paths, Transit skim PF
Sat May 11 13:13:42 2024, Build transit paths, Calculate boardings in transfers field
Sat May 11 13:13:42 2024, Build transit paths, Build transit paths Loop - PM - Drive - ExpBus -28 of 40
Sat May 11 13:13:42 2024, Build transit paths, Build tranist network
Sat May 11 13:14:01 2024, Build transit paths, Tranist network settings
Sat May 11 13:14:06 2024, Build transit paths, Transit assignment PF
Sat May 11 13:14:39 2024, Build transit paths, Fill stop layer with base ivtt
Sat May 11 13:14:39 2024, Build transit paths, Update transit links with correct ivtt
Sat May 11 13:14:40 2024, Build transit paths, Transit skim PF
Sat May 11 13:16:16 2024, Build transit paths, Calculate boardings in transfers field
Sat May 11 13:16:16 2024, Build transit paths, Build transit paths Loop - PM - Drive - UrbRail -29 of 40
Sat May 11 13:16:16 2024, Build transit paths, Build tranist network
Sat May 11 13:16:35 2024, Build transit paths, Tranist network settings
Sat May 11 13:16:41 2024, Build transit paths, Transit assignment PF
Sat May 11 13:17:13 2024, Build transit paths, Fill stop layer with base ivtt
Sat May 11 13:17:14 2024, Build transit paths, Update transit links with correct ivtt
Sat May 11 13:17:15 2024, Build transit paths, Transit skim PF
Sat May 11 13:18:52 2024, Build transit paths, Calculate boardings in transfers field
Sat May 11 13:18:53 2024, Build transit paths, Build transit paths Loop - PM - Drive - ComRail -30 of 40
Sat May 11 13:18:53 2024, Build transit paths, Build tranist network
Sat May 11 13:19:11 2024, Build transit paths, Tranist network settings
Sat May 11 13:19:17 2024, Build transit paths, Transit assignment PF
Sat May 11 13:19:51 2024, Build transit paths, Fill stop layer with base ivtt
Sat May 11 13:19:51 2024, Build transit paths, Update transit links with correct ivtt
Sat May 11 13:19:53 2024, Build transit paths, Transit skim PF
Sat May 11 13:21:30 2024, Build transit paths, Calculate boardings in transfers field
Sat May 11 13:21:30 2024, Build transit paths, Build transit paths Loop - OP - Walk - Local -31 of 40
Sat May 11 13:21:30 2024, Build transit paths, Build tranist network
Sat May 11 13:21:48 2024, Build transit paths, Tranist network settings
Sat May 11 13:21:50 2024, Build transit paths, Transit assignment PF
Sat May 11 13:22:05 2024, Build transit paths, Fill stop layer with base ivtt
Sat May 11 13:22:06 2024, Build transit paths, Update transit links with correct ivtt
Sat May 11 13:22:07 2024, Build transit paths, Transit skim PF
Sat May 11 13:23:28 2024, Build transit paths, Calculate boardings in transfers field
Sat May 11 13:23:29 2024, Build transit paths, Build transit paths Loop - OP - Walk - Brt -32 of 40
Sat May 11 13:23:29 2024, Build transit paths, Build tranist network
Sat May 11 13:23:47 2024, Build transit paths, Tranist network settings
Sat May 11 13:23:49 2024, Build transit paths, Transit assignment PF
Sat May 11 13:24:05 2024, Build transit paths, Fill stop layer with base ivtt
Sat May 11 13:24:05 2024, Build transit paths, Update transit links with correct ivtt
Sat May 11 13:24:06 2024, Build transit paths, Transit skim PF
Sat May 11 13:25:30 2024, Build transit paths, Calculate boardings in transfers field
Sat May 11 13:25:30 2024, Build transit paths, Build transit paths Loop - OP - Walk - ExpBus -33 of 40
Sat May 11 13:25:30 2024, Build transit paths, Build tranist network
Sat May 11 13:25:48 2024, Build transit paths, Tranist network settings
Sat May 11 13:25:50 2024, Build transit paths, Transit assignment PF
Sat May 11 13:26:06 2024, Build transit paths, Fill stop layer with base ivtt
Sat May 11 13:26:07 2024, Build transit paths, Update transit links with correct ivtt
Sat May 11 13:26:08 2024, Build transit paths, Transit skim PF
Sat May 11 13:27:30 2024, Build transit paths, Calculate boardings in transfers field
Sat May 11 13:27:30 2024, Build transit paths, Build transit paths Loop - OP - Walk - UrbRail -34 of 40
Sat May 11 13:27:30 2024, Build transit paths, Build tranist network
Sat May 11 13:27:48 2024, Build transit paths, Tranist network settings
Sat May 11 13:27:50 2024, Build transit paths, Transit assignment PF
Sat May 11 13:28:06 2024, Build transit paths, Fill stop layer with base ivtt
Sat May 11 13:28:07 2024, Build transit paths, Update transit links with correct ivtt
Sat May 11 13:28:08 2024, Build transit paths, Transit skim PF
Sat May 11 13:29:31 2024, Build transit paths, Calculate boardings in transfers field
Sat May 11 13:29:31 2024, Build transit paths, Build transit paths Loop - OP - Walk - ComRail -35 of 40
Sat May 11 13:29:31 2024, Build transit paths, Build tranist network
Sat May 11 13:29:49 2024, Build transit paths, Tranist network settings
Sat May 11 13:29:51 2024, Build transit paths, Transit assignment PF
Sat May 11 13:30:08 2024, Build transit paths, Fill stop layer with base ivtt
Sat May 11 13:30:09 2024, Build transit paths, Update transit links with correct ivtt
Sat May 11 13:30:10 2024, Build transit paths, Transit skim PF
Sat May 11 13:31:33 2024, Build transit paths, Calculate boardings in transfers field
Sat May 11 13:31:33 2024, Build transit paths, Build transit paths Loop - OP - Drive - Local -36 of 40
Sat May 11 13:31:33 2024, Build transit paths, Build tranist network
Sat May 11 13:31:52 2024, Build transit paths, Tranist network settings
Sat May 11 13:31:57 2024, Build transit paths, Transit assignment PF
Sat May 11 13:32:29 2024, Build transit paths, Fill stop layer with base ivtt
Sat May 11 13:32:30 2024, Build transit paths, Update transit links with correct ivtt
Sat May 11 13:32:31 2024, Build transit paths, Transit skim PF
Sat May 11 13:34:06 2024, Build transit paths, Calculate boardings in transfers field
Sat May 11 13:34:07 2024, Build transit paths, Build transit paths Loop - OP - Drive - Brt -37 of 40
Sat May 11 13:34:07 2024, Build transit paths, Build tranist network
Sat May 11 13:34:25 2024, Build transit paths, Tranist network settings
Sat May 11 13:34:30 2024, Build transit paths, Transit assignment PF
Sat May 11 13:35:03 2024, Build transit paths, Fill stop layer with base ivtt
Sat May 11 13:35:03 2024, Build transit paths, Update transit links with correct ivtt
Sat May 11 13:35:05 2024, Build transit paths, Transit skim PF
Sat May 11 13:36:38 2024, Build transit paths, Calculate boardings in transfers field
Sat May 11 13:36:39 2024, Build transit paths, Build transit paths Loop - OP - Drive - ExpBus -38 of 40
Sat May 11 13:36:39 2024, Build transit paths, Build tranist network
Sat May 11 13:36:57 2024, Build transit paths, Tranist network settings
Sat May 11 13:37:02 2024, Build transit paths, Transit assignment PF
Sat May 11 13:37:35 2024, Build transit paths, Fill stop layer with base ivtt
Sat May 11 13:37:36 2024, Build transit paths, Update transit links with correct ivtt
Sat May 11 13:37:37 2024, Build transit paths, Transit skim PF
Sat May 11 13:39:13 2024, Build transit paths, Calculate boardings in transfers field
Sat May 11 13:39:14 2024, Build transit paths, Build transit paths Loop - OP - Drive - UrbRail -39 of 40
Sat May 11 13:39:14 2024, Build transit paths, Build tranist network
Sat May 11 13:39:32 2024, Build transit paths, Tranist network settings
Sat May 11 13:39:37 2024, Build transit paths, Transit assignment PF
Sat May 11 13:40:10 2024, Build transit paths, Fill stop layer with base ivtt
Sat May 11 13:40:11 2024, Build transit paths, Update transit links with correct ivtt
Sat May 11 13:40:12 2024, Build transit paths, Transit skim PF
Sat May 11 13:41:47 2024, Build transit paths, Calculate boardings in transfers field
Sat May 11 13:41:47 2024, Build transit paths, Build transit paths Loop - OP - Drive - ComRail -40 of 40
Sat May 11 13:41:47 2024, Build transit paths, Build tranist network
Sat May 11 13:42:05 2024, Build transit paths, Tranist network settings
Sat May 11 13:42:11 2024, Build transit paths, Transit assignment PF
Sat May 11 13:42:45 2024, Build transit paths, Fill stop layer with base ivtt
Sat May 11 13:42:45 2024, Build transit paths, Update transit links with correct ivtt
Sat May 11 13:42:46 2024, Build transit paths, Transit skim PF
Sat May 11 13:44:21 2024, Build transit paths, Calculate boardings in transfers field
Sat May 11 13:44:21 2024, Process transit skims
Sat May 11 14:08:02 2024, 4 InternalTruckModel.rsc, Run Internal Truck and Commercial Vehicle Model
Sat May 11 14:08:02 2024, Aggregate LandUse
Sat May 11 14:08:32 2024, Calculate Accessibilities
Sat May 11 14:08:42 2024, Run Truck Model
Sat May 11 14:09:53 2024, Run Commercial Vehicle Model
Sat May 11 14:10:03 2024, Run Trip Length Summaries
Sat May 11 14:10:18 2024, Close All Views
Sat May 11 14:10:18 2024, 5 VisitorModel.rsc, Run Visitor Model
Sat May 11 14:10:18 2024, Prepare input data
Sat May 11 14:11:00 2024, Visitor Trip Gen
Sat May 11 14:11:05 2024, Visitor Trip Distribution
Sat May 11 14:11:16 2024, Visitor Trip Mode Choice
Sat May 11 14:11:17 2024, Visitor Trip Time of Day
Sat May 11 14:11:29 2024, 7.1 RunDaySim.rsc,   ****** Run DaySim ****** 
Sat May 11 14:11:29 2024, Set transit paramters
Sat May 11 14:25:56 2024, Runing OMX Re Export in feedback loop 3
Sat May 11 14:25:56 2024, Set transit paramters
Sat May 11 18:01:34 2024, Copy DaySim inputs in feedback loop 3
Sat May 11 18:01:34 2024, Runing DaySim for iteration 1 in feedback loop 3
Sat May 11 18:59:17 2024, Runing DaySim Summaries in feedback loop 3
Sat May 11 18:59:17 2024, Set transit paramters
Sat May 11 19:04:45 2024, 7.1 RunDaySim.rsc,  ******** Build DaySim Trip Matrices ******** 
Sat May 11 19:04:45 2024, Set transit paramters
Sat May 11 19:04:45 2024, Copying DaySim outputs
Sat May 11 19:04:56 2024, Joining trip and tour files
Sat May 11 19:08:47 2024, Processing trips ... , Auto
Sat May 11 19:08:47 2024, Processing trips for: , AM
Sat May 11 19:17:43 2024, Processing trips for: , MD
Sat May 11 19:26:18 2024, Processing trips for: , PM
Sat May 11 19:35:33 2024, Processing trips for: , OP
Sat May 11 19:40:04 2024, Processing trips ... , Transit
Sat May 11 19:40:04 2024, Processing trips trips for: , AM
Sat May 11 19:44:59 2024, Processing trips trips for: , MD
Sat May 11 19:46:48 2024, Processing trips trips for: , PM
Sat May 11 19:48:50 2024, Processing trips trips for: , OP
Sat May 11 19:49:53 2024, Set transit paramters
Sat May 11 19:49:55 2024, 8.1 HwyAssignment.rsc,   ****** Pre Assignment ****** 
Sat May 11 19:49:55 2024, Add visitor trips 
Sat May 11 19:49:58 2024, Add internal truck demand 
Sat May 11 19:49:59 2024, Add internal commercial vehicle demand 
Sat May 11 19:49:59 2024, Add external truck demand 
Sat May 11 19:50:12 2024, Add external auto demand 
Sat May 11 19:50:16 2024, Highway Assignment - Processing Matrices for , AM
Sat May 11 19:50:33 2024, Highway Assignment - Processing Matrices for , MD
Sat May 11 19:50:45 2024, Highway Assignment - Processing Matrices for , PM
Sat May 11 19:50:57 2024, Highway Assignment - Processing Matrices for , OP
Sat May 11 19:51:09 2024, Highway Assignment - Network Settings
Sat May 11 19:51:10 2024, Highway Assignment - Preload Assignment for AM
Sat May 11 19:51:55 2024, Highway Assignment - Preload Assignment for MD
Sat May 11 19:53:20 2024, Highway Assignment - Preload Assignment for PM
Sat May 11 19:54:37 2024, Highway Assignment - Preload Assignment for OP
Sat May 11 19:55:17 2024, Highway Assignment - General Assignment for AM
Sat May 11 20:03:27 2024, Highway Assignment - General Assignment for MD
Sat May 11 20:07:22 2024, Highway Assignment - General Assignment for PM
Sat May 11 20:15:48 2024, Highway Assignment - General Assignment for OP
Sat May 11 20:17:32 2024, 8.2 TransitAssignment.rsc,   ****** Transit Assignment ****** 
Sat May 11 20:17:32 2024, Set transit paramters
Sat May 11 20:17:32 2024, Transit assignment, AM
Sat May 11 20:17:43 2024, Transit assignment, AM
Sat May 11 20:17:51 2024, Transit assignment, AM
Sat May 11 20:17:59 2024, Transit assignment, AM
Sat May 11 20:18:06 2024, Transit assignment, AM
Sat May 11 20:18:16 2024, Transit assignment, AM
Sat May 11 20:18:23 2024, Transit assignment, AM
Sat May 11 20:18:29 2024, Transit assignment, AM
Sat May 11 20:18:36 2024, Transit assignment, AM
Sat May 11 20:18:43 2024, Transit assignment, AM
Sat May 11 20:18:51 2024, Transit assignment, AM
Sat May 11 20:18:57 2024, Transit assignment, AM
Sat May 11 20:19:03 2024, Transit assignment, AM
Sat May 11 20:19:09 2024, Transit assignment, AM
Sat May 11 20:19:16 2024, Transit assignment, AM
Sat May 11 20:19:23 2024, Transit assignment, MD
Sat May 11 20:19:34 2024, Transit assignment, MD
Sat May 11 20:19:42 2024, Transit assignment, MD
Sat May 11 20:19:50 2024, Transit assignment, MD
Sat May 11 20:19:57 2024, Transit assignment, MD
Sat May 11 20:20:04 2024, Transit assignment, MD
Sat May 11 20:20:11 2024, Transit assignment, MD
Sat May 11 20:20:17 2024, Transit assignment, MD
Sat May 11 20:20:24 2024, Transit assignment, MD
Sat May 11 20:20:30 2024, Transit assignment, MD
Sat May 11 20:20:36 2024, Transit assignment, MD
Sat May 11 20:20:42 2024, Transit assignment, MD
Sat May 11 20:20:48 2024, Transit assignment, MD
Sat May 11 20:20:55 2024, Transit assignment, MD
Sat May 11 20:21:02 2024, Transit assignment, MD
Sat May 11 20:21:08 2024, Transit assignment, PM
Sat May 11 20:21:20 2024, Transit assignment, PM
Sat May 11 20:21:28 2024, Transit assignment, PM
Sat May 11 20:21:35 2024, Transit assignment, PM
Sat May 11 20:21:43 2024, Transit assignment, PM
Sat May 11 20:21:53 2024, Transit assignment, PM
Sat May 11 20:22:10 2024, Transit assignment, PM
Sat May 11 20:22:27 2024, Transit assignment, PM
Sat May 11 20:22:44 2024, Transit assignment, PM
Sat May 11 20:23:01 2024, Transit assignment, PM
Sat May 11 20:23:18 2024, Transit assignment, PM
Sat May 11 20:23:35 2024, Transit assignment, PM
Sat May 11 20:23:51 2024, Transit assignment, PM
Sat May 11 20:24:08 2024, Transit assignment, PM
Sat May 11 20:24:25 2024, Transit assignment, PM
Sat May 11 20:24:42 2024, Transit assignment, OP
Sat May 11 20:24:51 2024, Transit assignment, OP
Sat May 11 20:24:58 2024, Transit assignment, OP
Sat May 11 20:25:05 2024, Transit assignment, OP
Sat May 11 20:25:11 2024, Transit assignment, OP
Sat May 11 20:25:18 2024, Transit assignment, OP
Sat May 11 20:25:34 2024, Transit assignment, OP
Sat May 11 20:25:50 2024, Transit assignment, OP
Sat May 11 20:26:06 2024, Transit assignment, OP
Sat May 11 20:26:22 2024, Transit assignment, OP
Sat May 11 20:26:38 2024, Transit assignment, OP
Sat May 11 20:26:54 2024, Transit assignment, OP
Sat May 11 20:27:10 2024, Transit assignment, OP
Sat May 11 20:27:26 2024, Transit assignment, OP
Sat May 11 20:27:42 2024, Transit assignment, OP
Sat May 11 20:27:58 2024, 8.2 TransitAssignment.rsc,   ****** Transit Reporting ****** 
Sat May 11 20:27:58 2024, Set transit paramters
Sat May 11 20:46:34 2024, 8.1 HwyAssignment.rsc,   ****** Highway Post Processor ****** 
Sat May 11 20:58:02 2024, 8.3 FeedbackLoop.rsc,   ****** Update Travel Times ****** 
Sat May 11 21:00:44 2024, 9.2 boardings.rsc,   ****** Tranist Stop Summary ****** 
Sat May 11 21:04:29 2024, 9.1 Utility.rsc,  Running MOE1
Sat May 11 21:05:05 2024,               , District Set 1 of 10
Sat May 11 21:08:09 2024,               , Step 1 of 20 - Regional
Sat May 11 21:08:34 2024,               , Step 2 of 20 - CBD
Sat May 11 21:08:39 2024,               , Step 3 of 20 - Columbia
Sat May 11 21:08:43 2024,               , Step 4 of 20 - Gallatin
Sat May 11 21:08:47 2024,               , Step 5 of 20 - Inner Core  I-65
Sat May 11 21:08:51 2024,               , Step 6 of 20 - Inner Core I-24
Sat May 11 21:08:56 2024,               , Step 7 of 20 - Inner Core I-24/
Sat May 11 21:09:00 2024,               , Step 8 of 20 - Inner Core I-24W
Sat May 11 21:09:04 2024,               , Step 9 of 20 - Inner Core I-40
Sat May 11 21:09:08 2024,               , Step 10 of 20 - Lebanon
Sat May 11 21:09:12 2024,               , Step 11 of 20 - Maury
Sat May 11 21:09:16 2024,               , Step 12 of 20 - Middle Core I-24
Sat May 11 21:09:21 2024,               , Step 13 of 20 - Middle Core I-40
Sat May 11 21:09:26 2024,               , Step 14 of 20 - Middle Core I-65
Sat May 11 21:09:33 2024,               , Step 15 of 20 - Murfreesboro
Sat May 11 21:09:37 2024,               , Step 16 of 20 - Outer Core I-24
Sat May 11 21:09:42 2024,               , Step 17 of 20 - Outer Core I-40
Sat May 11 21:09:47 2024,               , Step 18 of 20 - Outer Core I-65
Sat May 11 21:09:52 2024,               , Step 19 of 20 - Outer Core SR386
Sat May 11 21:09:56 2024,               , Step 20 of 20 - Springfield
Sat May 11 21:10:00 2024,               , District Set 2 of 10
Sat May 11 21:13:03 2024,               , Step 1 of 8 - Regional
Sat May 11 21:13:28 2024,               , Step 2 of 8 - DAVIDSON
Sat May 11 21:13:38 2024,               , Step 3 of 8 - MAURY
Sat May 11 21:13:43 2024,               , Step 4 of 8 - ROBERTSON
Sat May 11 21:13:48 2024,               , Step 5 of 8 - RUTHERFORD
Sat May 11 21:13:53 2024,               , Step 6 of 8 - SUMNER
Sat May 11 21:13:58 2024,               , Step 7 of 8 - WILLIAMSON
Sat May 11 21:14:04 2024,               , Step 8 of 8 - WILSON
Sat May 11 21:14:09 2024,               , District Set 3 of 10
Sat May 11 21:14:09 2024,               , District Set 4 of 10
Sat May 11 21:14:09 2024,               , District Set 5 of 10
Sat May 11 21:14:09 2024,               , District Set 6 of 10
Sat May 11 21:14:09 2024,               , District Set 7 of 10
Sat May 11 21:14:09 2024,               , District Set 8 of 10
Sat May 11 21:14:09 2024,               , District Set 9 of 10
Sat May 11 21:14:09 2024,               , District Set 10 of 10
Mon May 13 12:19:46 2024,  ******************* FINISHED Nashville ABM 2019 - Version 19.1.0 ******************* 
Tue May 14 17:50:46 2024,  ******************* STARTED Nashville ABM 2019 - Version 19.1.0 ******************* 
Tue May 14 17:50:46 2024, Highway Assignment - Network Settings
Tue May 14 17:50:47 2024, Highway Assignment - Preload Assignment for AM
Tue May 14 17:51:27 2024, Highway Assignment - Preload Assignment for MD
Tue May 14 17:52:43 2024, Highway Assignment - Preload Assignment for PM
Tue May 14 17:53:52 2024, Highway Assignment - Preload Assignment for OP
Tue May 14 17:54:23 2024, Highway Assignment - General Assignment for AM
Tue May 14 18:02:39 2024, Highway Assignment - General Assignment for MD
Tue May 14 18:06:39 2024, Highway Assignment - General Assignment for PM
Tue May 14 18:15:12 2024, Highway Assignment - General Assignment for OP
Tue May 14 18:38:13 2024,  ******************* FINISHED Nashville ABM 2019 - Version 19.1.0 ******************* 
Tue May 14 18:41:50 2024,  ******************* STARTED Nashville ABM 2019 - Version 19.1.0 ******************* 
Tue May 14 18:41:50 2024, 8.1 HwyAssignment.rsc,   ****** Highway Post Processor ****** 
Tue May 14 18:51:52 2024,  ******************* FINISHED Nashville ABM 2019 - Version 19.1.0 ******************* 
Wed May 15 15:38:21 2024,  ******************* STARTED Nashville ABM 2019 - Version 19.1.0 ******************* 
Wed May 15 15:38:21 2024, 8.1 HwyAssignment.rsc,   ****** Highway Post Processor ****** 
Wed May 15 15:49:18 2024,  ******************* FINISHED Nashville ABM 2019 - Version 19.1.0 ******************* 
Wed May 15 15:49:31 2024,  ******************* STARTED Nashville ABM 2019 - Version 19.1.0 ******************* 
Wed May 15 15:49:32 2024, 8.1 HwyAssignment.rsc,   ****** Highway Post Processor ****** 
Wed May 15 16:20:50 2024,  ******************* FINISHED Nashville ABM 2019 - Version 19.1.0 ******************* 
Wed May 15 16:25:48 2024,  ******************* STARTED Nashville ABM 2019 - Version 19.1.0 ******************* 
Wed May 15 16:25:48 2024, 8.1 HwyAssignment.rsc,   ****** Highway Post Processor ****** 
Wed May 15 16:37:03 2024,  ******************* FINISHED Nashville ABM 2019 - Version 19.1.0 ******************* 
Mon May 27 13:59:15 2024,  ******************* STARTED Nashville ABM 2019 - Version 19.1.0 ******************* 
Mon May 27 13:59:15 2024, 1.1 Initialization.rsc, Initialization
Mon May 27 14:02:22 2024, 1.1 Initialization.rsc, Area Type
Mon May 27 14:05:30 2024, 1.1 Initialization.rsc, Capacity and FF Speed
Mon May 27 14:33:25 2024, 2.1 HwySkimming.rsc,   ****** Highway Skimming ****** 
Mon May 27 14:33:25 2024, Build highway network
Mon May 27 14:33:30 2024, Shortest path using length
Mon May 27 14:33:31 2024, Terminal time
Mon May 27 14:33:32 2024, Build HOV skims
Mon May 27 14:34:03 2024, Build SOV skims
Mon May 27 14:34:37 2024, Save and copy skims
Mon May 27 14:34:50 2024, 2.1 HwySkimming.rsc, Finished Highway Skimming
Mon May 27 14:34:50 2024, 2.2 TransitSkimming.rsc,   ****** Transit Skimming ****** 
Mon May 27 14:34:50 2024, Set transit paramters
Mon May 27 14:34:50 2024, Prepare inputs
Mon May 27 14:36:11 2024, Build drive connectors
Mon May 27 14:38:51 2024, Build transit paths
Mon May 27 14:38:51 2024, Build transit paths, Build transit paths Loop - AM - Walk - Local -1 of 40
Mon May 27 14:38:51 2024, Build transit paths, Build tranist network
Mon May 27 14:39:00 2024, Build transit paths, Tranist network settings
Mon May 27 14:39:01 2024, Build transit paths, Transit assignment PF
Mon May 27 14:39:17 2024, Build transit paths, Fill stop layer with base ivtt
Mon May 27 14:39:17 2024, Build transit paths, Update transit links with correct ivtt
Mon May 27 14:39:18 2024, Build transit paths, Transit skim PF
Mon May 27 14:40:34 2024, Build transit paths, Calculate boardings in transfers field
Mon May 27 14:40:35 2024, Build transit paths, Build transit paths Loop - AM - Walk - Brt -2 of 40
Mon May 27 14:40:35 2024, Build transit paths, Build tranist network
Mon May 27 14:40:43 2024, Build transit paths, Tranist network settings
Mon May 27 14:40:44 2024, Build transit paths, Transit assignment PF
Mon May 27 14:41:01 2024, Build transit paths, Fill stop layer with base ivtt
Mon May 27 14:41:02 2024, Build transit paths, Update transit links with correct ivtt
Mon May 27 14:41:02 2024, Build transit paths, Transit skim PF
Mon May 27 14:42:26 2024, Build transit paths, Calculate boardings in transfers field
Mon May 27 14:42:29 2024, Build transit paths, Build transit paths Loop - AM - Walk - ExpBus -3 of 40
Mon May 27 14:42:29 2024, Build transit paths, Build tranist network
Mon May 27 14:42:45 2024, Build transit paths, Tranist network settings
Mon May 27 14:42:47 2024, Build transit paths, Transit assignment PF
Mon May 27 14:43:05 2024, Build transit paths, Fill stop layer with base ivtt
Mon May 27 14:43:05 2024, Build transit paths, Update transit links with correct ivtt
Mon May 27 14:43:06 2024, Build transit paths, Transit skim PF
Mon May 27 14:44:27 2024, Build transit paths, Calculate boardings in transfers field
Mon May 27 14:44:28 2024, Build transit paths, Build transit paths Loop - AM - Walk - UrbRail -4 of 40
Mon May 27 14:44:28 2024, Build transit paths, Build tranist network
Mon May 27 14:44:37 2024, Build transit paths, Tranist network settings
Mon May 27 14:44:38 2024, Build transit paths, Transit assignment PF
Mon May 27 14:44:57 2024, Build transit paths, Fill stop layer with base ivtt
Mon May 27 14:44:57 2024, Build transit paths, Update transit links with correct ivtt
Mon May 27 14:44:58 2024, Build transit paths, Transit skim PF
Mon May 27 14:46:19 2024, Build transit paths, Calculate boardings in transfers field
Mon May 27 14:46:20 2024, Build transit paths, Build transit paths Loop - AM - Walk - ComRail -5 of 40
Mon May 27 14:46:20 2024, Build transit paths, Build tranist network
Mon May 27 14:46:29 2024, Build transit paths, Tranist network settings
Mon May 27 14:46:30 2024, Build transit paths, Transit assignment PF
Mon May 27 14:46:49 2024, Build transit paths, Fill stop layer with base ivtt
Mon May 27 14:46:49 2024, Build transit paths, Update transit links with correct ivtt
Mon May 27 14:46:50 2024, Build transit paths, Transit skim PF
Mon May 27 14:48:09 2024, Build transit paths, Calculate boardings in transfers field
Mon May 27 14:48:09 2024, Build transit paths, Build transit paths Loop - AM - Drive - Local -6 of 40
Mon May 27 14:48:09 2024, Build transit paths, Build tranist network
Mon May 27 14:48:18 2024, Build transit paths, Tranist network settings
Mon May 27 14:48:22 2024, Build transit paths, Transit assignment PF
Mon May 27 14:48:39 2024, Build transit paths, Fill stop layer with base ivtt
Mon May 27 14:48:40 2024, Build transit paths, Update transit links with correct ivtt
Mon May 27 14:48:41 2024, Build transit paths, Transit skim PF
Mon May 27 14:49:25 2024, Build transit paths, Calculate boardings in transfers field
Mon May 27 14:49:25 2024, Build transit paths, Build transit paths Loop - AM - Drive - Brt -7 of 40
Mon May 27 14:49:25 2024, Build transit paths, Build tranist network
Mon May 27 14:49:34 2024, Build transit paths, Tranist network settings
Mon May 27 14:49:38 2024, Build transit paths, Transit assignment PF
Mon May 27 14:49:56 2024, Build transit paths, Fill stop layer with base ivtt
Mon May 27 14:49:56 2024, Build transit paths, Update transit links with correct ivtt
Mon May 27 14:49:57 2024, Build transit paths, Transit skim PF
Mon May 27 14:50:39 2024, Build transit paths, Calculate boardings in transfers field
Mon May 27 14:50:40 2024, Build transit paths, Build transit paths Loop - AM - Drive - ExpBus -8 of 40
Mon May 27 14:50:40 2024, Build transit paths, Build tranist network
Mon May 27 14:50:48 2024, Build transit paths, Tranist network settings
Mon May 27 14:50:52 2024, Build transit paths, Transit assignment PF
Mon May 27 14:51:11 2024, Build transit paths, Fill stop layer with base ivtt
Mon May 27 14:51:11 2024, Build transit paths, Update transit links with correct ivtt
Mon May 27 14:51:12 2024, Build transit paths, Transit skim PF
Mon May 27 14:51:56 2024, Build transit paths, Calculate boardings in transfers field
Mon May 27 14:51:57 2024, Build transit paths, Build transit paths Loop - AM - Drive - UrbRail -9 of 40
Mon May 27 14:51:57 2024, Build transit paths, Build tranist network
Mon May 27 14:52:06 2024, Build transit paths, Tranist network settings
Mon May 27 14:52:10 2024, Build transit paths, Transit assignment PF
Mon May 27 14:52:29 2024, Build transit paths, Fill stop layer with base ivtt
Mon May 27 14:52:29 2024, Build transit paths, Update transit links with correct ivtt
Mon May 27 14:52:30 2024, Build transit paths, Transit skim PF
Mon May 27 14:53:15 2024, Build transit paths, Calculate boardings in transfers field
Mon May 27 14:53:16 2024, Build transit paths, Build transit paths Loop - AM - Drive - ComRail -10 of 40
Mon May 27 14:53:16 2024, Build transit paths, Build tranist network
Mon May 27 14:53:24 2024, Build transit paths, Tranist network settings
Mon May 27 14:53:28 2024, Build transit paths, Transit assignment PF
Mon May 27 14:53:48 2024, Build transit paths, Fill stop layer with base ivtt
Mon May 27 14:53:48 2024, Build transit paths, Update transit links with correct ivtt
Mon May 27 14:53:49 2024, Build transit paths, Transit skim PF
Mon May 27 14:54:35 2024, Build transit paths, Calculate boardings in transfers field
Mon May 27 14:54:35 2024, Build transit paths, Build transit paths Loop - MD - Walk - Local -11 of 40
Mon May 27 14:54:35 2024, Build transit paths, Build tranist network
Mon May 27 14:54:44 2024, Build transit paths, Tranist network settings
Mon May 27 14:54:45 2024, Build transit paths, Transit assignment PF
Mon May 27 14:55:02 2024, Build transit paths, Fill stop layer with base ivtt
Mon May 27 14:55:03 2024, Build transit paths, Update transit links with correct ivtt
Mon May 27 14:55:04 2024, Build transit paths, Transit skim PF
Mon May 27 14:56:18 2024, Build transit paths, Calculate boardings in transfers field
Mon May 27 14:56:19 2024, Build transit paths, Build transit paths Loop - MD - Walk - Brt -12 of 40
Mon May 27 14:56:19 2024, Build transit paths, Build tranist network
Mon May 27 14:56:27 2024, Build transit paths, Tranist network settings
Mon May 27 14:56:28 2024, Build transit paths, Transit assignment PF
Mon May 27 14:56:46 2024, Build transit paths, Fill stop layer with base ivtt
Mon May 27 14:56:46 2024, Build transit paths, Update transit links with correct ivtt
Mon May 27 14:56:47 2024, Build transit paths, Transit skim PF
Mon May 27 14:57:59 2024, Build transit paths, Calculate boardings in transfers field
Mon May 27 14:57:59 2024, Build transit paths, Build transit paths Loop - MD - Walk - ExpBus -13 of 40
Mon May 27 14:57:59 2024, Build transit paths, Build tranist network
Mon May 27 14:58:08 2024, Build transit paths, Tranist network settings
Mon May 27 14:58:09 2024, Build transit paths, Transit assignment PF
Mon May 27 14:58:27 2024, Build transit paths, Fill stop layer with base ivtt
Mon May 27 14:58:27 2024, Build transit paths, Update transit links with correct ivtt
Mon May 27 14:58:28 2024, Build transit paths, Transit skim PF
Mon May 27 14:59:40 2024, Build transit paths, Calculate boardings in transfers field
Mon May 27 14:59:41 2024, Build transit paths, Build transit paths Loop - MD - Walk - UrbRail -14 of 40
Mon May 27 14:59:41 2024, Build transit paths, Build tranist network
Mon May 27 14:59:49 2024, Build transit paths, Tranist network settings
Mon May 27 14:59:50 2024, Build transit paths, Transit assignment PF
Mon May 27 15:00:08 2024, Build transit paths, Fill stop layer with base ivtt
Mon May 27 15:00:09 2024, Build transit paths, Update transit links with correct ivtt
Mon May 27 15:00:10 2024, Build transit paths, Transit skim PF
Mon May 27 15:01:28 2024, Build transit paths, Calculate boardings in transfers field
Mon May 27 15:01:29 2024, Build transit paths, Build transit paths Loop - MD - Walk - ComRail -15 of 40
Mon May 27 15:01:29 2024, Build transit paths, Build tranist network
Mon May 27 15:01:37 2024, Build transit paths, Tranist network settings
Mon May 27 15:01:38 2024, Build transit paths, Transit assignment PF
Mon May 27 15:01:57 2024, Build transit paths, Fill stop layer with base ivtt
Mon May 27 15:01:57 2024, Build transit paths, Update transit links with correct ivtt
Mon May 27 15:01:58 2024, Build transit paths, Transit skim PF
Mon May 27 15:03:15 2024, Build transit paths, Calculate boardings in transfers field
Mon May 27 15:03:15 2024, Build transit paths, Build transit paths Loop - MD - Drive - Local -16 of 40
Mon May 27 15:03:15 2024, Build transit paths, Build tranist network
Mon May 27 15:03:24 2024, Build transit paths, Tranist network settings
Mon May 27 15:03:28 2024, Build transit paths, Transit assignment PF
Mon May 27 15:03:45 2024, Build transit paths, Fill stop layer with base ivtt
Mon May 27 15:03:45 2024, Build transit paths, Update transit links with correct ivtt
Mon May 27 15:03:46 2024, Build transit paths, Transit skim PF
Mon May 27 15:04:32 2024, Build transit paths, Calculate boardings in transfers field
Mon May 27 15:04:32 2024, Build transit paths, Build transit paths Loop - MD - Drive - Brt -17 of 40
Mon May 27 15:04:32 2024, Build transit paths, Build tranist network
Mon May 27 15:04:41 2024, Build transit paths, Tranist network settings
Mon May 27 15:04:45 2024, Build transit paths, Transit assignment PF
Mon May 27 15:05:02 2024, Build transit paths, Fill stop layer with base ivtt
Mon May 27 15:05:02 2024, Build transit paths, Update transit links with correct ivtt
Mon May 27 15:05:03 2024, Build transit paths, Transit skim PF
Mon May 27 15:05:46 2024, Build transit paths, Calculate boardings in transfers field
Mon May 27 15:05:46 2024, Build transit paths, Build transit paths Loop - MD - Drive - ExpBus -18 of 40
Mon May 27 15:05:46 2024, Build transit paths, Build tranist network
Mon May 27 15:05:55 2024, Build transit paths, Tranist network settings
Mon May 27 15:05:59 2024, Build transit paths, Transit assignment PF
Mon May 27 15:06:17 2024, Build transit paths, Fill stop layer with base ivtt
Mon May 27 15:06:17 2024, Build transit paths, Update transit links with correct ivtt
Mon May 27 15:06:18 2024, Build transit paths, Transit skim PF
Mon May 27 15:07:05 2024, Build transit paths, Calculate boardings in transfers field
Mon May 27 15:07:06 2024, Build transit paths, Build transit paths Loop - MD - Drive - UrbRail -19 of 40
Mon May 27 15:07:06 2024, Build transit paths, Build tranist network
Mon May 27 15:07:15 2024, Build transit paths, Tranist network settings
Mon May 27 15:07:19 2024, Build transit paths, Transit assignment PF
Mon May 27 15:07:37 2024, Build transit paths, Fill stop layer with base ivtt
Mon May 27 15:07:38 2024, Build transit paths, Update transit links with correct ivtt
Mon May 27 15:07:39 2024, Build transit paths, Transit skim PF
Mon May 27 15:08:23 2024, Build transit paths, Calculate boardings in transfers field
Mon May 27 15:08:23 2024, Build transit paths, Build transit paths Loop - MD - Drive - ComRail -20 of 40
Mon May 27 15:08:23 2024, Build transit paths, Build tranist network
Mon May 27 15:08:32 2024, Build transit paths, Tranist network settings
Mon May 27 15:08:37 2024, Build transit paths, Transit assignment PF
Mon May 27 15:08:55 2024, Build transit paths, Fill stop layer with base ivtt
Mon May 27 15:08:55 2024, Build transit paths, Update transit links with correct ivtt
Mon May 27 15:08:56 2024, Build transit paths, Transit skim PF
Mon May 27 15:09:40 2024, Build transit paths, Calculate boardings in transfers field
Mon May 27 15:09:41 2024, Build transit paths, Build transit paths Loop - PM - Walk - Local -21 of 40
Mon May 27 15:09:41 2024, Build transit paths, Build tranist network
Mon May 27 15:09:50 2024, Build transit paths, Tranist network settings
Mon May 27 15:09:51 2024, Build transit paths, Transit assignment PF
Mon May 27 15:10:08 2024, Build transit paths, Fill stop layer with base ivtt
Mon May 27 15:10:08 2024, Build transit paths, Update transit links with correct ivtt
Mon May 27 15:10:09 2024, Build transit paths, Transit skim PF
Mon May 27 15:11:23 2024, Build transit paths, Calculate boardings in transfers field
Mon May 27 15:11:24 2024, Build transit paths, Build transit paths Loop - PM - Walk - Brt -22 of 40
Mon May 27 15:11:24 2024, Build transit paths, Build tranist network
Mon May 27 15:11:32 2024, Build transit paths, Tranist network settings
Mon May 27 15:11:33 2024, Build transit paths, Transit assignment PF
Mon May 27 15:11:51 2024, Build transit paths, Fill stop layer with base ivtt
Mon May 27 15:11:51 2024, Build transit paths, Update transit links with correct ivtt
Mon May 27 15:11:52 2024, Build transit paths, Transit skim PF
Mon May 27 15:13:04 2024, Build transit paths, Calculate boardings in transfers field
Mon May 27 15:13:04 2024, Build transit paths, Build transit paths Loop - PM - Walk - ExpBus -23 of 40
Mon May 27 15:13:04 2024, Build transit paths, Build tranist network
Mon May 27 15:13:13 2024, Build transit paths, Tranist network settings
Mon May 27 15:13:14 2024, Build transit paths, Transit assignment PF
Mon May 27 15:13:33 2024, Build transit paths, Fill stop layer with base ivtt
Mon May 27 15:13:33 2024, Build transit paths, Update transit links with correct ivtt
Mon May 27 15:13:34 2024, Build transit paths, Transit skim PF
Mon May 27 15:14:54 2024, Build transit paths, Calculate boardings in transfers field
Mon May 27 15:14:55 2024, Build transit paths, Build transit paths Loop - PM - Walk - UrbRail -24 of 40
Mon May 27 15:14:55 2024, Build transit paths, Build tranist network
Mon May 27 15:15:04 2024, Build transit paths, Tranist network settings
Mon May 27 15:15:04 2024, Build transit paths, Transit assignment PF
Mon May 27 15:15:23 2024, Build transit paths, Fill stop layer with base ivtt
Mon May 27 15:15:24 2024, Build transit paths, Update transit links with correct ivtt
Mon May 27 15:15:24 2024, Build transit paths, Transit skim PF
Mon May 27 15:16:41 2024, Build transit paths, Calculate boardings in transfers field
Mon May 27 15:16:41 2024, Build transit paths, Build transit paths Loop - PM - Walk - ComRail -25 of 40
Mon May 27 15:16:41 2024, Build transit paths, Build tranist network
Mon May 27 15:16:50 2024, Build transit paths, Tranist network settings
Mon May 27 15:16:51 2024, Build transit paths, Transit assignment PF
Mon May 27 15:17:10 2024, Build transit paths, Fill stop layer with base ivtt
Mon May 27 15:17:11 2024, Build transit paths, Update transit links with correct ivtt
Mon May 27 15:17:11 2024, Build transit paths, Transit skim PF
Mon May 27 15:18:29 2024, Build transit paths, Calculate boardings in transfers field
Mon May 27 15:18:29 2024, Build transit paths, Build transit paths Loop - PM - Drive - Local -26 of 40
Mon May 27 15:18:29 2024, Build transit paths, Build tranist network
Mon May 27 15:18:38 2024, Build transit paths, Tranist network settings
Mon May 27 15:18:42 2024, Build transit paths, Transit assignment PF
Mon May 27 15:19:06 2024, Build transit paths, Fill stop layer with base ivtt
Mon May 27 15:19:07 2024, Build transit paths, Update transit links with correct ivtt
Mon May 27 15:19:08 2024, Build transit paths, Transit skim PF
Mon May 27 15:20:25 2024, Build transit paths, Calculate boardings in transfers field
Mon May 27 15:20:25 2024, Build transit paths, Build transit paths Loop - PM - Drive - Brt -27 of 40
Mon May 27 15:20:25 2024, Build transit paths, Build tranist network
Mon May 27 15:20:34 2024, Build transit paths, Tranist network settings
Mon May 27 15:20:38 2024, Build transit paths, Transit assignment PF
Mon May 27 15:21:02 2024, Build transit paths, Fill stop layer with base ivtt
Mon May 27 15:21:02 2024, Build transit paths, Update transit links with correct ivtt
Mon May 27 15:21:03 2024, Build transit paths, Transit skim PF
Mon May 27 15:22:20 2024, Build transit paths, Calculate boardings in transfers field
Mon May 27 15:22:21 2024, Build transit paths, Build transit paths Loop - PM - Drive - ExpBus -28 of 40
Mon May 27 15:22:21 2024, Build transit paths, Build tranist network
Mon May 27 15:22:29 2024, Build transit paths, Tranist network settings
Mon May 27 15:22:33 2024, Build transit paths, Transit assignment PF
Mon May 27 15:22:59 2024, Build transit paths, Fill stop layer with base ivtt
Mon May 27 15:22:59 2024, Build transit paths, Update transit links with correct ivtt
Mon May 27 15:23:00 2024, Build transit paths, Transit skim PF
Mon May 27 15:24:19 2024, Build transit paths, Calculate boardings in transfers field
Mon May 27 15:24:19 2024, Build transit paths, Build transit paths Loop - PM - Drive - UrbRail -29 of 40
Mon May 27 15:24:19 2024, Build transit paths, Build tranist network
Mon May 27 15:24:28 2024, Build transit paths, Tranist network settings
Mon May 27 15:24:32 2024, Build transit paths, Transit assignment PF
Mon May 27 15:24:58 2024, Build transit paths, Fill stop layer with base ivtt
Mon May 27 15:24:58 2024, Build transit paths, Update transit links with correct ivtt
Mon May 27 15:24:59 2024, Build transit paths, Transit skim PF
Mon May 27 15:26:18 2024, Build transit paths, Calculate boardings in transfers field
Mon May 27 15:26:18 2024, Build transit paths, Build transit paths Loop - PM - Drive - ComRail -30 of 40
Mon May 27 15:26:18 2024, Build transit paths, Build tranist network
Mon May 27 15:26:27 2024, Build transit paths, Tranist network settings
Mon May 27 15:26:31 2024, Build transit paths, Transit assignment PF
Mon May 27 15:26:58 2024, Build transit paths, Fill stop layer with base ivtt
Mon May 27 15:26:58 2024, Build transit paths, Update transit links with correct ivtt
Mon May 27 15:26:59 2024, Build transit paths, Transit skim PF
Mon May 27 15:28:10 2024, Build transit paths, Calculate boardings in transfers field
Mon May 27 15:28:10 2024, Process transit skims
Mon May 27 17:44:45 2024,  ******************* FINISHED Nashville ABM 2019 - Version 19.1.0 ******************* 
Mon May 27 19:56:54 2024,  ******************* STARTED Nashville ABM 2019 - Version 19.1.0 ******************* 
Mon May 27 19:56:54 2024, 1.1 Initialization.rsc, Initialization
Mon May 27 20:00:48 2024, 1.1 Initialization.rsc, Area Type
Mon May 27 20:04:28 2024, 1.1 Initialization.rsc, Capacity and FF Speed
Mon May 27 20:35:56 2024, 2.1 HwySkimming.rsc,   ****** Highway Skimming ****** 
Mon May 27 20:35:56 2024, Build highway network
Mon May 27 20:36:02 2024, Shortest path using length
Mon May 27 20:36:03 2024, Terminal time
Mon May 27 20:36:06 2024, Build HOV skims
Mon May 27 20:36:47 2024, Build SOV skims
Mon May 27 20:37:33 2024, Save and copy skims
Mon May 27 20:37:47 2024, 2.1 HwySkimming.rsc, Finished Highway Skimming
Mon May 27 20:37:47 2024, 2.2 TransitSkimming.rsc,   ****** Transit Skimming ****** 
Mon May 27 20:37:47 2024, Set transit paramters
Mon May 27 20:37:47 2024, Prepare inputs
Mon May 27 20:39:27 2024, Build drive connectors
Mon May 27 20:42:26 2024, Build transit paths
Mon May 27 20:42:26 2024, Build transit paths, Build transit paths Loop - AM - Walk - Local -1 of 40
Mon May 27 20:42:26 2024, Build transit paths, Build tranist network
Mon May 27 20:42:35 2024, Build transit paths, Tranist network settings
Mon May 27 20:42:36 2024, Build transit paths, Transit assignment PF
Mon May 27 20:42:56 2024, Build transit paths, Fill stop layer with base ivtt
Mon May 27 20:42:57 2024, Build transit paths, Update transit links with correct ivtt
Mon May 27 20:42:58 2024, Build transit paths, Transit skim PF
Mon May 27 20:44:16 2024, Build transit paths, Calculate boardings in transfers field
Mon May 27 20:44:17 2024, Build transit paths, Build transit paths Loop - AM - Walk - Brt -2 of 40
Mon May 27 20:44:17 2024, Build transit paths, Build tranist network
Mon May 27 20:44:31 2024, Build transit paths, Tranist network settings
Mon May 27 20:44:32 2024, Build transit paths, Transit assignment PF
Mon May 27 20:44:48 2024, Build transit paths, Fill stop layer with base ivtt
Mon May 27 20:44:49 2024, Build transit paths, Update transit links with correct ivtt
Mon May 27 20:44:49 2024, Build transit paths, Transit skim PF
Mon May 27 20:46:09 2024, Build transit paths, Calculate boardings in transfers field
Mon May 27 20:46:10 2024, Build transit paths, Build transit paths Loop - AM - Walk - ExpBus -3 of 40
Mon May 27 20:46:10 2024, Build transit paths, Build tranist network
Mon May 27 20:46:35 2024, Build transit paths, Tranist network settings
Mon May 27 20:46:36 2024, Build transit paths, Transit assignment PF
Mon May 27 20:46:53 2024, Build transit paths, Fill stop layer with base ivtt
Mon May 27 20:46:54 2024, Build transit paths, Update transit links with correct ivtt
Mon May 27 20:46:54 2024, Build transit paths, Transit skim PF
Mon May 27 20:48:15 2024, Build transit paths, Calculate boardings in transfers field
Mon May 27 20:48:15 2024, Build transit paths, Build transit paths Loop - AM - Walk - UrbRail -4 of 40
Mon May 27 20:48:15 2024, Build transit paths, Build tranist network
Mon May 27 20:48:25 2024, Build transit paths, Tranist network settings
Mon May 27 20:48:26 2024, Build transit paths, Transit assignment PF
Mon May 27 20:48:42 2024, Build transit paths, Fill stop layer with base ivtt
Mon May 27 20:48:43 2024, Build transit paths, Update transit links with correct ivtt
Mon May 27 20:48:44 2024, Build transit paths, Transit skim PF
Mon May 27 20:49:58 2024, Build transit paths, Calculate boardings in transfers field
Mon May 27 20:49:58 2024, Build transit paths, Build transit paths Loop - AM - Walk - ComRail -5 of 40
Mon May 27 20:49:58 2024, Build transit paths, Build tranist network
Mon May 27 20:50:07 2024, Build transit paths, Tranist network settings
Mon May 27 20:50:08 2024, Build transit paths, Transit assignment PF
Mon May 27 20:50:26 2024, Build transit paths, Fill stop layer with base ivtt
Mon May 27 20:50:26 2024, Build transit paths, Update transit links with correct ivtt
Mon May 27 20:50:27 2024, Build transit paths, Transit skim PF
Mon May 27 20:51:45 2024, Build transit paths, Calculate boardings in transfers field
Mon May 27 20:51:45 2024, Build transit paths, Build transit paths Loop - AM - Drive - Local -6 of 40
Mon May 27 20:51:45 2024, Build transit paths, Build tranist network
Mon May 27 20:51:54 2024, Build transit paths, Tranist network settings
Mon May 27 20:51:57 2024, Build transit paths, Transit assignment PF
Mon May 27 20:52:13 2024, Build transit paths, Fill stop layer with base ivtt
Mon May 27 20:52:14 2024, Build transit paths, Update transit links with correct ivtt
Mon May 27 20:52:15 2024, Build transit paths, Transit skim PF
Mon May 27 20:52:56 2024, Build transit paths, Calculate boardings in transfers field
Mon May 27 20:52:57 2024, Build transit paths, Build transit paths Loop - AM - Drive - Brt -7 of 40
Mon May 27 20:52:57 2024, Build transit paths, Build tranist network
Mon May 27 20:53:06 2024, Build transit paths, Tranist network settings
Mon May 27 20:53:10 2024, Build transit paths, Transit assignment PF
Mon May 27 20:53:25 2024, Build transit paths, Fill stop layer with base ivtt
Mon May 27 20:53:26 2024, Build transit paths, Update transit links with correct ivtt
Mon May 27 20:53:27 2024, Build transit paths, Transit skim PF
Mon May 27 20:54:09 2024, Build transit paths, Calculate boardings in transfers field
Mon May 27 20:54:09 2024, Build transit paths, Build transit paths Loop - AM - Drive - ExpBus -8 of 40
Mon May 27 20:54:09 2024, Build transit paths, Build tranist network
Mon May 27 20:54:19 2024, Build transit paths, Tranist network settings
Mon May 27 20:54:23 2024, Build transit paths, Transit assignment PF
Mon May 27 20:54:39 2024, Build transit paths, Fill stop layer with base ivtt
Mon May 27 20:54:40 2024, Build transit paths, Update transit links with correct ivtt
Mon May 27 20:54:41 2024, Build transit paths, Transit skim PF
Mon May 27 20:55:35 2024, Build transit paths, Calculate boardings in transfers field
Mon May 27 20:55:35 2024, Build transit paths, Build transit paths Loop - AM - Drive - UrbRail -9 of 40
Mon May 27 20:55:35 2024, Build transit paths, Build tranist network
Mon May 27 20:55:44 2024, Build transit paths, Tranist network settings
Mon May 27 20:55:48 2024, Build transit paths, Transit assignment PF
Mon May 27 20:56:05 2024, Build transit paths, Fill stop layer with base ivtt
Mon May 27 20:56:06 2024, Build transit paths, Update transit links with correct ivtt
Mon May 27 20:56:07 2024, Build transit paths, Transit skim PF
Mon May 27 20:56:57 2024, Build transit paths, Calculate boardings in transfers field
Mon May 27 20:56:58 2024, Build transit paths, Build transit paths Loop - AM - Drive - ComRail -10 of 40
Mon May 27 20:56:58 2024, Build transit paths, Build tranist network
Mon May 27 20:57:07 2024, Build transit paths, Tranist network settings
Mon May 27 20:57:11 2024, Build transit paths, Transit assignment PF
Mon May 27 20:57:29 2024, Build transit paths, Fill stop layer with base ivtt
Mon May 27 20:57:29 2024, Build transit paths, Update transit links with correct ivtt
Mon May 27 20:57:30 2024, Build transit paths, Transit skim PF
Mon May 27 20:58:16 2024, Build transit paths, Calculate boardings in transfers field
Mon May 27 20:58:17 2024, Build transit paths, Build transit paths Loop - MD - Walk - Local -11 of 40
Mon May 27 20:58:17 2024, Build transit paths, Build tranist network
Mon May 27 20:58:26 2024, Build transit paths, Tranist network settings
Mon May 27 20:58:27 2024, Build transit paths, Transit assignment PF
Mon May 27 20:58:44 2024, Build transit paths, Fill stop layer with base ivtt
Mon May 27 20:58:44 2024, Build transit paths, Update transit links with correct ivtt
Mon May 27 20:58:45 2024, Build transit paths, Transit skim PF
Mon May 27 20:59:57 2024, Build transit paths, Calculate boardings in transfers field
Mon May 27 20:59:57 2024, Build transit paths, Build transit paths Loop - MD - Walk - Brt -12 of 40
Mon May 27 20:59:57 2024, Build transit paths, Build tranist network
Mon May 27 21:00:06 2024, Build transit paths, Tranist network settings
Mon May 27 21:00:07 2024, Build transit paths, Transit assignment PF
Mon May 27 21:00:23 2024, Build transit paths, Fill stop layer with base ivtt
Mon May 27 21:00:23 2024, Build transit paths, Update transit links with correct ivtt
Mon May 27 21:00:24 2024, Build transit paths, Transit skim PF
Mon May 27 21:01:37 2024, Build transit paths, Calculate boardings in transfers field
Mon May 27 21:01:37 2024, Build transit paths, Build transit paths Loop - MD - Walk - ExpBus -13 of 40
Mon May 27 21:01:37 2024, Build transit paths, Build tranist network
Mon May 27 21:01:46 2024, Build transit paths, Tranist network settings
Mon May 27 21:01:47 2024, Build transit paths, Transit assignment PF
Mon May 27 21:02:04 2024, Build transit paths, Fill stop layer with base ivtt
Mon May 27 21:02:04 2024, Build transit paths, Update transit links with correct ivtt
Mon May 27 21:02:05 2024, Build transit paths, Transit skim PF
Mon May 27 21:03:23 2024, Build transit paths, Calculate boardings in transfers field
Mon May 27 21:03:23 2024, Build transit paths, Build transit paths Loop - MD - Walk - UrbRail -14 of 40
Mon May 27 21:03:23 2024, Build transit paths, Build tranist network
Mon May 27 21:03:41 2024, Build transit paths, Tranist network settings
Mon May 27 21:03:42 2024, Build transit paths, Transit assignment PF
Mon May 27 21:03:59 2024, Build transit paths, Fill stop layer with base ivtt
Mon May 27 21:04:00 2024, Build transit paths, Update transit links with correct ivtt
Mon May 27 21:04:01 2024, Build transit paths, Transit skim PF
Mon May 27 21:05:14 2024, Build transit paths, Calculate boardings in transfers field
Mon May 27 21:05:14 2024, Build transit paths, Build transit paths Loop - MD - Walk - ComRail -15 of 40
Mon May 27 21:05:14 2024, Build transit paths, Build tranist network
Mon May 27 21:05:23 2024, Build transit paths, Tranist network settings
Mon May 27 21:05:24 2024, Build transit paths, Transit assignment PF
Mon May 27 21:05:40 2024, Build transit paths, Fill stop layer with base ivtt
Mon May 27 21:05:41 2024, Build transit paths, Update transit links with correct ivtt
Mon May 27 21:05:42 2024, Build transit paths, Transit skim PF
Mon May 27 21:07:11 2024, Build transit paths, Calculate boardings in transfers field
Mon May 27 21:07:13 2024, Build transit paths, Build transit paths Loop - MD - Drive - Local -16 of 40
Mon May 27 21:07:13 2024, Build transit paths, Build tranist network
Mon May 27 21:07:22 2024, Build transit paths, Tranist network settings
Mon May 27 21:07:26 2024, Build transit paths, Transit assignment PF
Mon May 27 21:07:42 2024, Build transit paths, Fill stop layer with base ivtt
Mon May 27 21:07:42 2024, Build transit paths, Update transit links with correct ivtt
Mon May 27 21:07:43 2024, Build transit paths, Transit skim PF
Mon May 27 21:08:27 2024, Build transit paths, Calculate boardings in transfers field
Mon May 27 21:08:27 2024, Build transit paths, Build transit paths Loop - MD - Drive - Brt -17 of 40
Mon May 27 21:08:27 2024, Build transit paths, Build tranist network
Mon May 27 21:08:35 2024, Build transit paths, Tranist network settings
Mon May 27 21:08:39 2024, Build transit paths, Transit assignment PF
Mon May 27 21:08:55 2024, Build transit paths, Fill stop layer with base ivtt
Mon May 27 21:08:56 2024, Build transit paths, Update transit links with correct ivtt
Mon May 27 21:08:57 2024, Build transit paths, Transit skim PF
Mon May 27 21:09:39 2024, Build transit paths, Calculate boardings in transfers field
Mon May 27 21:09:39 2024, Build transit paths, Build transit paths Loop - MD - Drive - ExpBus -18 of 40
Mon May 27 21:09:39 2024, Build transit paths, Build tranist network
Mon May 27 21:09:48 2024, Build transit paths, Tranist network settings
Mon May 27 21:09:52 2024, Build transit paths, Transit assignment PF
Mon May 27 21:10:09 2024, Build transit paths, Fill stop layer with base ivtt
Mon May 27 21:10:09 2024, Build transit paths, Update transit links with correct ivtt
Mon May 27 21:10:10 2024, Build transit paths, Transit skim PF
Mon May 27 21:10:59 2024, Build transit paths, Calculate boardings in transfers field
Mon May 27 21:10:59 2024, Build transit paths, Build transit paths Loop - MD - Drive - UrbRail -19 of 40
Mon May 27 21:10:59 2024, Build transit paths, Build tranist network
Mon May 27 21:11:08 2024, Build transit paths, Tranist network settings
Mon May 27 21:11:12 2024, Build transit paths, Transit assignment PF
Mon May 27 21:11:28 2024, Build transit paths, Fill stop layer with base ivtt
Mon May 27 21:11:29 2024, Build transit paths, Update transit links with correct ivtt
Mon May 27 21:11:30 2024, Build transit paths, Transit skim PF
Mon May 27 21:12:17 2024, Build transit paths, Calculate boardings in transfers field
Mon May 27 21:12:17 2024, Build transit paths, Build transit paths Loop - MD - Drive - ComRail -20 of 40
Mon May 27 21:12:17 2024, Build transit paths, Build tranist network
Mon May 27 21:12:26 2024, Build transit paths, Tranist network settings
Mon May 27 21:12:28 2024, Build transit paths, Transit assignment PF
Mon May 27 21:12:45 2024, Build transit paths, Fill stop layer with base ivtt
Mon May 27 21:12:45 2024, Build transit paths, Update transit links with correct ivtt
Mon May 27 21:12:46 2024, Build transit paths, Transit skim PF
Mon May 27 21:13:31 2024, Build transit paths, Calculate boardings in transfers field
Mon May 27 21:13:32 2024, Build transit paths, Build transit paths Loop - PM - Walk - Local -21 of 40
Mon May 27 21:13:32 2024, Build transit paths, Build tranist network
Mon May 27 21:13:40 2024, Build transit paths, Tranist network settings
Mon May 27 21:13:41 2024, Build transit paths, Transit assignment PF
Mon May 27 21:13:58 2024, Build transit paths, Fill stop layer with base ivtt
Mon May 27 21:13:58 2024, Build transit paths, Update transit links with correct ivtt
Mon May 27 21:13:59 2024, Build transit paths, Transit skim PF
Mon May 27 21:15:13 2024, Build transit paths, Calculate boardings in transfers field
Mon May 27 21:15:13 2024, Build transit paths, Build transit paths Loop - PM - Walk - Brt -22 of 40
Mon May 27 21:15:13 2024, Build transit paths, Build tranist network
Mon May 27 21:15:22 2024, Build transit paths, Tranist network settings
Mon May 27 21:15:23 2024, Build transit paths, Transit assignment PF
Mon May 27 21:15:39 2024, Build transit paths, Fill stop layer with base ivtt
Mon May 27 21:15:40 2024, Build transit paths, Update transit links with correct ivtt
Mon May 27 21:15:40 2024, Build transit paths, Transit skim PF
Mon May 27 21:16:53 2024, Build transit paths, Calculate boardings in transfers field
Mon May 27 21:16:53 2024, Build transit paths, Build transit paths Loop - PM - Walk - ExpBus -23 of 40
Mon May 27 21:16:53 2024, Build transit paths, Build tranist network
Mon May 27 21:17:02 2024, Build transit paths, Tranist network settings
Mon May 27 21:17:02 2024, Build transit paths, Transit assignment PF
Mon May 27 21:17:20 2024, Build transit paths, Fill stop layer with base ivtt
Mon May 27 21:17:21 2024, Build transit paths, Update transit links with correct ivtt
Mon May 27 21:17:21 2024, Build transit paths, Transit skim PF
Mon May 27 21:18:36 2024, Build transit paths, Calculate boardings in transfers field
Mon May 27 21:18:37 2024, Build transit paths, Build transit paths Loop - PM - Walk - UrbRail -24 of 40
Mon May 27 21:18:37 2024, Build transit paths, Build tranist network
Mon May 27 21:18:45 2024, Build transit paths, Tranist network settings
Mon May 27 21:18:46 2024, Build transit paths, Transit assignment PF
Mon May 27 21:19:04 2024, Build transit paths, Fill stop layer with base ivtt
Mon May 27 21:19:04 2024, Build transit paths, Update transit links with correct ivtt
Mon May 27 21:19:05 2024, Build transit paths, Transit skim PF
Mon May 27 21:20:29 2024, Build transit paths, Calculate boardings in transfers field
Mon May 27 21:20:31 2024, Build transit paths, Build transit paths Loop - PM - Walk - ComRail -25 of 40
Mon May 27 21:20:31 2024, Build transit paths, Build tranist network
Mon May 27 21:20:40 2024, Build transit paths, Tranist network settings
Mon May 27 21:20:41 2024, Build transit paths, Transit assignment PF
Mon May 27 21:20:59 2024, Build transit paths, Fill stop layer with base ivtt
Mon May 27 21:20:59 2024, Build transit paths, Update transit links with correct ivtt
Mon May 27 21:21:00 2024, Build transit paths, Transit skim PF
Mon May 27 21:22:16 2024, Build transit paths, Calculate boardings in transfers field
Mon May 27 21:22:17 2024, Build transit paths, Build transit paths Loop - PM - Drive - Local -26 of 40
Mon May 27 21:22:17 2024, Build transit paths, Build tranist network
Mon May 27 21:22:25 2024, Build transit paths, Tranist network settings
Mon May 27 21:22:27 2024, Build transit paths, Transit assignment PF
Mon May 27 21:22:51 2024, Build transit paths, Fill stop layer with base ivtt
Mon May 27 21:22:52 2024, Build transit paths, Update transit links with correct ivtt
Mon May 27 21:22:52 2024, Build transit paths, Transit skim PF
Mon May 27 21:24:10 2024, Build transit paths, Calculate boardings in transfers field
Mon May 27 21:24:10 2024, Build transit paths, Build transit paths Loop - PM - Drive - Brt -27 of 40
Mon May 27 21:24:10 2024, Build transit paths, Build tranist network
Mon May 27 21:24:19 2024, Build transit paths, Tranist network settings
Mon May 27 21:24:21 2024, Build transit paths, Transit assignment PF
Mon May 27 21:24:45 2024, Build transit paths, Fill stop layer with base ivtt
Mon May 27 21:24:45 2024, Build transit paths, Update transit links with correct ivtt
Mon May 27 21:24:46 2024, Build transit paths, Transit skim PF
Mon May 27 21:26:02 2024, Build transit paths, Calculate boardings in transfers field
Mon May 27 21:26:02 2024, Build transit paths, Build transit paths Loop - PM - Drive - ExpBus -28 of 40
Mon May 27 21:26:02 2024, Build transit paths, Build tranist network
Mon May 27 21:26:11 2024, Build transit paths, Tranist network settings
Mon May 27 21:26:13 2024, Build transit paths, Transit assignment PF
Mon May 27 21:26:38 2024, Build transit paths, Fill stop layer with base ivtt
Mon May 27 21:26:38 2024, Build transit paths, Update transit links with correct ivtt
Mon May 27 21:26:39 2024, Build transit paths, Transit skim PF
Mon May 27 21:27:59 2024, Build transit paths, Calculate boardings in transfers field
Mon May 27 21:27:59 2024, Build transit paths, Build transit paths Loop - PM - Drive - UrbRail -29 of 40
Mon May 27 21:27:59 2024, Build transit paths, Build tranist network
Mon May 27 21:28:08 2024, Build transit paths, Tranist network settings
Mon May 27 21:28:10 2024, Build transit paths, Transit assignment PF
Mon May 27 21:28:36 2024, Build transit paths, Fill stop layer with base ivtt
Mon May 27 21:28:36 2024, Build transit paths, Update transit links with correct ivtt
Mon May 27 21:28:37 2024, Build transit paths, Transit skim PF
Mon May 27 21:29:55 2024, Build transit paths, Calculate boardings in transfers field
Mon May 27 21:29:55 2024, Build transit paths, Build transit paths Loop - PM - Drive - ComRail -30 of 40
Mon May 27 21:29:55 2024, Build transit paths, Build tranist network
Mon May 27 21:30:04 2024, Build transit paths, Tranist network settings
Mon May 27 21:30:07 2024, Build transit paths, Transit assignment PF
Mon May 27 21:30:33 2024, Build transit paths, Fill stop layer with base ivtt
Mon May 27 21:30:33 2024, Build transit paths, Update transit links with correct ivtt
Mon May 27 21:30:34 2024, Build transit paths, Transit skim PF
Mon May 27 21:31:56 2024, Build transit paths, Calculate boardings in transfers field
Mon May 27 21:31:57 2024, Build transit paths, Build transit paths Loop - OP - Walk - Local -31 of 40
Mon May 27 21:31:57 2024, Build transit paths, Build tranist network
Mon May 27 21:32:05 2024, Build transit paths, Tranist network settings
Mon May 27 21:32:06 2024, Build transit paths, Transit assignment PF
Mon May 27 21:32:22 2024, Build transit paths, Fill stop layer with base ivtt
Mon May 27 21:32:22 2024, Build transit paths, Update transit links with correct ivtt
Mon May 27 21:32:23 2024, Build transit paths, Transit skim PF
Mon May 27 21:33:40 2024, Build transit paths, Calculate boardings in transfers field
Mon May 27 21:33:40 2024, Build transit paths, Build transit paths Loop - OP - Walk - Brt -32 of 40
Mon May 27 21:33:40 2024, Build transit paths, Build tranist network
Mon May 27 21:33:49 2024, Build transit paths, Tranist network settings
Mon May 27 21:33:50 2024, Build transit paths, Transit assignment PF
Mon May 27 21:34:05 2024, Build transit paths, Fill stop layer with base ivtt
Mon May 27 21:34:05 2024, Build transit paths, Update transit links with correct ivtt
Mon May 27 21:34:06 2024, Build transit paths, Transit skim PF
Mon May 27 21:35:20 2024, Build transit paths, Calculate boardings in transfers field
Mon May 27 21:35:20 2024, Build transit paths, Build transit paths Loop - OP - Walk - ExpBus -33 of 40
Mon May 27 21:35:20 2024, Build transit paths, Build tranist network
Mon May 27 21:35:28 2024, Build transit paths, Tranist network settings
Mon May 27 21:35:29 2024, Build transit paths, Transit assignment PF
Mon May 27 21:35:45 2024, Build transit paths, Fill stop layer with base ivtt
Mon May 27 21:35:46 2024, Build transit paths, Update transit links with correct ivtt
Mon May 27 21:35:47 2024, Build transit paths, Transit skim PF
Mon May 27 21:36:57 2024, Build transit paths, Calculate boardings in transfers field
Mon May 27 21:36:57 2024, Build transit paths, Build transit paths Loop - OP - Walk - UrbRail -34 of 40
Mon May 27 21:36:57 2024, Build transit paths, Build tranist network
Mon May 27 21:37:05 2024, Build transit paths, Tranist network settings
Mon May 27 21:37:06 2024, Build transit paths, Transit assignment PF
Mon May 27 21:37:22 2024, Build transit paths, Fill stop layer with base ivtt
Mon May 27 21:37:22 2024, Build transit paths, Update transit links with correct ivtt
Mon May 27 21:37:23 2024, Build transit paths, Transit skim PF
Mon May 27 21:38:38 2024, Build transit paths, Calculate boardings in transfers field
Mon May 27 21:38:39 2024, Build transit paths, Build transit paths Loop - OP - Walk - ComRail -35 of 40
Mon May 27 21:38:39 2024, Build transit paths, Build tranist network
Mon May 27 21:38:47 2024, Build transit paths, Tranist network settings
Mon May 27 21:38:49 2024, Build transit paths, Transit assignment PF
Mon May 27 21:39:05 2024, Build transit paths, Fill stop layer with base ivtt
Mon May 27 21:39:05 2024, Build transit paths, Update transit links with correct ivtt
Mon May 27 21:39:06 2024, Build transit paths, Transit skim PF
Mon May 27 21:40:24 2024, Build transit paths, Calculate boardings in transfers field
Mon May 27 21:40:24 2024, Build transit paths, Build transit paths Loop - OP - Drive - Local -36 of 40
Mon May 27 21:40:24 2024, Build transit paths, Build tranist network
Mon May 27 21:40:33 2024, Build transit paths, Tranist network settings
Mon May 27 21:40:35 2024, Build transit paths, Transit assignment PF
Mon May 27 21:40:59 2024, Build transit paths, Fill stop layer with base ivtt
Mon May 27 21:40:59 2024, Build transit paths, Update transit links with correct ivtt
Mon May 27 21:41:00 2024, Build transit paths, Transit skim PF
Mon May 27 21:42:15 2024, Build transit paths, Calculate boardings in transfers field
Mon May 27 21:42:16 2024, Build transit paths, Build transit paths Loop - OP - Drive - Brt -37 of 40
Mon May 27 21:42:16 2024, Build transit paths, Build tranist network
Mon May 27 21:42:24 2024, Build transit paths, Tranist network settings
Mon May 27 21:42:26 2024, Build transit paths, Transit assignment PF
Mon May 27 21:42:50 2024, Build transit paths, Fill stop layer with base ivtt
Mon May 27 21:42:50 2024, Build transit paths, Update transit links with correct ivtt
Mon May 27 21:42:51 2024, Build transit paths, Transit skim PF
Mon May 27 21:43:59 2024, Build transit paths, Calculate boardings in transfers field
Mon May 27 21:43:59 2024, Process transit skims
Tue May 28 12:21:09 2024,  ******************* FINISHED Nashville ABM 2019 - Version 19.1.0 ******************* 
Thu May 30 13:48:39 2024,  ******************* STARTED Nashville ABM 2019 - Version 19.1.0 ******************* 
Thu May 30 13:48:39 2024, 1.1 Initialization.rsc, Initialization
Thu May 30 13:51:49 2024, 1.1 Initialization.rsc, Area Type
Thu May 30 14:00:24 2024, 1.1 Initialization.rsc, Capacity and FF Speed
Thu May 30 14:29:07 2024, 2.1 HwySkimming.rsc,   ****** Highway Skimming ****** 
Thu May 30 14:29:07 2024, Build highway network
Thu May 30 14:29:14 2024, Shortest path using length
Thu May 30 14:29:16 2024, Terminal time
Thu May 30 14:29:19 2024, Build HOV skims
Thu May 30 14:30:02 2024, Build SOV skims
Thu May 30 14:30:56 2024, Save and copy skims
Thu May 30 14:31:07 2024, 2.1 HwySkimming.rsc, Finished Highway Skimming
Thu May 30 14:31:07 2024, 2.2 TransitSkimming.rsc,   ****** Transit Skimming ****** 
Thu May 30 14:31:07 2024, Set transit paramters
Thu May 30 14:31:07 2024, Prepare inputs
Thu May 30 14:32:59 2024, Build drive connectors
Thu May 30 14:36:47 2024, Build transit paths
Thu May 30 14:36:47 2024, Build transit paths, Build transit paths Loop - AM - Walk - Local -1 of 40
Thu May 30 14:36:47 2024, Build transit paths, Build tranist network
Thu May 30 14:37:05 2024, Build transit paths, Tranist network settings
Thu May 30 14:37:07 2024, Build transit paths, Transit assignment PF
Thu May 30 14:37:23 2024, Build transit paths, Fill stop layer with base ivtt
Thu May 30 14:37:24 2024, Build transit paths, Update transit links with correct ivtt
Thu May 30 14:37:25 2024, Build transit paths, Transit skim PF
Thu May 30 14:38:50 2024, Build transit paths, Calculate boardings in transfers field
Thu May 30 14:38:50 2024, Build transit paths, Build transit paths Loop - AM - Walk - Brt -2 of 40
Thu May 30 14:38:50 2024, Build transit paths, Build tranist network
Thu May 30 14:39:09 2024, Build transit paths, Tranist network settings
Thu May 30 14:39:10 2024, Build transit paths, Transit assignment PF
Thu May 30 14:39:27 2024, Build transit paths, Fill stop layer with base ivtt
Thu May 30 14:39:28 2024, Build transit paths, Update transit links with correct ivtt
Thu May 30 14:39:29 2024, Build transit paths, Transit skim PF
Thu May 30 14:40:55 2024, Build transit paths, Calculate boardings in transfers field
Thu May 30 14:40:55 2024, Build transit paths, Build transit paths Loop - AM - Walk - ExpBus -3 of 40
Thu May 30 14:40:55 2024, Build transit paths, Build tranist network
Thu May 30 14:41:15 2024, Build transit paths, Tranist network settings
Thu May 30 14:41:16 2024, Build transit paths, Transit assignment PF
Thu May 30 14:41:34 2024, Build transit paths, Fill stop layer with base ivtt
Thu May 30 14:41:35 2024, Build transit paths, Update transit links with correct ivtt
Thu May 30 14:41:36 2024, Build transit paths, Transit skim PF
Thu May 30 14:43:04 2024, Build transit paths, Calculate boardings in transfers field
Thu May 30 14:43:04 2024, Build transit paths, Build transit paths Loop - AM - Walk - UrbRail -4 of 40
Thu May 30 14:43:04 2024, Build transit paths, Build tranist network
Thu May 30 14:43:23 2024, Build transit paths, Tranist network settings
Thu May 30 14:43:25 2024, Build transit paths, Transit assignment PF
Thu May 30 14:43:42 2024, Build transit paths, Fill stop layer with base ivtt
Thu May 30 14:43:42 2024, Build transit paths, Update transit links with correct ivtt
Thu May 30 14:43:43 2024, Build transit paths, Transit skim PF
Thu May 30 14:45:09 2024, Build transit paths, Calculate boardings in transfers field
Thu May 30 14:45:09 2024, Build transit paths, Build transit paths Loop - AM - Walk - ComRail -5 of 40
Thu May 30 14:45:09 2024, Build transit paths, Build tranist network
Thu May 30 14:45:28 2024, Build transit paths, Tranist network settings
Thu May 30 14:45:30 2024, Build transit paths, Transit assignment PF
Thu May 30 14:45:48 2024, Build transit paths, Fill stop layer with base ivtt
Thu May 30 14:45:49 2024, Build transit paths, Update transit links with correct ivtt
Thu May 30 14:45:50 2024, Build transit paths, Transit skim PF
Thu May 30 14:47:16 2024, Build transit paths, Calculate boardings in transfers field
Thu May 30 14:47:17 2024, Build transit paths, Build transit paths Loop - AM - Drive - Local -6 of 40
Thu May 30 14:47:17 2024, Build transit paths, Build tranist network
Thu May 30 14:47:35 2024, Build transit paths, Tranist network settings
Thu May 30 14:47:41 2024, Build transit paths, Transit assignment PF
Thu May 30 14:47:57 2024, Build transit paths, Fill stop layer with base ivtt
Thu May 30 14:47:57 2024, Build transit paths, Update transit links with correct ivtt
Thu May 30 14:47:58 2024, Build transit paths, Transit skim PF
Thu May 30 14:48:48 2024, Build transit paths, Calculate boardings in transfers field
Thu May 30 14:48:50 2024, Build transit paths, Build transit paths Loop - AM - Drive - Brt -7 of 40
Thu May 30 14:48:50 2024, Build transit paths, Build tranist network
Thu May 30 14:49:08 2024, Build transit paths, Tranist network settings
Thu May 30 14:49:13 2024, Build transit paths, Transit assignment PF
Thu May 30 14:49:30 2024, Build transit paths, Fill stop layer with base ivtt
Thu May 30 14:49:30 2024, Build transit paths, Update transit links with correct ivtt
Thu May 30 14:49:31 2024, Build transit paths, Transit skim PF
Thu May 30 14:50:21 2024, Build transit paths, Calculate boardings in transfers field
Thu May 30 14:50:22 2024, Build transit paths, Build transit paths Loop - AM - Drive - ExpBus -8 of 40
Thu May 30 14:50:22 2024, Build transit paths, Build tranist network
Thu May 30 14:50:41 2024, Build transit paths, Tranist network settings
Thu May 30 14:50:47 2024, Build transit paths, Transit assignment PF
Thu May 30 14:51:04 2024, Build transit paths, Fill stop layer with base ivtt
Thu May 30 14:51:04 2024, Build transit paths, Update transit links with correct ivtt
Thu May 30 14:51:05 2024, Build transit paths, Transit skim PF
Thu May 30 14:52:00 2024, Build transit paths, Calculate boardings in transfers field
Thu May 30 14:52:00 2024, Build transit paths, Build transit paths Loop - AM - Drive - UrbRail -9 of 40
Thu May 30 14:52:00 2024, Build transit paths, Build tranist network
Thu May 30 14:52:19 2024, Build transit paths, Tranist network settings
Thu May 30 14:52:24 2024, Build transit paths, Transit assignment PF
Thu May 30 14:52:41 2024, Build transit paths, Fill stop layer with base ivtt
Thu May 30 14:52:42 2024, Build transit paths, Update transit links with correct ivtt
Thu May 30 14:52:43 2024, Build transit paths, Transit skim PF
Thu May 30 14:53:36 2024, Build transit paths, Calculate boardings in transfers field
Thu May 30 14:53:37 2024, Build transit paths, Build transit paths Loop - AM - Drive - ComRail -10 of 40
Thu May 30 14:53:37 2024, Build transit paths, Build tranist network
Thu May 30 14:53:56 2024, Build transit paths, Tranist network settings
Thu May 30 14:54:01 2024, Build transit paths, Transit assignment PF
Thu May 30 14:54:18 2024, Build transit paths, Fill stop layer with base ivtt
Thu May 30 14:54:19 2024, Build transit paths, Update transit links with correct ivtt
Thu May 30 14:54:20 2024, Build transit paths, Transit skim PF
Thu May 30 14:55:14 2024, Build transit paths, Calculate boardings in transfers field
Thu May 30 14:55:14 2024, Build transit paths, Build transit paths Loop - MD - Walk - Local -11 of 40
Thu May 30 14:55:14 2024, Build transit paths, Build tranist network
Thu May 30 14:55:37 2024, Build transit paths, Tranist network settings
Thu May 30 14:55:38 2024, Build transit paths, Transit assignment PF
Thu May 30 14:55:54 2024, Build transit paths, Fill stop layer with base ivtt
Thu May 30 14:55:54 2024, Build transit paths, Update transit links with correct ivtt
Thu May 30 14:55:55 2024, Build transit paths, Transit skim PF
Thu May 30 14:57:16 2024, Build transit paths, Calculate boardings in transfers field
Thu May 30 14:57:16 2024, Build transit paths, Build transit paths Loop - MD - Walk - Brt -12 of 40
Thu May 30 14:57:16 2024, Build transit paths, Build tranist network
Thu May 30 14:57:35 2024, Build transit paths, Tranist network settings
Thu May 30 14:57:37 2024, Build transit paths, Transit assignment PF
Thu May 30 14:57:52 2024, Build transit paths, Fill stop layer with base ivtt
Thu May 30 14:57:53 2024, Build transit paths, Update transit links with correct ivtt
Thu May 30 14:57:54 2024, Build transit paths, Transit skim PF
Thu May 30 14:59:15 2024, Build transit paths, Calculate boardings in transfers field
Thu May 30 14:59:16 2024, Build transit paths, Build transit paths Loop - MD - Walk - ExpBus -13 of 40
Thu May 30 14:59:16 2024, Build transit paths, Build tranist network
Thu May 30 14:59:34 2024, Build transit paths, Tranist network settings
Thu May 30 14:59:36 2024, Build transit paths, Transit assignment PF
Thu May 30 14:59:52 2024, Build transit paths, Fill stop layer with base ivtt
Thu May 30 14:59:53 2024, Build transit paths, Update transit links with correct ivtt
Thu May 30 14:59:54 2024, Build transit paths, Transit skim PF
Thu May 30 15:01:29 2024, Build transit paths, Calculate boardings in transfers field
Thu May 30 15:01:29 2024, Build transit paths, Build transit paths Loop - MD - Walk - UrbRail -14 of 40
Thu May 30 15:01:29 2024, Build transit paths, Build tranist network
Thu May 30 15:01:48 2024, Build transit paths, Tranist network settings
Thu May 30 15:01:49 2024, Build transit paths, Transit assignment PF
Thu May 30 15:02:06 2024, Build transit paths, Fill stop layer with base ivtt
Thu May 30 15:02:06 2024, Build transit paths, Update transit links with correct ivtt
Thu May 30 15:02:07 2024, Build transit paths, Transit skim PF
Thu May 30 15:03:29 2024, Build transit paths, Calculate boardings in transfers field
Thu May 30 15:03:29 2024, Build transit paths, Build transit paths Loop - MD - Walk - ComRail -15 of 40
Thu May 30 15:03:29 2024, Build transit paths, Build tranist network
Thu May 30 15:03:48 2024, Build transit paths, Tranist network settings
Thu May 30 15:03:49 2024, Build transit paths, Transit assignment PF
Thu May 30 15:04:06 2024, Build transit paths, Fill stop layer with base ivtt
Thu May 30 15:04:07 2024, Build transit paths, Update transit links with correct ivtt
Thu May 30 15:04:08 2024, Build transit paths, Transit skim PF
Thu May 30 15:05:30 2024, Build transit paths, Calculate boardings in transfers field
Thu May 30 15:05:30 2024, Build transit paths, Build transit paths Loop - MD - Drive - Local -16 of 40
Thu May 30 15:05:30 2024, Build transit paths, Build tranist network
Thu May 30 15:05:49 2024, Build transit paths, Tranist network settings
Thu May 30 15:05:54 2024, Build transit paths, Transit assignment PF
Thu May 30 15:06:10 2024, Build transit paths, Fill stop layer with base ivtt
Thu May 30 15:06:10 2024, Build transit paths, Update transit links with correct ivtt
Thu May 30 15:06:11 2024, Build transit paths, Transit skim PF
Thu May 30 15:07:01 2024, Build transit paths, Calculate boardings in transfers field
Thu May 30 15:07:02 2024, Build transit paths, Build transit paths Loop - MD - Drive - Brt -17 of 40
Thu May 30 15:07:02 2024, Build transit paths, Build tranist network
Thu May 30 15:07:20 2024, Build transit paths, Tranist network settings
Thu May 30 15:07:25 2024, Build transit paths, Transit assignment PF
Thu May 30 15:07:41 2024, Build transit paths, Fill stop layer with base ivtt
Thu May 30 15:07:41 2024, Build transit paths, Update transit links with correct ivtt
Thu May 30 15:07:42 2024, Build transit paths, Transit skim PF
Thu May 30 15:08:32 2024, Build transit paths, Calculate boardings in transfers field
Thu May 30 15:08:32 2024, Build transit paths, Build transit paths Loop - MD - Drive - ExpBus -18 of 40
Thu May 30 15:08:32 2024, Build transit paths, Build tranist network
Thu May 30 15:08:51 2024, Build transit paths, Tranist network settings
Thu May 30 15:08:56 2024, Build transit paths, Transit assignment PF
Thu May 30 15:09:12 2024, Build transit paths, Fill stop layer with base ivtt
Thu May 30 15:09:13 2024, Build transit paths, Update transit links with correct ivtt
Thu May 30 15:09:14 2024, Build transit paths, Transit skim PF
Thu May 30 15:10:05 2024, Build transit paths, Calculate boardings in transfers field
Thu May 30 15:10:06 2024, Build transit paths, Build transit paths Loop - MD - Drive - UrbRail -19 of 40
Thu May 30 15:10:06 2024, Build transit paths, Build tranist network
Thu May 30 15:10:24 2024, Build transit paths, Tranist network settings
Thu May 30 15:10:30 2024, Build transit paths, Transit assignment PF
Thu May 30 15:10:46 2024, Build transit paths, Fill stop layer with base ivtt
Thu May 30 15:10:47 2024, Build transit paths, Update transit links with correct ivtt
Thu May 30 15:10:48 2024, Build transit paths, Transit skim PF
Thu May 30 15:11:41 2024, Build transit paths, Calculate boardings in transfers field
Thu May 30 15:11:42 2024, Build transit paths, Build transit paths Loop - MD - Drive - ComRail -20 of 40
Thu May 30 15:11:42 2024, Build transit paths, Build tranist network
Thu May 30 15:12:01 2024, Build transit paths, Tranist network settings
Thu May 30 15:12:06 2024, Build transit paths, Transit assignment PF
Thu May 30 15:12:22 2024, Build transit paths, Fill stop layer with base ivtt
Thu May 30 15:12:23 2024, Build transit paths, Update transit links with correct ivtt
Thu May 30 15:12:24 2024, Build transit paths, Transit skim PF
Thu May 30 15:13:17 2024, Build transit paths, Calculate boardings in transfers field
Thu May 30 15:13:17 2024, Build transit paths, Build transit paths Loop - PM - Walk - Local -21 of 40
Thu May 30 15:13:17 2024, Build transit paths, Build tranist network
Thu May 30 15:13:36 2024, Build transit paths, Tranist network settings
Thu May 30 15:13:38 2024, Build transit paths, Transit assignment PF
Thu May 30 15:13:54 2024, Build transit paths, Fill stop layer with base ivtt
Thu May 30 15:13:55 2024, Build transit paths, Update transit links with correct ivtt
Thu May 30 15:13:56 2024, Build transit paths, Transit skim PF
Thu May 30 15:15:17 2024, Build transit paths, Calculate boardings in transfers field
Thu May 30 15:15:17 2024, Build transit paths, Build transit paths Loop - PM - Walk - Brt -22 of 40
Thu May 30 15:15:17 2024, Build transit paths, Build tranist network
Thu May 30 15:15:36 2024, Build transit paths, Tranist network settings
Thu May 30 15:15:38 2024, Build transit paths, Transit assignment PF
Thu May 30 15:15:54 2024, Build transit paths, Fill stop layer with base ivtt
Thu May 30 15:15:54 2024, Build transit paths, Update transit links with correct ivtt
Thu May 30 15:15:55 2024, Build transit paths, Transit skim PF
Thu May 30 15:17:17 2024, Build transit paths, Calculate boardings in transfers field
Thu May 30 15:17:17 2024, Build transit paths, Build transit paths Loop - PM - Walk - ExpBus -23 of 40
Thu May 30 15:17:17 2024, Build transit paths, Build tranist network
Thu May 30 15:17:36 2024, Build transit paths, Tranist network settings
Thu May 30 15:17:38 2024, Build transit paths, Transit assignment PF
Thu May 30 15:17:56 2024, Build transit paths, Fill stop layer with base ivtt
Thu May 30 15:17:56 2024, Build transit paths, Update transit links with correct ivtt
Thu May 30 15:17:57 2024, Build transit paths, Transit skim PF
Thu May 30 15:19:21 2024, Build transit paths, Calculate boardings in transfers field
Thu May 30 15:19:22 2024, Build transit paths, Build transit paths Loop - PM - Walk - UrbRail -24 of 40
Thu May 30 15:19:22 2024, Build transit paths, Build tranist network
Thu May 30 15:19:40 2024, Build transit paths, Tranist network settings
Thu May 30 15:19:42 2024, Build transit paths, Transit assignment PF
Thu May 30 15:19:59 2024, Build transit paths, Fill stop layer with base ivtt
Thu May 30 15:19:59 2024, Build transit paths, Update transit links with correct ivtt
Thu May 30 15:20:00 2024, Build transit paths, Transit skim PF
Thu May 30 15:21:34 2024, Build transit paths, Calculate boardings in transfers field
Thu May 30 15:21:35 2024, Build transit paths, Build transit paths Loop - PM - Walk - ComRail -25 of 40
Thu May 30 15:21:35 2024, Build transit paths, Build tranist network
Thu May 30 15:21:53 2024, Build transit paths, Tranist network settings
Thu May 30 15:21:55 2024, Build transit paths, Transit assignment PF
Thu May 30 15:22:13 2024, Build transit paths, Fill stop layer with base ivtt
Thu May 30 15:22:13 2024, Build transit paths, Update transit links with correct ivtt
Thu May 30 15:22:14 2024, Build transit paths, Transit skim PF
Thu May 30 15:23:42 2024, Build transit paths, Calculate boardings in transfers field
Thu May 30 15:23:42 2024, Build transit paths, Build transit paths Loop - PM - Drive - Local -26 of 40
Thu May 30 15:23:42 2024, Build transit paths, Build tranist network
Thu May 30 15:24:00 2024, Build transit paths, Tranist network settings
Thu May 30 15:24:06 2024, Build transit paths, Transit assignment PF
Thu May 30 15:24:37 2024, Build transit paths, Fill stop layer with base ivtt
Thu May 30 15:24:37 2024, Build transit paths, Update transit links with correct ivtt
Thu May 30 15:24:38 2024, Build transit paths, Transit skim PF
Thu May 30 15:26:10 2024, Build transit paths, Calculate boardings in transfers field
Thu May 30 15:26:10 2024, Build transit paths, Build transit paths Loop - PM - Drive - Brt -27 of 40
Thu May 30 15:26:10 2024, Build transit paths, Build tranist network
Thu May 30 15:26:29 2024, Build transit paths, Tranist network settings
Thu May 30 15:26:34 2024, Build transit paths, Transit assignment PF
Thu May 30 15:27:05 2024, Build transit paths, Fill stop layer with base ivtt
Thu May 30 15:27:06 2024, Build transit paths, Update transit links with correct ivtt
Thu May 30 15:27:07 2024, Build transit paths, Transit skim PF
Thu May 30 15:28:39 2024, Build transit paths, Calculate boardings in transfers field
Thu May 30 15:28:39 2024, Build transit paths, Build transit paths Loop - PM - Drive - ExpBus -28 of 40
Thu May 30 15:28:39 2024, Build transit paths, Build tranist network
Thu May 30 15:28:58 2024, Build transit paths, Tranist network settings
Thu May 30 15:29:03 2024, Build transit paths, Transit assignment PF
Thu May 30 15:29:36 2024, Build transit paths, Fill stop layer with base ivtt
Thu May 30 15:29:37 2024, Build transit paths, Update transit links with correct ivtt
Thu May 30 15:29:38 2024, Build transit paths, Transit skim PF
Thu May 30 15:31:12 2024, Build transit paths, Calculate boardings in transfers field
Thu May 30 15:31:12 2024, Build transit paths, Build transit paths Loop - PM - Drive - UrbRail -29 of 40
Thu May 30 15:31:12 2024, Build transit paths, Build tranist network
Thu May 30 15:31:31 2024, Build transit paths, Tranist network settings
Thu May 30 15:31:36 2024, Build transit paths, Transit assignment PF
Thu May 30 15:32:09 2024, Build transit paths, Fill stop layer with base ivtt
Thu May 30 15:32:09 2024, Build transit paths, Update transit links with correct ivtt
Thu May 30 15:32:10 2024, Build transit paths, Transit skim PF
Thu May 30 15:33:44 2024, Build transit paths, Calculate boardings in transfers field
Thu May 30 15:33:44 2024, Build transit paths, Build transit paths Loop - PM - Drive - ComRail -30 of 40
Thu May 30 15:33:44 2024, Build transit paths, Build tranist network
Thu May 30 15:34:03 2024, Build transit paths, Tranist network settings
Thu May 30 15:34:09 2024, Build transit paths, Transit assignment PF
Thu May 30 15:34:42 2024, Build transit paths, Fill stop layer with base ivtt
Thu May 30 15:34:43 2024, Build transit paths, Update transit links with correct ivtt
Thu May 30 15:34:44 2024, Build transit paths, Transit skim PF
Thu May 30 15:36:19 2024, Build transit paths, Calculate boardings in transfers field
Thu May 30 15:36:20 2024, Build transit paths, Build transit paths Loop - OP - Walk - Local -31 of 40
Thu May 30 15:36:20 2024, Build transit paths, Build tranist network
Thu May 30 15:36:38 2024, Build transit paths, Tranist network settings
Thu May 30 15:36:39 2024, Build transit paths, Transit assignment PF
Thu May 30 15:36:55 2024, Build transit paths, Fill stop layer with base ivtt
Thu May 30 15:36:55 2024, Build transit paths, Update transit links with correct ivtt
Thu May 30 15:36:56 2024, Build transit paths, Transit skim PF
Thu May 30 15:38:15 2024, Build transit paths, Calculate boardings in transfers field
Thu May 30 15:38:15 2024, Build transit paths, Build transit paths Loop - OP - Walk - Brt -32 of 40
Thu May 30 15:38:15 2024, Build transit paths, Build tranist network
Thu May 30 15:38:33 2024, Build transit paths, Tranist network settings
Thu May 30 15:38:35 2024, Build transit paths, Transit assignment PF
Thu May 30 15:38:50 2024, Build transit paths, Fill stop layer with base ivtt
Thu May 30 15:38:50 2024, Build transit paths, Update transit links with correct ivtt
Thu May 30 15:38:51 2024, Build transit paths, Transit skim PF
Thu May 30 15:40:11 2024, Build transit paths, Calculate boardings in transfers field
Thu May 30 15:40:12 2024, Build transit paths, Build transit paths Loop - OP - Walk - ExpBus -33 of 40
Thu May 30 15:40:12 2024, Build transit paths, Build tranist network
Thu May 30 15:40:30 2024, Build transit paths, Tranist network settings
Thu May 30 15:40:31 2024, Build transit paths, Transit assignment PF
Thu May 30 15:40:47 2024, Build transit paths, Fill stop layer with base ivtt
Thu May 30 15:40:47 2024, Build transit paths, Update transit links with correct ivtt
Thu May 30 15:40:48 2024, Build transit paths, Transit skim PF
Thu May 30 15:42:08 2024, Build transit paths, Calculate boardings in transfers field
Thu May 30 15:42:08 2024, Build transit paths, Build transit paths Loop - OP - Walk - UrbRail -34 of 40
Thu May 30 15:42:08 2024, Build transit paths, Build tranist network
Thu May 30 15:42:26 2024, Build transit paths, Tranist network settings
Thu May 30 15:42:27 2024, Build transit paths, Transit assignment PF
Thu May 30 15:42:43 2024, Build transit paths, Fill stop layer with base ivtt
Thu May 30 15:42:43 2024, Build transit paths, Update transit links with correct ivtt
Thu May 30 15:42:44 2024, Build transit paths, Transit skim PF
Thu May 30 15:44:03 2024, Build transit paths, Calculate boardings in transfers field
Thu May 30 15:44:03 2024, Build transit paths, Build transit paths Loop - OP - Walk - ComRail -35 of 40
Thu May 30 15:44:03 2024, Build transit paths, Build tranist network
Thu May 30 15:44:22 2024, Build transit paths, Tranist network settings
Thu May 30 15:44:23 2024, Build transit paths, Transit assignment PF
Thu May 30 15:44:39 2024, Build transit paths, Fill stop layer with base ivtt
Thu May 30 15:44:39 2024, Build transit paths, Update transit links with correct ivtt
Thu May 30 15:44:40 2024, Build transit paths, Transit skim PF
Thu May 30 15:46:01 2024, Build transit paths, Calculate boardings in transfers field
Thu May 30 15:46:01 2024, Build transit paths, Build transit paths Loop - OP - Drive - Local -36 of 40
Thu May 30 15:46:01 2024, Build transit paths, Build tranist network
Thu May 30 15:46:19 2024, Build transit paths, Tranist network settings
Thu May 30 15:46:24 2024, Build transit paths, Transit assignment PF
Thu May 30 15:46:54 2024, Build transit paths, Fill stop layer with base ivtt
Thu May 30 15:46:55 2024, Build transit paths, Update transit links with correct ivtt
Thu May 30 15:46:56 2024, Build transit paths, Transit skim PF
Thu May 30 15:48:28 2024, Build transit paths, Calculate boardings in transfers field
Thu May 30 15:48:28 2024, Build transit paths, Build transit paths Loop - OP - Drive - Brt -37 of 40
Thu May 30 15:48:28 2024, Build transit paths, Build tranist network
Thu May 30 15:48:47 2024, Build transit paths, Tranist network settings
Thu May 30 15:48:52 2024, Build transit paths, Transit assignment PF
Thu May 30 15:49:22 2024, Build transit paths, Fill stop layer with base ivtt
Thu May 30 15:49:22 2024, Build transit paths, Update transit links with correct ivtt
Thu May 30 15:49:23 2024, Build transit paths, Transit skim PF
Thu May 30 15:50:55 2024, Build transit paths, Calculate boardings in transfers field
Thu May 30 15:50:56 2024, Build transit paths, Build transit paths Loop - OP - Drive - ExpBus -38 of 40
Thu May 30 15:50:56 2024, Build transit paths, Build tranist network
Thu May 30 15:51:14 2024, Build transit paths, Tranist network settings
Thu May 30 15:51:19 2024, Build transit paths, Transit assignment PF
Thu May 30 15:51:50 2024, Build transit paths, Fill stop layer with base ivtt
Thu May 30 15:51:50 2024, Build transit paths, Update transit links with correct ivtt
Thu May 30 15:51:51 2024, Build transit paths, Transit skim PF
Thu May 30 15:53:23 2024, Build transit paths, Calculate boardings in transfers field
Thu May 30 15:53:23 2024, Build transit paths, Build transit paths Loop - OP - Drive - UrbRail -39 of 40
Thu May 30 15:53:23 2024, Build transit paths, Build tranist network
Thu May 30 15:53:41 2024, Build transit paths, Tranist network settings
Thu May 30 15:53:46 2024, Build transit paths, Transit assignment PF
Thu May 30 15:54:17 2024, Build transit paths, Fill stop layer with base ivtt
Thu May 30 15:54:17 2024, Build transit paths, Update transit links with correct ivtt
Thu May 30 15:54:19 2024, Build transit paths, Transit skim PF
Thu May 30 15:55:51 2024, Build transit paths, Calculate boardings in transfers field
Thu May 30 15:55:51 2024, Build transit paths, Build transit paths Loop - OP - Drive - ComRail -40 of 40
Thu May 30 15:55:51 2024, Build transit paths, Build tranist network
Thu May 30 15:56:10 2024, Build transit paths, Tranist network settings
Thu May 30 15:56:15 2024, Build transit paths, Transit assignment PF
Thu May 30 15:56:46 2024, Build transit paths, Fill stop layer with base ivtt
Thu May 30 15:56:47 2024, Build transit paths, Update transit links with correct ivtt
Thu May 30 15:56:48 2024, Build transit paths, Transit skim PF
Thu May 30 15:58:20 2024, Build transit paths, Calculate boardings in transfers field
Thu May 30 15:58:21 2024, Process transit skims
Thu May 30 16:21:41 2024, Create percent walk for TCMS
Thu May 30 16:23:58 2024, 4 InternalTruckModel.rsc, Run Internal Truck and Commercial Vehicle Model
Thu May 30 16:23:58 2024, Aggregate LandUse
Thu May 30 16:24:18 2024, Calculate Accessibilities
Thu May 30 16:24:27 2024, Run Truck Model
Thu May 30 16:27:29 2024, Run Commercial Vehicle Model
Thu May 30 16:27:42 2024, Run Trip Length Summaries
Thu May 30 16:27:57 2024, Close All Views
Thu May 30 16:27:57 2024, 5 VisitorModel.rsc, Run Visitor Model
Thu May 30 16:27:57 2024, Prepare input data
Thu May 30 16:28:40 2024, Visitor Trip Gen
Thu May 30 16:28:46 2024, Visitor Trip Distribution
Thu May 30 16:29:02 2024, Visitor Trip Mode Choice
Thu May 30 16:29:03 2024, Visitor Trip Time of Day
Thu May 30 16:29:13 2024, 7.1 RunDaySim.rsc,   ****** Run DaySim ****** 
Thu May 30 16:29:13 2024, Set transit paramters
Thu May 30 16:43:40 2024, Runing OMX Re Export in feedback loop 1
Thu May 30 16:43:40 2024, Set transit paramters
Thu May 30 20:21:15 2024, Copy DaySim inputs in feedback loop 1
Thu May 30 20:21:16 2024, Runing DaySim for iteration 1 in feedback loop 1
Mon Jun  3 14:47:53 2024, 7.1 RunDaySim.rsc,  ******** Build DaySim Trip Matrices ******** 
Mon Jun  3 14:47:53 2024, Set transit paramters
Mon Jun  3 14:47:53 2024, Copying DaySim outputs
Mon Jun  3 14:48:21 2024, Joining trip and tour files
Mon Jun  3 14:50:51 2024, Processing trips ... , Auto
Mon Jun  3 14:50:51 2024, Processing trips for: , AM
Mon Jun  3 14:55:07 2024, Processing trips for: , MD
Mon Jun  3 14:59:14 2024, Processing trips for: , PM
Mon Jun  3 15:03:49 2024, Processing trips for: , OP
Mon Jun  3 15:05:57 2024, Processing trips ... , Transit
Mon Jun  3 15:05:57 2024, Processing trips trips for: , AM
Mon Jun  3 15:08:24 2024, Processing trips trips for: , MD
Mon Jun  3 15:09:20 2024, Processing trips trips for: , PM
Mon Jun  3 15:10:25 2024, Processing trips trips for: , OP
Mon Jun  3 15:10:59 2024, Set transit paramters
Mon Jun  3 15:11:00 2024, 8.1 HwyAssignment.rsc,   ****** Pre Assignment ****** 
Mon Jun  3 15:11:00 2024, Add visitor trips 
Mon Jun  3 15:11:01 2024, Add internal truck demand 
Mon Jun  3 15:11:01 2024, Add internal commercial vehicle demand 
Mon Jun  3 15:11:01 2024, Add external truck demand 
Mon Jun  3 15:11:06 2024, Add external auto demand 
Mon Jun  3 15:11:13 2024, Highway Assignment - Processing Matrices for , AM
Mon Jun  3 15:11:16 2024, Highway Assignment - Processing Matrices for , MD
Mon Jun  3 15:11:18 2024, Highway Assignment - Processing Matrices for , PM
Mon Jun  3 15:11:21 2024, Highway Assignment - Processing Matrices for , OP
Mon Jun  3 15:11:23 2024, Highway Assignment - Network Settings
Mon Jun  3 15:11:24 2024, Highway Assignment - Preload Assignment for AM
Mon Jun  3 15:12:17 2024, Highway Assignment - Preload Assignment for MD
Mon Jun  3 15:13:35 2024, Highway Assignment - Preload Assignment for PM
Mon Jun  3 15:14:46 2024, Highway Assignment - Preload Assignment for OP
Mon Jun  3 15:15:18 2024, Highway Assignment - General Assignment for AM
Mon Jun  3 15:23:51 2024, Highway Assignment - General Assignment for MD
Mon Jun  3 15:27:40 2024, Highway Assignment - General Assignment for PM
Mon Jun  3 15:36:00 2024, Highway Assignment - General Assignment for OP
Mon Jun  3 15:37:52 2024, 8.1 HwyAssignment.rsc,   ****** Highway Post Processor ****** 
Mon Jun  3 15:43:54 2024, 8.3 FeedbackLoop.rsc,   ****** Update Travel Times ****** 
Mon Jun  3 15:45:17 2024, 2.1 HwySkimming.rsc,   ****** Highway Skimming ****** 
Mon Jun  3 15:45:17 2024, Build highway network
Mon Jun  3 15:45:18 2024, Shortest path using length
Mon Jun  3 15:45:20 2024, Terminal time
Mon Jun  3 15:45:21 2024, Build HOV skims
Mon Jun  3 15:45:43 2024, Build SOV skims
Mon Jun  3 15:46:23 2024, Save and copy skims
Mon Jun  3 15:46:44 2024, 2.1 HwySkimming.rsc, Finished Highway Skimming
Mon Jun  3 15:46:45 2024, 2.2 TransitSkimming.rsc,   ****** Transit Skimming ****** 
Mon Jun  3 15:46:45 2024, Set transit paramters
Mon Jun  3 15:46:45 2024, Prepare inputs
Mon Jun  3 15:48:13 2024, Build drive connectors
Mon Jun  3 15:51:02 2024, Build transit paths
Mon Jun  3 15:51:02 2024, Build transit paths, Build transit paths Loop - AM - Walk - Local -1 of 40
Mon Jun  3 15:51:02 2024, Build transit paths, Build tranist network
Mon Jun  3 15:51:11 2024, Build transit paths, Tranist network settings
Mon Jun  3 15:51:12 2024, Build transit paths, Transit assignment PF
Mon Jun  3 15:51:28 2024, Build transit paths, Fill stop layer with base ivtt
Mon Jun  3 15:51:29 2024, Build transit paths, Update transit links with correct ivtt
Mon Jun  3 15:51:30 2024, Build transit paths, Transit skim PF
Mon Jun  3 15:52:48 2024, Build transit paths, Calculate boardings in transfers field
Mon Jun  3 15:52:48 2024, Build transit paths, Build transit paths Loop - AM - Walk - Brt -2 of 40
Mon Jun  3 15:52:48 2024, Build transit paths, Build tranist network
Mon Jun  3 15:52:57 2024, Build transit paths, Tranist network settings
Mon Jun  3 15:52:58 2024, Build transit paths, Transit assignment PF
Mon Jun  3 15:53:14 2024, Build transit paths, Fill stop layer with base ivtt
Mon Jun  3 15:53:14 2024, Build transit paths, Update transit links with correct ivtt
Mon Jun  3 15:53:15 2024, Build transit paths, Transit skim PF
Mon Jun  3 15:54:27 2024, Build transit paths, Calculate boardings in transfers field
Mon Jun  3 15:54:27 2024, Build transit paths, Build transit paths Loop - AM - Walk - ExpBus -3 of 40
Mon Jun  3 15:54:27 2024, Build transit paths, Build tranist network
Mon Jun  3 15:54:36 2024, Build transit paths, Tranist network settings
Mon Jun  3 15:54:37 2024, Build transit paths, Transit assignment PF
Mon Jun  3 15:54:54 2024, Build transit paths, Fill stop layer with base ivtt
Mon Jun  3 15:54:54 2024, Build transit paths, Update transit links with correct ivtt
Mon Jun  3 15:54:55 2024, Build transit paths, Transit skim PF
Mon Jun  3 15:56:09 2024, Build transit paths, Calculate boardings in transfers field
Mon Jun  3 15:56:09 2024, Build transit paths, Build transit paths Loop - AM - Walk - UrbRail -4 of 40
Mon Jun  3 15:56:09 2024, Build transit paths, Build tranist network
Mon Jun  3 15:56:18 2024, Build transit paths, Tranist network settings
Mon Jun  3 15:56:19 2024, Build transit paths, Transit assignment PF
Mon Jun  3 15:56:36 2024, Build transit paths, Fill stop layer with base ivtt
Mon Jun  3 15:56:36 2024, Build transit paths, Update transit links with correct ivtt
Mon Jun  3 15:56:37 2024, Build transit paths, Transit skim PF
Mon Jun  3 15:57:51 2024, Build transit paths, Calculate boardings in transfers field
Mon Jun  3 15:57:51 2024, Build transit paths, Build transit paths Loop - AM - Walk - ComRail -5 of 40
Mon Jun  3 15:57:51 2024, Build transit paths, Build tranist network
Mon Jun  3 15:58:00 2024, Build transit paths, Tranist network settings
Mon Jun  3 15:58:01 2024, Build transit paths, Transit assignment PF
Mon Jun  3 15:58:19 2024, Build transit paths, Fill stop layer with base ivtt
Mon Jun  3 15:58:19 2024, Build transit paths, Update transit links with correct ivtt
Mon Jun  3 15:58:20 2024, Build transit paths, Transit skim PF
Mon Jun  3 15:59:36 2024, Build transit paths, Calculate boardings in transfers field
Mon Jun  3 15:59:36 2024, Build transit paths, Build transit paths Loop - AM - Drive - Local -6 of 40
Mon Jun  3 15:59:36 2024, Build transit paths, Build tranist network
Mon Jun  3 15:59:45 2024, Build transit paths, Tranist network settings
Mon Jun  3 15:59:49 2024, Build transit paths, Transit assignment PF
Mon Jun  3 16:00:05 2024, Build transit paths, Fill stop layer with base ivtt
Mon Jun  3 16:00:05 2024, Build transit paths, Update transit links with correct ivtt
Mon Jun  3 16:00:06 2024, Build transit paths, Transit skim PF
Mon Jun  3 16:00:49 2024, Build transit paths, Calculate boardings in transfers field
Mon Jun  3 16:00:49 2024, Build transit paths, Build transit paths Loop - AM - Drive - Brt -7 of 40
Mon Jun  3 16:00:49 2024, Build transit paths, Build tranist network
Mon Jun  3 16:00:58 2024, Build transit paths, Tranist network settings
Mon Jun  3 16:01:01 2024, Build transit paths, Transit assignment PF
Mon Jun  3 16:01:17 2024, Build transit paths, Fill stop layer with base ivtt
Mon Jun  3 16:01:17 2024, Build transit paths, Update transit links with correct ivtt
Mon Jun  3 16:01:18 2024, Build transit paths, Transit skim PF
Mon Jun  3 16:02:00 2024, Build transit paths, Calculate boardings in transfers field
Mon Jun  3 16:02:00 2024, Build transit paths, Build transit paths Loop - AM - Drive - ExpBus -8 of 40
Mon Jun  3 16:02:00 2024, Build transit paths, Build tranist network
Mon Jun  3 16:02:09 2024, Build transit paths, Tranist network settings
Mon Jun  3 16:02:13 2024, Build transit paths, Transit assignment PF
Mon Jun  3 16:02:30 2024, Build transit paths, Fill stop layer with base ivtt
Mon Jun  3 16:02:30 2024, Build transit paths, Update transit links with correct ivtt
Mon Jun  3 16:02:31 2024, Build transit paths, Transit skim PF
Mon Jun  3 16:03:17 2024, Build transit paths, Calculate boardings in transfers field
Mon Jun  3 16:03:17 2024, Build transit paths, Build transit paths Loop - AM - Drive - UrbRail -9 of 40
Mon Jun  3 16:03:17 2024, Build transit paths, Build tranist network
Mon Jun  3 16:03:26 2024, Build transit paths, Tranist network settings
Mon Jun  3 16:03:30 2024, Build transit paths, Transit assignment PF
Mon Jun  3 16:03:47 2024, Build transit paths, Fill stop layer with base ivtt
Mon Jun  3 16:03:47 2024, Build transit paths, Update transit links with correct ivtt
Mon Jun  3 16:03:48 2024, Build transit paths, Transit skim PF
Mon Jun  3 16:04:34 2024, Build transit paths, Calculate boardings in transfers field
Mon Jun  3 16:04:34 2024, Build transit paths, Build transit paths Loop - AM - Drive - ComRail -10 of 40
Mon Jun  3 16:04:34 2024, Build transit paths, Build tranist network
Mon Jun  3 16:04:43 2024, Build transit paths, Tranist network settings
Mon Jun  3 16:04:47 2024, Build transit paths, Transit assignment PF
Mon Jun  3 16:05:04 2024, Build transit paths, Fill stop layer with base ivtt
Mon Jun  3 16:05:04 2024, Build transit paths, Update transit links with correct ivtt
Mon Jun  3 16:05:05 2024, Build transit paths, Transit skim PF
Mon Jun  3 16:06:12 2024, Build transit paths, Calculate boardings in transfers field
Mon Jun  3 16:06:12 2024, Build transit paths, Build transit paths Loop - MD - Walk - Local -11 of 40
Mon Jun  3 16:06:12 2024, Build transit paths, Build tranist network
Mon Jun  3 16:06:21 2024, Build transit paths, Tranist network settings
Mon Jun  3 16:06:22 2024, Build transit paths, Transit assignment PF
Mon Jun  3 16:06:38 2024, Build transit paths, Fill stop layer with base ivtt
Mon Jun  3 16:06:38 2024, Build transit paths, Update transit links with correct ivtt
Mon Jun  3 16:06:39 2024, Build transit paths, Transit skim PF
Mon Jun  3 16:07:51 2024, Build transit paths, Calculate boardings in transfers field
Mon Jun  3 16:07:51 2024, Build transit paths, Build transit paths Loop - MD - Walk - Brt -12 of 40
Mon Jun  3 16:07:51 2024, Build transit paths, Build tranist network
Mon Jun  3 16:08:00 2024, Build transit paths, Tranist network settings
Mon Jun  3 16:08:01 2024, Build transit paths, Transit assignment PF
Mon Jun  3 16:08:17 2024, Build transit paths, Fill stop layer with base ivtt
Mon Jun  3 16:08:17 2024, Build transit paths, Update transit links with correct ivtt
Mon Jun  3 16:08:18 2024, Build transit paths, Transit skim PF
Mon Jun  3 19:10:37 2024,  ******************* STARTED Nashville ABM 2019 - Version 19.1.0 ******************* 
Mon Jun  3 19:10:37 2024, 7.1 RunDaySim.rsc,   ****** Run DaySim ****** 
Mon Jun  3 19:10:37 2024, Set transit paramters
Mon Jun  3 19:24:37 2024, Runing OMX Re Export in feedback loop 1
Mon Jun  3 19:24:37 2024, Set transit paramters
Mon Jun  3 20:34:08 2024, Copy DaySim inputs in feedback loop 1
Mon Jun  3 20:34:08 2024, Runing DaySim for iteration 1 in feedback loop 1
Mon Jun  3 20:34:14 2024, 7.1 RunDaySim.rsc,  ******** Build DaySim Trip Matrices ******** 
Mon Jun  3 20:34:14 2024, Set transit paramters
Mon Jun  3 20:34:14 2024, Copying DaySim outputs
Mon Jun  3 20:34:51 2024,  ******************* STARTED Nashville ABM 2019 - Version 19.1.0 ******************* 
Mon Jun  3 20:34:51 2024, 1.1 Initialization.rsc, Initialization
Mon Jun  3 20:40:06 2024, 1.1 Initialization.rsc, Area Type
Mon Jun  3 20:50:06 2024, 1.1 Initialization.rsc, Capacity and FF Speed
Mon Jun  3 21:18:45 2024, 2.1 HwySkimming.rsc,   ****** Highway Skimming ****** 
Mon Jun  3 21:18:45 2024, Build highway network
Mon Jun  3 21:18:53 2024, Shortest path using length
Mon Jun  3 21:18:54 2024, Terminal time
Mon Jun  3 21:18:57 2024, Build HOV skims
Mon Jun  3 21:19:42 2024, Build SOV skims
Mon Jun  3 21:20:40 2024, Save and copy skims
Mon Jun  3 21:20:51 2024, 2.1 HwySkimming.rsc, Finished Highway Skimming
Mon Jun  3 21:20:51 2024, 2.2 TransitSkimming.rsc,   ****** Transit Skimming ****** 
Mon Jun  3 21:20:51 2024, Set transit paramters
Mon Jun  3 21:20:51 2024, Prepare inputs
Mon Jun  3 21:22:48 2024, Build drive connectors
Mon Jun  3 21:26:43 2024, Build transit paths
Mon Jun  3 21:26:43 2024, Build transit paths, Build transit paths Loop - AM - Walk - Local -1 of 40
Mon Jun  3 21:26:43 2024, Build transit paths, Build tranist network
Mon Jun  3 21:27:02 2024, Build transit paths, Tranist network settings
Mon Jun  3 21:27:04 2024, Build transit paths, Transit assignment PF
Mon Jun  3 21:27:20 2024, Build transit paths, Fill stop layer with base ivtt
Mon Jun  3 21:27:21 2024, Build transit paths, Update transit links with correct ivtt
Mon Jun  3 21:27:22 2024, Build transit paths, Transit skim PF
Mon Jun  3 21:28:48 2024, Build transit paths, Calculate boardings in transfers field
Mon Jun  3 21:28:48 2024, Build transit paths, Build transit paths Loop - AM - Walk - Brt -2 of 40
Mon Jun  3 21:28:48 2024, Build transit paths, Build tranist network
Mon Jun  3 21:29:08 2024, Build transit paths, Tranist network settings
Mon Jun  3 21:29:09 2024, Build transit paths, Transit assignment PF
Mon Jun  3 21:29:26 2024, Build transit paths, Fill stop layer with base ivtt
Mon Jun  3 21:29:26 2024, Build transit paths, Update transit links with correct ivtt
Mon Jun  3 21:29:27 2024, Build transit paths, Transit skim PF
Mon Jun  3 21:30:49 2024, Build transit paths, Calculate boardings in transfers field
Mon Jun  3 21:30:50 2024, Build transit paths, Build transit paths Loop - AM - Walk - ExpBus -3 of 40
Mon Jun  3 21:30:50 2024, Build transit paths, Build tranist network
Mon Jun  3 21:31:10 2024, Build transit paths, Tranist network settings
Mon Jun  3 21:31:11 2024, Build transit paths, Transit assignment PF
Mon Jun  3 21:31:28 2024, Build transit paths, Fill stop layer with base ivtt
Mon Jun  3 21:31:29 2024, Build transit paths, Update transit links with correct ivtt
Mon Jun  3 21:31:30 2024, Build transit paths, Transit skim PF
Mon Jun  3 21:32:54 2024, Build transit paths, Calculate boardings in transfers field
Mon Jun  3 21:32:54 2024, Build transit paths, Build transit paths Loop - AM - Walk - UrbRail -4 of 40
Mon Jun  3 21:32:54 2024, Build transit paths, Build tranist network
Mon Jun  3 21:33:14 2024, Build transit paths, Tranist network settings
Mon Jun  3 21:33:15 2024, Build transit paths, Transit assignment PF
Mon Jun  3 21:33:32 2024, Build transit paths, Fill stop layer with base ivtt
Mon Jun  3 21:33:33 2024, Build transit paths, Update transit links with correct ivtt
Mon Jun  3 21:33:34 2024, Build transit paths, Transit skim PF
Mon Jun  3 21:34:59 2024, Build transit paths, Calculate boardings in transfers field
Mon Jun  3 21:35:00 2024, Build transit paths, Build transit paths Loop - AM - Walk - ComRail -5 of 40
Mon Jun  3 21:35:00 2024, Build transit paths, Build tranist network
Mon Jun  3 21:35:19 2024, Build transit paths, Tranist network settings
Mon Jun  3 21:35:21 2024, Build transit paths, Transit assignment PF
Mon Jun  3 21:35:39 2024, Build transit paths, Fill stop layer with base ivtt
Mon Jun  3 21:35:40 2024, Build transit paths, Update transit links with correct ivtt
Mon Jun  3 21:35:41 2024, Build transit paths, Transit skim PF
Mon Jun  3 21:37:07 2024, Build transit paths, Calculate boardings in transfers field
Mon Jun  3 21:37:07 2024, Build transit paths, Build transit paths Loop - AM - Drive - Local -6 of 40
Mon Jun  3 21:37:07 2024, Build transit paths, Build tranist network
Mon Jun  3 21:37:26 2024, Build transit paths, Tranist network settings
Mon Jun  3 21:37:31 2024, Build transit paths, Transit assignment PF
Mon Jun  3 21:37:48 2024, Build transit paths, Fill stop layer with base ivtt
Mon Jun  3 21:37:48 2024, Build transit paths, Update transit links with correct ivtt
Mon Jun  3 21:37:49 2024, Build transit paths, Transit skim PF
Mon Jun  3 21:38:39 2024, Build transit paths, Calculate boardings in transfers field
Mon Jun  3 21:38:40 2024, Build transit paths, Build transit paths Loop - AM - Drive - Brt -7 of 40
Mon Jun  3 21:38:40 2024, Build transit paths, Build tranist network
Mon Jun  3 21:38:59 2024, Build transit paths, Tranist network settings
Mon Jun  3 21:39:04 2024, Build transit paths, Transit assignment PF
Mon Jun  3 21:39:21 2024, Build transit paths, Fill stop layer with base ivtt
Mon Jun  3 21:39:21 2024, Build transit paths, Update transit links with correct ivtt
Mon Jun  3 21:39:22 2024, Build transit paths, Transit skim PF
Mon Jun  3 21:40:16 2024, Build transit paths, Calculate boardings in transfers field
Mon Jun  3 21:40:16 2024, Build transit paths, Build transit paths Loop - AM - Drive - ExpBus -8 of 40
Mon Jun  3 21:40:16 2024, Build transit paths, Build tranist network
Mon Jun  3 21:40:36 2024, Build transit paths, Tranist network settings
Mon Jun  3 21:40:41 2024, Build transit paths, Transit assignment PF
Mon Jun  3 21:40:59 2024, Build transit paths, Fill stop layer with base ivtt
Mon Jun  3 21:40:59 2024, Build transit paths, Update transit links with correct ivtt
Mon Jun  3 21:41:00 2024, Build transit paths, Transit skim PF
Mon Jun  3 21:41:54 2024, Build transit paths, Calculate boardings in transfers field
Mon Jun  3 21:41:54 2024, Build transit paths, Build transit paths Loop - AM - Drive - UrbRail -9 of 40
Mon Jun  3 21:41:54 2024, Build transit paths, Build tranist network
Mon Jun  3 21:42:14 2024, Build transit paths, Tranist network settings
Mon Jun  3 21:42:19 2024, Build transit paths, Transit assignment PF
Mon Jun  3 21:42:37 2024, Build transit paths, Fill stop layer with base ivtt
Mon Jun  3 21:42:37 2024, Build transit paths, Update transit links with correct ivtt
Mon Jun  3 21:42:38 2024, Build transit paths, Transit skim PF
Mon Jun  3 21:43:33 2024, Build transit paths, Calculate boardings in transfers field
Mon Jun  3 21:43:34 2024, Build transit paths, Build transit paths Loop - AM - Drive - ComRail -10 of 40
Mon Jun  3 21:43:34 2024, Build transit paths, Build tranist network
Mon Jun  3 21:43:53 2024, Build transit paths, Tranist network settings
Mon Jun  3 21:43:59 2024, Build transit paths, Transit assignment PF
Mon Jun  3 21:44:17 2024, Build transit paths, Fill stop layer with base ivtt
Mon Jun  3 21:44:17 2024, Build transit paths, Update transit links with correct ivtt
Mon Jun  3 21:44:18 2024, Build transit paths, Transit skim PF
Mon Jun  3 21:45:13 2024, Build transit paths, Calculate boardings in transfers field
Mon Jun  3 21:45:14 2024, Build transit paths, Build transit paths Loop - MD - Walk - Local -11 of 40
Mon Jun  3 21:45:14 2024, Build transit paths, Build tranist network
Mon Jun  3 21:45:33 2024, Build transit paths, Tranist network settings
Mon Jun  3 21:45:34 2024, Build transit paths, Transit assignment PF
Mon Jun  3 21:45:51 2024, Build transit paths, Fill stop layer with base ivtt
Mon Jun  3 21:45:51 2024, Build transit paths, Update transit links with correct ivtt
Mon Jun  3 21:45:52 2024, Build transit paths, Transit skim PF
Mon Jun  3 21:47:14 2024, Build transit paths, Calculate boardings in transfers field
Mon Jun  3 21:47:15 2024, Build transit paths, Build transit paths Loop - MD - Walk - Brt -12 of 40
Mon Jun  3 21:47:15 2024, Build transit paths, Build tranist network
Mon Jun  3 21:47:34 2024, Build transit paths, Tranist network settings
Mon Jun  3 21:47:35 2024, Build transit paths, Transit assignment PF
Mon Jun  3 21:47:52 2024, Build transit paths, Fill stop layer with base ivtt
Mon Jun  3 21:47:52 2024, Build transit paths, Update transit links with correct ivtt
Mon Jun  3 21:47:53 2024, Build transit paths, Transit skim PF
Mon Jun  3 21:49:16 2024, Build transit paths, Calculate boardings in transfers field
Mon Jun  3 21:49:16 2024, Build transit paths, Build transit paths Loop - MD - Walk - ExpBus -13 of 40
Mon Jun  3 21:49:16 2024, Build transit paths, Build tranist network
Mon Jun  3 21:49:35 2024, Build transit paths, Tranist network settings
Mon Jun  3 21:49:37 2024, Build transit paths, Transit assignment PF
Mon Jun  3 21:49:54 2024, Build transit paths, Fill stop layer with base ivtt
Mon Jun  3 21:49:54 2024, Build transit paths, Update transit links with correct ivtt
Mon Jun  3 21:49:55 2024, Build transit paths, Transit skim PF
Mon Jun  3 21:51:18 2024, Build transit paths, Calculate boardings in transfers field
Mon Jun  3 21:51:18 2024, Build transit paths, Build transit paths Loop - MD - Walk - UrbRail -14 of 40
Mon Jun  3 21:51:18 2024, Build transit paths, Build tranist network
Mon Jun  3 21:51:38 2024, Build transit paths, Tranist network settings
Mon Jun  3 21:51:39 2024, Build transit paths, Transit assignment PF
Mon Jun  3 21:51:56 2024, Build transit paths, Fill stop layer with base ivtt
Mon Jun  3 21:51:57 2024, Build transit paths, Update transit links with correct ivtt
Mon Jun  3 21:51:58 2024, Build transit paths, Transit skim PF
Mon Jun  3 21:53:21 2024, Build transit paths, Calculate boardings in transfers field
Mon Jun  3 21:53:22 2024, Build transit paths, Build transit paths Loop - MD - Walk - ComRail -15 of 40
Mon Jun  3 21:53:22 2024, Build transit paths, Build tranist network
Mon Jun  3 21:53:41 2024, Build transit paths, Tranist network settings
Mon Jun  3 21:53:43 2024, Build transit paths, Transit assignment PF
Mon Jun  3 21:54:01 2024, Build transit paths, Fill stop layer with base ivtt
Mon Jun  3 21:54:02 2024, Build transit paths, Update transit links with correct ivtt
Mon Jun  3 21:54:03 2024, Build transit paths, Transit skim PF
Mon Jun  3 21:55:44 2024, Build transit paths, Calculate boardings in transfers field
Mon Jun  3 21:55:44 2024, Build transit paths, Build transit paths Loop - MD - Drive - Local -16 of 40
Mon Jun  3 21:55:44 2024, Build transit paths, Build tranist network
Mon Jun  3 21:56:03 2024, Build transit paths, Tranist network settings
Mon Jun  3 21:56:09 2024, Build transit paths, Transit assignment PF
Mon Jun  3 21:56:27 2024, Build transit paths, Fill stop layer with base ivtt
Mon Jun  3 21:56:28 2024, Build transit paths, Update transit links with correct ivtt
Mon Jun  3 21:56:29 2024, Build transit paths, Transit skim PF
Mon Jun  3 21:57:30 2024, Build transit paths, Calculate boardings in transfers field
Mon Jun  3 21:57:30 2024, Build transit paths, Build transit paths Loop - MD - Drive - Brt -17 of 40
Mon Jun  3 21:57:30 2024, Build transit paths, Build tranist network
Mon Jun  3 21:57:49 2024, Build transit paths, Tranist network settings
Mon Jun  3 21:57:55 2024, Build transit paths, Transit assignment PF
Mon Jun  3 21:58:11 2024, Build transit paths, Fill stop layer with base ivtt
Mon Jun  3 21:58:12 2024, Build transit paths, Update transit links with correct ivtt
Mon Jun  3 21:58:13 2024, Build transit paths, Transit skim PF
Mon Jun  3 21:59:04 2024, Build transit paths, Calculate boardings in transfers field
Mon Jun  3 21:59:05 2024, Build transit paths, Build transit paths Loop - MD - Drive - ExpBus -18 of 40
Mon Jun  3 21:59:05 2024, Build transit paths, Build tranist network
Mon Jun  3 21:59:24 2024, Build transit paths, Tranist network settings
Mon Jun  3 21:59:29 2024, Build transit paths, Transit assignment PF
Mon Jun  3 21:59:46 2024, Build transit paths, Fill stop layer with base ivtt
Mon Jun  3 21:59:47 2024, Build transit paths, Update transit links with correct ivtt
Mon Jun  3 21:59:48 2024, Build transit paths, Transit skim PF
Mon Jun  3 22:00:40 2024, Build transit paths, Calculate boardings in transfers field
Mon Jun  3 22:00:41 2024, Build transit paths, Build transit paths Loop - MD - Drive - UrbRail -19 of 40
Mon Jun  3 22:00:41 2024, Build transit paths, Build tranist network
Mon Jun  3 22:01:01 2024, Build transit paths, Tranist network settings
Mon Jun  3 22:01:06 2024, Build transit paths, Transit assignment PF
Mon Jun  3 22:01:23 2024, Build transit paths, Fill stop layer with base ivtt
Mon Jun  3 22:01:23 2024, Build transit paths, Update transit links with correct ivtt
Mon Jun  3 22:01:24 2024, Build transit paths, Transit skim PF
Mon Jun  3 22:02:18 2024, Build transit paths, Calculate boardings in transfers field
Mon Jun  3 22:02:18 2024, Build transit paths, Build transit paths Loop - MD - Drive - ComRail -20 of 40
Mon Jun  3 22:02:18 2024, Build transit paths, Build tranist network
Mon Jun  3 22:02:38 2024, Build transit paths, Tranist network settings
Mon Jun  3 22:02:43 2024, Build transit paths, Transit assignment PF
Mon Jun  3 22:03:00 2024, Build transit paths, Fill stop layer with base ivtt
Mon Jun  3 22:03:01 2024, Build transit paths, Update transit links with correct ivtt
Mon Jun  3 22:03:02 2024, Build transit paths, Transit skim PF
Mon Jun  3 22:03:58 2024, Build transit paths, Calculate boardings in transfers field
Mon Jun  3 22:03:59 2024, Build transit paths, Build transit paths Loop - PM - Walk - Local -21 of 40
Mon Jun  3 22:03:59 2024, Build transit paths, Build tranist network
Mon Jun  3 22:04:18 2024, Build transit paths, Tranist network settings
Mon Jun  3 22:04:20 2024, Build transit paths, Transit assignment PF
Mon Jun  3 22:04:37 2024, Build transit paths, Fill stop layer with base ivtt
Mon Jun  3 22:04:37 2024, Build transit paths, Update transit links with correct ivtt
Mon Jun  3 22:04:38 2024, Build transit paths, Transit skim PF
Mon Jun  3 22:06:01 2024, Build transit paths, Calculate boardings in transfers field
Mon Jun  3 22:06:02 2024, Build transit paths, Build transit paths Loop - PM - Walk - Brt -22 of 40
Mon Jun  3 22:06:02 2024, Build transit paths, Build tranist network
Mon Jun  3 22:06:21 2024, Build transit paths, Tranist network settings
Mon Jun  3 22:06:22 2024, Build transit paths, Transit assignment PF
Mon Jun  3 22:06:39 2024, Build transit paths, Fill stop layer with base ivtt
Mon Jun  3 22:06:40 2024, Build transit paths, Update transit links with correct ivtt
Mon Jun  3 22:06:41 2024, Build transit paths, Transit skim PF
Mon Jun  3 22:08:04 2024, Build transit paths, Calculate boardings in transfers field
Mon Jun  3 22:08:04 2024, Build transit paths, Build transit paths Loop - PM - Walk - ExpBus -23 of 40
Mon Jun  3 22:08:04 2024, Build transit paths, Build tranist network
Mon Jun  3 22:08:24 2024, Build transit paths, Tranist network settings
Mon Jun  3 22:08:25 2024, Build transit paths, Transit assignment PF
Mon Jun  3 22:08:43 2024, Build transit paths, Fill stop layer with base ivtt
Mon Jun  3 22:08:43 2024, Build transit paths, Update transit links with correct ivtt
Mon Jun  3 22:08:44 2024, Build transit paths, Transit skim PF
Mon Jun  3 22:10:11 2024, Build transit paths, Calculate boardings in transfers field
Mon Jun  3 22:10:11 2024, Build transit paths, Build transit paths Loop - PM - Walk - UrbRail -24 of 40
Mon Jun  3 22:10:11 2024, Build transit paths, Build tranist network
Mon Jun  3 22:10:31 2024, Build transit paths, Tranist network settings
Mon Jun  3 22:10:32 2024, Build transit paths, Transit assignment PF
Mon Jun  3 22:10:50 2024, Build transit paths, Fill stop layer with base ivtt
Mon Jun  3 22:10:50 2024, Build transit paths, Update transit links with correct ivtt
Mon Jun  3 22:10:51 2024, Build transit paths, Transit skim PF
Mon Jun  3 22:12:17 2024, Build transit paths, Calculate boardings in transfers field
Mon Jun  3 22:12:18 2024, Build transit paths, Build transit paths Loop - PM - Walk - ComRail -25 of 40
Mon Jun  3 22:12:18 2024, Build transit paths, Build tranist network
Mon Jun  3 22:12:37 2024, Build transit paths, Tranist network settings
Mon Jun  3 22:12:39 2024, Build transit paths, Transit assignment PF
Mon Jun  3 22:12:58 2024, Build transit paths, Fill stop layer with base ivtt
Mon Jun  3 22:12:58 2024, Build transit paths, Update transit links with correct ivtt
Mon Jun  3 22:12:59 2024, Build transit paths, Transit skim PF
Mon Jun  3 22:14:27 2024, Build transit paths, Calculate boardings in transfers field
Mon Jun  3 22:14:28 2024, Build transit paths, Build transit paths Loop - PM - Drive - Local -26 of 40
Mon Jun  3 22:14:28 2024, Build transit paths, Build tranist network
Mon Jun  3 22:14:47 2024, Build transit paths, Tranist network settings
Mon Jun  3 22:14:52 2024, Build transit paths, Transit assignment PF
Mon Jun  3 22:15:24 2024, Build transit paths, Fill stop layer with base ivtt
Mon Jun  3 22:15:25 2024, Build transit paths, Update transit links with correct ivtt
Mon Jun  3 22:15:26 2024, Build transit paths, Transit skim PF
Mon Jun  3 22:17:00 2024, Build transit paths, Calculate boardings in transfers field
Mon Jun  3 22:17:01 2024, Build transit paths, Build transit paths Loop - PM - Drive - Brt -27 of 40
Mon Jun  3 22:17:01 2024, Build transit paths, Build tranist network
Mon Jun  3 22:17:20 2024, Build transit paths, Tranist network settings
Mon Jun  3 22:17:25 2024, Build transit paths, Transit assignment PF
Mon Jun  3 22:17:58 2024, Build transit paths, Fill stop layer with base ivtt
Mon Jun  3 22:17:58 2024, Build transit paths, Update transit links with correct ivtt
Mon Jun  3 22:17:59 2024, Build transit paths, Transit skim PF
Mon Jun  3 22:19:33 2024, Build transit paths, Calculate boardings in transfers field
Mon Jun  3 22:19:33 2024, Build transit paths, Build transit paths Loop - PM - Drive - ExpBus -28 of 40
Mon Jun  3 22:19:33 2024, Build transit paths, Build tranist network
Mon Jun  3 22:19:53 2024, Build transit paths, Tranist network settings
Mon Jun  3 22:19:58 2024, Build transit paths, Transit assignment PF
Mon Jun  3 22:20:32 2024, Build transit paths, Fill stop layer with base ivtt
Mon Jun  3 22:20:32 2024, Build transit paths, Update transit links with correct ivtt
Mon Jun  3 22:20:33 2024, Build transit paths, Transit skim PF
Mon Jun  3 22:22:10 2024, Build transit paths, Calculate boardings in transfers field
Mon Jun  3 22:22:10 2024, Build transit paths, Build transit paths Loop - PM - Drive - UrbRail -29 of 40
Mon Jun  3 22:22:10 2024, Build transit paths, Build tranist network
Mon Jun  3 22:22:29 2024, Build transit paths, Tranist network settings
Mon Jun  3 22:22:35 2024, Build transit paths, Transit assignment PF
Mon Jun  3 22:23:09 2024, Build transit paths, Fill stop layer with base ivtt
Mon Jun  3 22:23:09 2024, Build transit paths, Update transit links with correct ivtt
Mon Jun  3 22:23:10 2024, Build transit paths, Transit skim PF
Mon Jun  3 22:24:46 2024, Build transit paths, Calculate boardings in transfers field
Mon Jun  3 22:24:47 2024, Build transit paths, Build transit paths Loop - PM - Drive - ComRail -30 of 40
Mon Jun  3 22:24:47 2024, Build transit paths, Build tranist network
Mon Jun  3 22:25:06 2024, Build transit paths, Tranist network settings
Mon Jun  3 22:25:12 2024, Build transit paths, Transit assignment PF
Mon Jun  3 22:25:46 2024, Build transit paths, Fill stop layer with base ivtt
Mon Jun  3 22:25:47 2024, Build transit paths, Update transit links with correct ivtt
Mon Jun  3 22:25:48 2024, Build transit paths, Transit skim PF
Mon Jun  3 22:27:26 2024, Build transit paths, Calculate boardings in transfers field
Mon Jun  3 22:27:26 2024, Build transit paths, Build transit paths Loop - OP - Walk - Local -31 of 40
Mon Jun  3 22:27:26 2024, Build transit paths, Build tranist network
Mon Jun  3 22:27:45 2024, Build transit paths, Tranist network settings
Mon Jun  3 22:27:46 2024, Build transit paths, Transit assignment PF
Mon Jun  3 22:28:02 2024, Build transit paths, Fill stop layer with base ivtt
Mon Jun  3 22:28:02 2024, Build transit paths, Update transit links with correct ivtt
Mon Jun  3 22:28:03 2024, Build transit paths, Transit skim PF
Mon Jun  3 22:29:23 2024, Build transit paths, Calculate boardings in transfers field
Mon Jun  3 22:29:24 2024, Build transit paths, Build transit paths Loop - OP - Walk - Brt -32 of 40
Mon Jun  3 22:29:24 2024, Build transit paths, Build tranist network
Mon Jun  3 22:29:43 2024, Build transit paths, Tranist network settings
Mon Jun  3 22:29:44 2024, Build transit paths, Transit assignment PF
Mon Jun  3 22:30:00 2024, Build transit paths, Fill stop layer with base ivtt
Mon Jun  3 22:30:00 2024, Build transit paths, Update transit links with correct ivtt
Mon Jun  3 22:30:01 2024, Build transit paths, Transit skim PF
Mon Jun  3 22:31:21 2024, Build transit paths, Calculate boardings in transfers field
Mon Jun  3 22:31:22 2024, Build transit paths, Build transit paths Loop - OP - Walk - ExpBus -33 of 40
Mon Jun  3 22:31:22 2024, Build transit paths, Build tranist network
Mon Jun  3 22:31:41 2024, Build transit paths, Tranist network settings
Mon Jun  3 22:31:42 2024, Build transit paths, Transit assignment PF
Mon Jun  3 22:31:58 2024, Build transit paths, Fill stop layer with base ivtt
Mon Jun  3 22:31:58 2024, Build transit paths, Update transit links with correct ivtt
Mon Jun  3 22:32:00 2024, Build transit paths, Transit skim PF
Mon Jun  3 22:33:20 2024, Build transit paths, Calculate boardings in transfers field
Mon Jun  3 22:33:21 2024, Build transit paths, Build transit paths Loop - OP - Walk - UrbRail -34 of 40
Mon Jun  3 22:33:21 2024, Build transit paths, Build tranist network
Mon Jun  3 22:33:40 2024, Build transit paths, Tranist network settings
Mon Jun  3 22:33:41 2024, Build transit paths, Transit assignment PF
Mon Jun  3 22:33:57 2024, Build transit paths, Fill stop layer with base ivtt
Mon Jun  3 22:33:58 2024, Build transit paths, Update transit links with correct ivtt
Mon Jun  3 22:33:59 2024, Build transit paths, Transit skim PF
Mon Jun  3 22:35:21 2024, Build transit paths, Calculate boardings in transfers field
Mon Jun  3 22:35:22 2024, Build transit paths, Build transit paths Loop - OP - Walk - ComRail -35 of 40
Mon Jun  3 22:35:22 2024, Build transit paths, Build tranist network
Mon Jun  3 22:35:40 2024, Build transit paths, Tranist network settings
Mon Jun  3 22:35:42 2024, Build transit paths, Transit assignment PF
Mon Jun  3 22:35:58 2024, Build transit paths, Fill stop layer with base ivtt
Mon Jun  3 22:35:59 2024, Build transit paths, Update transit links with correct ivtt
Mon Jun  3 22:36:00 2024, Build transit paths, Transit skim PF
Mon Jun  3 22:37:21 2024, Build transit paths, Calculate boardings in transfers field
Mon Jun  3 22:37:21 2024, Build transit paths, Build transit paths Loop - OP - Drive - Local -36 of 40
Mon Jun  3 22:37:21 2024, Build transit paths, Build tranist network
Mon Jun  3 22:37:40 2024, Build transit paths, Tranist network settings
Mon Jun  3 22:37:45 2024, Build transit paths, Transit assignment PF
Mon Jun  3 22:38:16 2024, Build transit paths, Fill stop layer with base ivtt
Mon Jun  3 22:38:17 2024, Build transit paths, Update transit links with correct ivtt
Mon Jun  3 22:38:18 2024, Build transit paths, Transit skim PF
Mon Jun  3 22:39:52 2024, Build transit paths, Calculate boardings in transfers field
Mon Jun  3 22:39:52 2024, Build transit paths, Build transit paths Loop - OP - Drive - Brt -37 of 40
Mon Jun  3 22:39:52 2024, Build transit paths, Build tranist network
Mon Jun  3 22:40:11 2024, Build transit paths, Tranist network settings
Mon Jun  3 22:40:16 2024, Build transit paths, Transit assignment PF
Mon Jun  3 22:40:48 2024, Build transit paths, Fill stop layer with base ivtt
Mon Jun  3 22:40:48 2024, Build transit paths, Update transit links with correct ivtt
Mon Jun  3 22:40:49 2024, Build transit paths, Transit skim PF
Mon Jun  3 22:42:24 2024, Build transit paths, Calculate boardings in transfers field
Mon Jun  3 22:42:24 2024, Build transit paths, Build transit paths Loop - OP - Drive - ExpBus -38 of 40
Mon Jun  3 22:42:24 2024, Build transit paths, Build tranist network
Mon Jun  3 22:42:43 2024, Build transit paths, Tranist network settings
Mon Jun  3 22:42:48 2024, Build transit paths, Transit assignment PF
Mon Jun  3 22:43:20 2024, Build transit paths, Fill stop layer with base ivtt
Mon Jun  3 22:43:20 2024, Build transit paths, Update transit links with correct ivtt
Mon Jun  3 22:43:21 2024, Build transit paths, Transit skim PF
Mon Jun  3 22:44:57 2024, Build transit paths, Calculate boardings in transfers field
Mon Jun  3 22:44:57 2024, Build transit paths, Build transit paths Loop - OP - Drive - UrbRail -39 of 40
Mon Jun  3 22:44:57 2024, Build transit paths, Build tranist network
Mon Jun  3 22:45:16 2024, Build transit paths, Tranist network settings
Mon Jun  3 22:45:21 2024, Build transit paths, Transit assignment PF
Mon Jun  3 22:45:53 2024, Build transit paths, Fill stop layer with base ivtt
Mon Jun  3 22:45:53 2024, Build transit paths, Update transit links with correct ivtt
Mon Jun  3 22:45:54 2024, Build transit paths, Transit skim PF
Mon Jun  3 22:47:28 2024, Build transit paths, Calculate boardings in transfers field
Mon Jun  3 22:47:29 2024, Build transit paths, Build transit paths Loop - OP - Drive - ComRail -40 of 40
Mon Jun  3 22:47:29 2024, Build transit paths, Build tranist network
Mon Jun  3 22:47:48 2024, Build transit paths, Tranist network settings
Mon Jun  3 22:47:53 2024, Build transit paths, Transit assignment PF
Mon Jun  3 22:48:25 2024, Build transit paths, Fill stop layer with base ivtt
Mon Jun  3 22:48:25 2024, Build transit paths, Update transit links with correct ivtt
Mon Jun  3 22:48:27 2024, Build transit paths, Transit skim PF
Mon Jun  3 22:50:02 2024, Build transit paths, Calculate boardings in transfers field
Mon Jun  3 22:50:02 2024, Process transit skims
Mon Jun  3 23:13:49 2024, Create percent walk for TCMS
Mon Jun  3 23:16:19 2024, 4 InternalTruckModel.rsc, Run Internal Truck and Commercial Vehicle Model
Mon Jun  3 23:16:19 2024, Aggregate LandUse
Mon Jun  3 23:16:40 2024, Calculate Accessibilities
Mon Jun  3 23:16:49 2024, Run Truck Model
Mon Jun  3 23:18:22 2024, Run Commercial Vehicle Model
Mon Jun  3 23:18:32 2024, Run Trip Length Summaries
Mon Jun  3 23:18:48 2024, Close All Views
Mon Jun  3 23:18:48 2024, 5 VisitorModel.rsc, Run Visitor Model
Mon Jun  3 23:18:48 2024, Prepare input data
Mon Jun  3 23:19:32 2024, Visitor Trip Gen
Mon Jun  3 23:19:38 2024, Visitor Trip Distribution
Mon Jun  3 23:19:50 2024, Visitor Trip Mode Choice
Mon Jun  3 23:19:52 2024, Visitor Trip Time of Day
Mon Jun  3 23:20:02 2024, 7.1 RunDaySim.rsc,   ****** Run DaySim ****** 
Mon Jun  3 23:20:02 2024, Set transit paramters
Mon Jun  3 23:34:30 2024, Runing OMX Re Export in feedback loop 1
Mon Jun  3 23:34:30 2024, Set transit paramters
Tue Jun  4 03:17:55 2024, Copy DaySim inputs in feedback loop 1
Tue Jun  4 03:17:55 2024, Runing DaySim for iteration 1 in feedback loop 1
Tue Jun  4 06:53:56 2024, 7.1 RunDaySim.rsc,  ******** Build DaySim Trip Matrices ******** 
Tue Jun  4 06:53:56 2024, Set transit paramters
Tue Jun  4 06:53:56 2024, Copying DaySim outputs
Tue Jun  4 06:54:08 2024, Joining trip and tour files
Tue Jun  4 06:56:31 2024, Processing trips ... , Auto
Tue Jun  4 06:56:31 2024, Processing trips for: , AM
Tue Jun  4 07:06:00 2024, Processing trips for: , MD
Tue Jun  4 07:15:29 2024, Processing trips for: , PM
Tue Jun  4 07:26:42 2024, Processing trips for: , OP
Tue Jun  4 07:31:24 2024, Processing trips ... , Transit
Tue Jun  4 07:31:24 2024, Processing trips trips for: , AM
Tue Jun  4 07:36:43 2024, Processing trips trips for: , MD
Tue Jun  4 07:38:30 2024, Processing trips trips for: , PM
Tue Jun  4 07:40:39 2024, Processing trips trips for: , OP
Tue Jun  4 07:41:43 2024, Set transit paramters
Tue Jun  4 07:41:45 2024, 8.1 HwyAssignment.rsc,   ****** Pre Assignment ****** 
Tue Jun  4 07:41:45 2024, Add visitor trips 
Tue Jun  4 07:41:48 2024, Add internal truck demand 
Tue Jun  4 07:41:49 2024, Add internal commercial vehicle demand 
Tue Jun  4 07:41:49 2024, Add external truck demand 
Tue Jun  4 07:42:01 2024, Add external auto demand 
Tue Jun  4 07:42:06 2024, Highway Assignment - Processing Matrices for , AM
Tue Jun  4 07:42:12 2024, Highway Assignment - Processing Matrices for , MD
Tue Jun  4 07:42:24 2024, Highway Assignment - Processing Matrices for , PM
Tue Jun  4 07:42:32 2024, Highway Assignment - Processing Matrices for , OP
Tue Jun  4 07:42:43 2024, Highway Assignment - Network Settings
Tue Jun  4 07:42:53 2024, Highway Assignment - Preload Assignment for AM
Tue Jun  4 07:43:42 2024, Highway Assignment - Preload Assignment for MD
Tue Jun  4 07:45:12 2024, Highway Assignment - Preload Assignment for PM
Tue Jun  4 07:47:19 2024, Highway Assignment - Preload Assignment for OP
Tue Jun  4 07:48:27 2024, Highway Assignment - General Assignment for AM
Tue Jun  4 08:02:32 2024, Highway Assignment - General Assignment for MD
Tue Jun  4 08:08:44 2024, Highway Assignment - General Assignment for PM
Tue Jun  4 08:22:32 2024, Highway Assignment - General Assignment for OP
Tue Jun  4 08:25:25 2024, 8.1 HwyAssignment.rsc,   ****** Highway Post Processor ****** 
Tue Jun  4 08:37:29 2024, 8.3 FeedbackLoop.rsc,   ****** Update Travel Times ****** 
Tue Jun  4 08:39:14 2024, 2.1 HwySkimming.rsc,   ****** Highway Skimming ****** 
Tue Jun  4 08:39:14 2024, Build highway network
Tue Jun  4 08:39:14 2024, Shortest path using length
Tue Jun  4 08:39:17 2024, Terminal time
Tue Jun  4 08:39:20 2024, Build HOV skims
Tue Jun  4 08:40:05 2024, Build SOV skims
Tue Jun  4 08:41:25 2024, Save and copy skims
Tue Jun  4 08:41:41 2024, 2.1 HwySkimming.rsc, Finished Highway Skimming
Tue Jun  4 08:41:41 2024, 2.2 TransitSkimming.rsc,   ****** Transit Skimming ****** 
Tue Jun  4 08:41:41 2024, Set transit paramters
Tue Jun  4 08:41:41 2024, Prepare inputs
Tue Jun  4 08:43:59 2024, Build drive connectors
Tue Jun  4 08:48:38 2024, Build transit paths
Tue Jun  4 08:48:38 2024, Build transit paths, Build transit paths Loop - AM - Walk - Local -1 of 40
Tue Jun  4 08:48:38 2024, Build transit paths, Build tranist network
Tue Jun  4 08:48:59 2024, Build transit paths, Tranist network settings
Tue Jun  4 08:49:01 2024, Build transit paths, Transit assignment PF
Tue Jun  4 08:49:18 2024, Build transit paths, Fill stop layer with base ivtt
Tue Jun  4 08:49:18 2024, Build transit paths, Update transit links with correct ivtt
Tue Jun  4 08:49:19 2024, Build transit paths, Transit skim PF
Tue Jun  4 08:50:48 2024, Build transit paths, Calculate boardings in transfers field
Tue Jun  4 08:50:49 2024, Build transit paths, Build transit paths Loop - AM - Walk - Brt -2 of 40
Tue Jun  4 08:50:49 2024, Build transit paths, Build tranist network
Tue Jun  4 08:51:10 2024, Build transit paths, Tranist network settings
Tue Jun  4 08:51:12 2024, Build transit paths, Transit assignment PF
Tue Jun  4 08:51:28 2024, Build transit paths, Fill stop layer with base ivtt
Tue Jun  4 08:51:29 2024, Build transit paths, Update transit links with correct ivtt
Tue Jun  4 08:51:30 2024, Build transit paths, Transit skim PF
Tue Jun  4 08:52:59 2024, Build transit paths, Calculate boardings in transfers field
Tue Jun  4 08:52:59 2024, Build transit paths, Build transit paths Loop - AM - Walk - ExpBus -3 of 40
Tue Jun  4 08:52:59 2024, Build transit paths, Build tranist network
Tue Jun  4 08:53:20 2024, Build transit paths, Tranist network settings
Tue Jun  4 08:53:22 2024, Build transit paths, Transit assignment PF
Tue Jun  4 08:53:40 2024, Build transit paths, Fill stop layer with base ivtt
Tue Jun  4 08:53:40 2024, Build transit paths, Update transit links with correct ivtt
Tue Jun  4 08:53:41 2024, Build transit paths, Transit skim PF
Tue Jun  4 08:55:12 2024, Build transit paths, Calculate boardings in transfers field
Tue Jun  4 08:55:12 2024, Build transit paths, Build transit paths Loop - AM - Walk - UrbRail -4 of 40
Tue Jun  4 08:55:12 2024, Build transit paths, Build tranist network
Tue Jun  4 08:55:33 2024, Build transit paths, Tranist network settings
Tue Jun  4 08:55:35 2024, Build transit paths, Transit assignment PF
Tue Jun  4 08:55:52 2024, Build transit paths, Fill stop layer with base ivtt
Tue Jun  4 08:55:53 2024, Build transit paths, Update transit links with correct ivtt
Tue Jun  4 08:55:54 2024, Build transit paths, Transit skim PF
Tue Jun  4 08:57:23 2024, Build transit paths, Calculate boardings in transfers field
Tue Jun  4 08:57:24 2024, Build transit paths, Build transit paths Loop - AM - Walk - ComRail -5 of 40
Tue Jun  4 08:57:24 2024, Build transit paths, Build tranist network
Tue Jun  4 08:57:45 2024, Build transit paths, Tranist network settings
Tue Jun  4 08:57:46 2024, Build transit paths, Transit assignment PF
Tue Jun  4 08:58:05 2024, Build transit paths, Fill stop layer with base ivtt
Tue Jun  4 08:58:06 2024, Build transit paths, Update transit links with correct ivtt
Tue Jun  4 08:58:07 2024, Build transit paths, Transit skim PF
Tue Jun  4 08:59:40 2024, Build transit paths, Calculate boardings in transfers field
Tue Jun  4 08:59:40 2024, Build transit paths, Build transit paths Loop - AM - Drive - Local -6 of 40
Tue Jun  4 08:59:40 2024, Build transit paths, Build tranist network
Tue Jun  4 09:00:00 2024, Build transit paths, Tranist network settings
Tue Jun  4 09:00:06 2024, Build transit paths, Transit assignment PF
Tue Jun  4 09:00:23 2024, Build transit paths, Fill stop layer with base ivtt
Tue Jun  4 09:00:23 2024, Build transit paths, Update transit links with correct ivtt
Tue Jun  4 09:00:24 2024, Build transit paths, Transit skim PF
Tue Jun  4 09:01:19 2024, Build transit paths, Calculate boardings in transfers field
Tue Jun  4 09:01:19 2024, Build transit paths, Build transit paths Loop - AM - Drive - Brt -7 of 40
Tue Jun  4 09:01:19 2024, Build transit paths, Build tranist network
Tue Jun  4 09:01:40 2024, Build transit paths, Tranist network settings
Tue Jun  4 09:01:46 2024, Build transit paths, Transit assignment PF
Tue Jun  4 09:02:02 2024, Build transit paths, Fill stop layer with base ivtt
Tue Jun  4 09:02:03 2024, Build transit paths, Update transit links with correct ivtt
Tue Jun  4 09:02:04 2024, Build transit paths, Transit skim PF
Tue Jun  4 09:03:07 2024, Build transit paths, Calculate boardings in transfers field
Tue Jun  4 09:03:08 2024, Build transit paths, Build transit paths Loop - AM - Drive - ExpBus -8 of 40
Tue Jun  4 09:03:08 2024, Build transit paths, Build tranist network
Tue Jun  4 09:03:29 2024, Build transit paths, Tranist network settings
Tue Jun  4 09:03:34 2024, Build transit paths, Transit assignment PF
Tue Jun  4 09:03:52 2024, Build transit paths, Fill stop layer with base ivtt
Tue Jun  4 09:03:52 2024, Build transit paths, Update transit links with correct ivtt
Tue Jun  4 09:03:53 2024, Build transit paths, Transit skim PF
Tue Jun  4 09:04:52 2024, Build transit paths, Calculate boardings in transfers field
Tue Jun  4 09:04:52 2024, Build transit paths, Build transit paths Loop - AM - Drive - UrbRail -9 of 40
Tue Jun  4 09:04:52 2024, Build transit paths, Build tranist network
Tue Jun  4 09:05:14 2024, Build transit paths, Tranist network settings
Tue Jun  4 09:05:20 2024, Build transit paths, Transit assignment PF
Tue Jun  4 09:05:37 2024, Build transit paths, Fill stop layer with base ivtt
Tue Jun  4 09:05:38 2024, Build transit paths, Update transit links with correct ivtt
Tue Jun  4 09:05:39 2024, Build transit paths, Transit skim PF
Tue Jun  4 09:06:37 2024, Build transit paths, Calculate boardings in transfers field
Tue Jun  4 09:06:38 2024, Build transit paths, Build transit paths Loop - AM - Drive - ComRail -10 of 40
Tue Jun  4 09:06:38 2024, Build transit paths, Build tranist network
Tue Jun  4 09:06:59 2024, Build transit paths, Tranist network settings
Tue Jun  4 09:07:05 2024, Build transit paths, Transit assignment PF
Tue Jun  4 09:07:23 2024, Build transit paths, Fill stop layer with base ivtt
Tue Jun  4 09:07:24 2024, Build transit paths, Update transit links with correct ivtt
Tue Jun  4 09:07:25 2024, Build transit paths, Transit skim PF
Tue Jun  4 09:08:24 2024, Build transit paths, Calculate boardings in transfers field
Tue Jun  4 09:08:25 2024, Build transit paths, Build transit paths Loop - MD - Walk - Local -11 of 40
Tue Jun  4 09:08:25 2024, Build transit paths, Build tranist network
Tue Jun  4 09:08:46 2024, Build transit paths, Tranist network settings
Tue Jun  4 09:08:48 2024, Build transit paths, Transit assignment PF
Tue Jun  4 09:09:04 2024, Build transit paths, Fill stop layer with base ivtt
Tue Jun  4 09:09:04 2024, Build transit paths, Update transit links with correct ivtt
Tue Jun  4 09:09:05 2024, Build transit paths, Transit skim PF
Tue Jun  4 09:10:34 2024, Build transit paths, Calculate boardings in transfers field
Tue Jun  4 09:10:34 2024, Build transit paths, Build transit paths Loop - MD - Walk - Brt -12 of 40
Tue Jun  4 09:10:34 2024, Build transit paths, Build tranist network
Tue Jun  4 09:10:55 2024, Build transit paths, Tranist network settings
Tue Jun  4 09:10:57 2024, Build transit paths, Transit assignment PF
Tue Jun  4 09:11:14 2024, Build transit paths, Fill stop layer with base ivtt
Tue Jun  4 09:11:14 2024, Build transit paths, Update transit links with correct ivtt
Tue Jun  4 09:11:15 2024, Build transit paths, Transit skim PF
Tue Jun  4 09:12:44 2024, Build transit paths, Calculate boardings in transfers field
Tue Jun  4 09:12:44 2024, Build transit paths, Build transit paths Loop - MD - Walk - ExpBus -13 of 40
Tue Jun  4 09:12:44 2024, Build transit paths, Build tranist network
Tue Jun  4 09:13:06 2024, Build transit paths, Tranist network settings
Tue Jun  4 09:13:07 2024, Build transit paths, Transit assignment PF
Tue Jun  4 09:13:25 2024, Build transit paths, Fill stop layer with base ivtt
Tue Jun  4 09:13:25 2024, Build transit paths, Update transit links with correct ivtt
Tue Jun  4 09:13:26 2024, Build transit paths, Transit skim PF
Tue Jun  4 09:14:54 2024, Build transit paths, Calculate boardings in transfers field
Tue Jun  4 09:14:55 2024, Build transit paths, Build transit paths Loop - MD - Walk - UrbRail -14 of 40
Tue Jun  4 09:14:55 2024, Build transit paths, Build tranist network
Tue Jun  4 09:15:16 2024, Build transit paths, Tranist network settings
Tue Jun  4 09:15:18 2024, Build transit paths, Transit assignment PF
Tue Jun  4 09:15:35 2024, Build transit paths, Fill stop layer with base ivtt
Tue Jun  4 09:15:35 2024, Build transit paths, Update transit links with correct ivtt
Tue Jun  4 09:15:36 2024, Build transit paths, Transit skim PF
Tue Jun  4 09:17:05 2024, Build transit paths, Calculate boardings in transfers field
Tue Jun  4 09:17:05 2024, Build transit paths, Build transit paths Loop - MD - Walk - ComRail -15 of 40
Tue Jun  4 09:17:05 2024, Build transit paths, Build tranist network
Tue Jun  4 09:17:26 2024, Build transit paths, Tranist network settings
Tue Jun  4 09:17:28 2024, Build transit paths, Transit assignment PF
Tue Jun  4 09:17:45 2024, Build transit paths, Fill stop layer with base ivtt
Tue Jun  4 09:17:46 2024, Build transit paths, Update transit links with correct ivtt
Tue Jun  4 09:17:47 2024, Build transit paths, Transit skim PF
Tue Jun  4 09:19:17 2024, Build transit paths, Calculate boardings in transfers field
Tue Jun  4 09:19:18 2024, Build transit paths, Build transit paths Loop - MD - Drive - Local -16 of 40
Tue Jun  4 09:19:18 2024, Build transit paths, Build tranist network
Tue Jun  4 09:19:39 2024, Build transit paths, Tranist network settings
Tue Jun  4 09:19:45 2024, Build transit paths, Transit assignment PF
Tue Jun  4 09:20:01 2024, Build transit paths, Fill stop layer with base ivtt
Tue Jun  4 09:20:02 2024, Build transit paths, Update transit links with correct ivtt
Tue Jun  4 09:20:03 2024, Build transit paths, Transit skim PF
Tue Jun  4 09:21:04 2024, Build transit paths, Calculate boardings in transfers field
Tue Jun  4 09:21:04 2024, Build transit paths, Build transit paths Loop - MD - Drive - Brt -17 of 40
Tue Jun  4 09:21:04 2024, Build transit paths, Build tranist network
Tue Jun  4 09:21:25 2024, Build transit paths, Tranist network settings
Tue Jun  4 09:21:32 2024, Build transit paths, Transit assignment PF
Tue Jun  4 09:21:48 2024, Build transit paths, Fill stop layer with base ivtt
Tue Jun  4 09:21:48 2024, Build transit paths, Update transit links with correct ivtt
Tue Jun  4 09:21:49 2024, Build transit paths, Transit skim PF
Tue Jun  4 09:22:43 2024, Build transit paths, Calculate boardings in transfers field
Tue Jun  4 09:22:44 2024, Build transit paths, Build transit paths Loop - MD - Drive - ExpBus -18 of 40
Tue Jun  4 09:22:44 2024, Build transit paths, Build tranist network
Tue Jun  4 09:23:06 2024, Build transit paths, Tranist network settings
Tue Jun  4 09:23:11 2024, Build transit paths, Transit assignment PF
Tue Jun  4 09:23:28 2024, Build transit paths, Fill stop layer with base ivtt
Tue Jun  4 09:23:29 2024, Build transit paths, Update transit links with correct ivtt
Tue Jun  4 09:23:30 2024, Build transit paths, Transit skim PF
Tue Jun  4 09:24:26 2024, Build transit paths, Calculate boardings in transfers field
Tue Jun  4 09:24:26 2024, Build transit paths, Build transit paths Loop - MD - Drive - UrbRail -19 of 40
Tue Jun  4 09:24:26 2024, Build transit paths, Build tranist network
Tue Jun  4 09:24:48 2024, Build transit paths, Tranist network settings
Tue Jun  4 09:24:54 2024, Build transit paths, Transit assignment PF
Tue Jun  4 09:25:11 2024, Build transit paths, Fill stop layer with base ivtt
Tue Jun  4 09:25:11 2024, Build transit paths, Update transit links with correct ivtt
Tue Jun  4 09:25:12 2024, Build transit paths, Transit skim PF
Tue Jun  4 09:26:06 2024, Build transit paths, Calculate boardings in transfers field
Tue Jun  4 09:26:06 2024, Build transit paths, Build transit paths Loop - MD - Drive - ComRail -20 of 40
Tue Jun  4 09:26:06 2024, Build transit paths, Build tranist network
Tue Jun  4 09:26:26 2024, Build transit paths, Tranist network settings
Tue Jun  4 09:26:31 2024, Build transit paths, Transit assignment PF
Tue Jun  4 09:26:48 2024, Build transit paths, Fill stop layer with base ivtt
Tue Jun  4 09:26:49 2024, Build transit paths, Update transit links with correct ivtt
Tue Jun  4 09:26:50 2024, Build transit paths, Transit skim PF
Tue Jun  4 09:27:47 2024, Build transit paths, Calculate boardings in transfers field
Tue Jun  4 09:27:47 2024, Build transit paths, Build transit paths Loop - PM - Walk - Local -21 of 40
Tue Jun  4 09:27:47 2024, Build transit paths, Build tranist network
Tue Jun  4 09:28:07 2024, Build transit paths, Tranist network settings
Tue Jun  4 09:28:09 2024, Build transit paths, Transit assignment PF
Tue Jun  4 09:28:26 2024, Build transit paths, Fill stop layer with base ivtt
Tue Jun  4 09:28:26 2024, Build transit paths, Update transit links with correct ivtt
Tue Jun  4 09:28:28 2024, Build transit paths, Transit skim PF
Tue Jun  4 09:30:07 2024, Build transit paths, Calculate boardings in transfers field
Tue Jun  4 09:30:08 2024, Build transit paths, Build transit paths Loop - PM - Walk - Brt -22 of 40
Tue Jun  4 09:30:08 2024, Build transit paths, Build tranist network
Tue Jun  4 09:30:27 2024, Build transit paths, Tranist network settings
Tue Jun  4 09:30:29 2024, Build transit paths, Transit assignment PF
Tue Jun  4 09:30:47 2024, Build transit paths, Fill stop layer with base ivtt
Tue Jun  4 09:30:47 2024, Build transit paths, Update transit links with correct ivtt
Tue Jun  4 09:30:48 2024, Build transit paths, Transit skim PF
Tue Jun  4 09:32:42 2024, Build transit paths, Calculate boardings in transfers field
Tue Jun  4 09:32:42 2024, Build transit paths, Build transit paths Loop - PM - Walk - ExpBus -23 of 40
Tue Jun  4 09:32:42 2024, Build transit paths, Build tranist network
Tue Jun  4 09:33:18 2024, Build transit paths, Tranist network settings
Tue Jun  4 09:33:22 2024, Build transit paths, Transit assignment PF
Tue Jun  4 09:33:46 2024, Build transit paths, Fill stop layer with base ivtt
Tue Jun  4 09:33:47 2024, Build transit paths, Update transit links with correct ivtt
Tue Jun  4 09:33:48 2024, Build transit paths, Transit skim PF
Tue Jun  4 09:35:57 2024, Build transit paths, Calculate boardings in transfers field
Tue Jun  4 09:35:57 2024, Build transit paths, Build transit paths Loop - PM - Walk - UrbRail -24 of 40
Tue Jun  4 09:35:57 2024, Build transit paths, Build tranist network
Tue Jun  4 09:36:34 2024, Build transit paths, Tranist network settings
Tue Jun  4 09:36:37 2024, Build transit paths, Transit assignment PF
Tue Jun  4 09:37:01 2024, Build transit paths, Fill stop layer with base ivtt
Tue Jun  4 09:37:02 2024, Build transit paths, Update transit links with correct ivtt
Tue Jun  4 09:37:03 2024, Build transit paths, Transit skim PF
Tue Jun  4 09:39:12 2024, Build transit paths, Calculate boardings in transfers field
Tue Jun  4 09:39:12 2024, Build transit paths, Build transit paths Loop - PM - Walk - ComRail -25 of 40
Tue Jun  4 09:39:12 2024, Build transit paths, Build tranist network
Tue Jun  4 09:39:49 2024, Build transit paths, Tranist network settings
Tue Jun  4 09:39:53 2024, Build transit paths, Transit assignment PF
Tue Jun  4 09:40:17 2024, Build transit paths, Fill stop layer with base ivtt
Tue Jun  4 09:40:18 2024, Build transit paths, Update transit links with correct ivtt
Tue Jun  4 09:40:20 2024, Build transit paths, Transit skim PF
Tue Jun  4 09:42:31 2024, Build transit paths, Calculate boardings in transfers field
Tue Jun  4 09:42:32 2024, Build transit paths, Build transit paths Loop - PM - Drive - Local -26 of 40
Tue Jun  4 09:42:32 2024, Build transit paths, Build tranist network
Tue Jun  4 09:43:07 2024, Build transit paths, Tranist network settings
Tue Jun  4 09:43:21 2024, Build transit paths, Transit assignment PF
Tue Jun  4 09:44:12 2024, Build transit paths, Fill stop layer with base ivtt
Tue Jun  4 09:44:13 2024, Build transit paths, Update transit links with correct ivtt
Tue Jun  4 09:44:15 2024, Build transit paths, Transit skim PF
Tue Jun  4 09:46:21 2024, Build transit paths, Calculate boardings in transfers field
Tue Jun  4 09:46:21 2024, Build transit paths, Build transit paths Loop - PM - Drive - Brt -27 of 40
Tue Jun  4 09:46:21 2024, Build transit paths, Build tranist network
Tue Jun  4 09:46:57 2024, Build transit paths, Tranist network settings
Tue Jun  4 09:47:12 2024, Build transit paths, Transit assignment PF
Tue Jun  4 09:48:04 2024, Build transit paths, Fill stop layer with base ivtt
Tue Jun  4 09:48:05 2024, Build transit paths, Update transit links with correct ivtt
Tue Jun  4 09:48:07 2024, Build transit paths, Transit skim PF
Tue Jun  4 09:50:13 2024, Build transit paths, Calculate boardings in transfers field
Tue Jun  4 09:50:14 2024, Build transit paths, Build transit paths Loop - PM - Drive - ExpBus -28 of 40
Tue Jun  4 09:50:14 2024, Build transit paths, Build tranist network
Tue Jun  4 09:50:51 2024, Build transit paths, Tranist network settings
Tue Jun  4 09:51:05 2024, Build transit paths, Transit assignment PF
Tue Jun  4 09:51:59 2024, Build transit paths, Fill stop layer with base ivtt
Tue Jun  4 09:52:00 2024, Build transit paths, Update transit links with correct ivtt
Tue Jun  4 09:52:01 2024, Build transit paths, Transit skim PF
Tue Jun  4 09:54:10 2024, Build transit paths, Calculate boardings in transfers field
Tue Jun  4 09:54:10 2024, Build transit paths, Build transit paths Loop - PM - Drive - UrbRail -29 of 40
Tue Jun  4 09:54:10 2024, Build transit paths, Build tranist network
Tue Jun  4 09:54:47 2024, Build transit paths, Tranist network settings
Tue Jun  4 09:55:01 2024, Build transit paths, Transit assignment PF
Tue Jun  4 09:55:55 2024, Build transit paths, Fill stop layer with base ivtt
Tue Jun  4 09:55:56 2024, Build transit paths, Update transit links with correct ivtt
Tue Jun  4 09:55:57 2024, Build transit paths, Transit skim PF
Tue Jun  4 09:58:04 2024, Build transit paths, Calculate boardings in transfers field
Tue Jun  4 09:58:05 2024, Build transit paths, Build transit paths Loop - PM - Drive - ComRail -30 of 40
Tue Jun  4 09:58:05 2024, Build transit paths, Build tranist network
Tue Jun  4 09:58:41 2024, Build transit paths, Tranist network settings
Tue Jun  4 09:58:56 2024, Build transit paths, Transit assignment PF
Tue Jun  4 09:59:51 2024, Build transit paths, Fill stop layer with base ivtt
Tue Jun  4 09:59:51 2024, Build transit paths, Update transit links with correct ivtt
Tue Jun  4 09:59:52 2024, Build transit paths, Transit skim PF
Tue Jun  4 10:01:34 2024, Build transit paths, Calculate boardings in transfers field
Tue Jun  4 10:01:35 2024, Build transit paths, Build transit paths Loop - OP - Walk - Local -31 of 40
Tue Jun  4 10:01:35 2024, Build transit paths, Build tranist network
Tue Jun  4 10:01:54 2024, Build transit paths, Tranist network settings
Tue Jun  4 10:01:55 2024, Build transit paths, Transit assignment PF
Tue Jun  4 10:02:11 2024, Build transit paths, Fill stop layer with base ivtt
Tue Jun  4 10:02:12 2024, Build transit paths, Update transit links with correct ivtt
Tue Jun  4 10:02:13 2024, Build transit paths, Transit skim PF
Tue Jun  4 10:03:53 2024, Build transit paths, Calculate boardings in transfers field
Tue Jun  4 10:03:54 2024, Build transit paths, Build transit paths Loop - OP - Walk - Brt -32 of 40
Tue Jun  4 10:03:54 2024, Build transit paths, Build tranist network
Tue Jun  4 10:04:13 2024, Build transit paths, Tranist network settings
Tue Jun  4 10:04:14 2024, Build transit paths, Transit assignment PF
Tue Jun  4 10:04:31 2024, Build transit paths, Fill stop layer with base ivtt
Tue Jun  4 10:04:32 2024, Build transit paths, Update transit links with correct ivtt
Tue Jun  4 10:04:33 2024, Build transit paths, Transit skim PF
Tue Jun  4 10:06:23 2024, Build transit paths, Calculate boardings in transfers field
Tue Jun  4 10:06:23 2024, Build transit paths, Build transit paths Loop - OP - Walk - ExpBus -33 of 40
Tue Jun  4 10:06:23 2024, Build transit paths, Build tranist network
Tue Jun  4 10:06:58 2024, Build transit paths, Tranist network settings
Tue Jun  4 10:07:01 2024, Build transit paths, Transit assignment PF
Tue Jun  4 10:07:22 2024, Build transit paths, Fill stop layer with base ivtt
Tue Jun  4 10:07:23 2024, Build transit paths, Update transit links with correct ivtt
Tue Jun  4 10:07:24 2024, Build transit paths, Transit skim PF
Tue Jun  4 10:09:33 2024, Build transit paths, Calculate boardings in transfers field
Tue Jun  4 10:09:34 2024, Build transit paths, Build transit paths Loop - OP - Walk - UrbRail -34 of 40
Tue Jun  4 10:09:34 2024, Build transit paths, Build tranist network
Tue Jun  4 10:10:09 2024, Build transit paths, Tranist network settings
Tue Jun  4 10:10:12 2024, Build transit paths, Transit assignment PF
Tue Jun  4 10:10:32 2024, Build transit paths, Fill stop layer with base ivtt
Tue Jun  4 10:10:32 2024, Build transit paths, Update transit links with correct ivtt
Tue Jun  4 10:10:34 2024, Build transit paths, Transit skim PF
Tue Jun  4 10:12:46 2024, Build transit paths, Calculate boardings in transfers field
Tue Jun  4 10:12:47 2024, Build transit paths, Build transit paths Loop - OP - Walk - ComRail -35 of 40
Tue Jun  4 10:12:47 2024, Build transit paths, Build tranist network
Tue Jun  4 10:13:21 2024, Build transit paths, Tranist network settings
Tue Jun  4 10:13:25 2024, Build transit paths, Transit assignment PF
Tue Jun  4 10:13:45 2024, Build transit paths, Fill stop layer with base ivtt
Tue Jun  4 10:13:46 2024, Build transit paths, Update transit links with correct ivtt
Tue Jun  4 10:13:48 2024, Build transit paths, Transit skim PF
Tue Jun  4 10:15:58 2024, Build transit paths, Calculate boardings in transfers field
Tue Jun  4 10:15:59 2024, Build transit paths, Build transit paths Loop - OP - Drive - Local -36 of 40
Tue Jun  4 10:15:59 2024, Build transit paths, Build tranist network
Tue Jun  4 10:16:33 2024, Build transit paths, Tranist network settings
Tue Jun  4 10:16:47 2024, Build transit paths, Transit assignment PF
Tue Jun  4 10:17:37 2024, Build transit paths, Fill stop layer with base ivtt
Tue Jun  4 10:17:38 2024, Build transit paths, Update transit links with correct ivtt
Tue Jun  4 10:17:39 2024, Build transit paths, Transit skim PF
Tue Jun  4 10:19:42 2024, Build transit paths, Calculate boardings in transfers field
Tue Jun  4 10:19:43 2024, Build transit paths, Build transit paths Loop - OP - Drive - Brt -37 of 40
Tue Jun  4 10:19:43 2024, Build transit paths, Build tranist network
Tue Jun  4 10:20:18 2024, Build transit paths, Tranist network settings
Tue Jun  4 10:20:33 2024, Build transit paths, Transit assignment PF
Tue Jun  4 10:21:24 2024, Build transit paths, Fill stop layer with base ivtt
Tue Jun  4 10:21:25 2024, Build transit paths, Update transit links with correct ivtt
Tue Jun  4 10:21:26 2024, Build transit paths, Transit skim PF
Tue Jun  4 10:23:33 2024, Build transit paths, Calculate boardings in transfers field
Tue Jun  4 10:23:33 2024, Build transit paths, Build transit paths Loop - OP - Drive - ExpBus -38 of 40
Tue Jun  4 10:23:33 2024, Build transit paths, Build tranist network
Tue Jun  4 10:24:08 2024, Build transit paths, Tranist network settings
Tue Jun  4 10:24:23 2024, Build transit paths, Transit assignment PF
Tue Jun  4 10:25:13 2024, Build transit paths, Fill stop layer with base ivtt
Tue Jun  4 10:25:14 2024, Build transit paths, Update transit links with correct ivtt
Tue Jun  4 10:25:15 2024, Build transit paths, Transit skim PF
Tue Jun  4 10:27:21 2024, Build transit paths, Calculate boardings in transfers field
Tue Jun  4 10:27:22 2024, Build transit paths, Build transit paths Loop - OP - Drive - UrbRail -39 of 40
Tue Jun  4 10:27:22 2024, Build transit paths, Build tranist network
Tue Jun  4 10:27:57 2024, Build transit paths, Tranist network settings
Tue Jun  4 10:28:12 2024, Build transit paths, Transit assignment PF
Tue Jun  4 10:29:02 2024, Build transit paths, Fill stop layer with base ivtt
Tue Jun  4 10:29:03 2024, Build transit paths, Update transit links with correct ivtt
Tue Jun  4 10:29:04 2024, Build transit paths, Transit skim PF
Tue Jun  4 10:31:13 2024, Build transit paths, Calculate boardings in transfers field
Tue Jun  4 10:31:13 2024, Build transit paths, Build transit paths Loop - OP - Drive - ComRail -40 of 40
Tue Jun  4 10:31:13 2024, Build transit paths, Build tranist network
Tue Jun  4 10:31:48 2024, Build transit paths, Tranist network settings
Tue Jun  4 10:32:03 2024, Build transit paths, Transit assignment PF
Tue Jun  4 10:32:52 2024, Build transit paths, Fill stop layer with base ivtt
Tue Jun  4 10:32:53 2024, Build transit paths, Update transit links with correct ivtt
Tue Jun  4 10:32:54 2024, Build transit paths, Transit skim PF
Tue Jun  4 10:34:31 2024, Build transit paths, Calculate boardings in transfers field
Tue Jun  4 10:34:31 2024, Process transit skims
Tue Jun  4 10:59:37 2024, 4 InternalTruckModel.rsc, Run Internal Truck and Commercial Vehicle Model
Tue Jun  4 10:59:37 2024, Aggregate LandUse
Tue Jun  4 10:59:57 2024, Calculate Accessibilities
Tue Jun  4 11:00:08 2024, Run Truck Model
Tue Jun  4 12:14:05 2024,  ******************* FINISHED Nashville ABM 2019 - Version 19.1.0 ******************* 
Tue Jun  4 12:20:16 2024,  ******************* STARTED Nashville ABM 2019 - Version 19.1.0 ******************* 
Tue Jun  4 12:20:16 2024, 4 InternalTruckModel.rsc, Run Internal Truck and Commercial Vehicle Model
Tue Jun  4 12:20:16 2024, Aggregate LandUse
Tue Jun  4 12:20:21 2024, Calculate Accessibilities
Tue Jun  4 12:20:26 2024, Run Truck Model
Tue Jun  4 12:20:40 2024,  ******************* FINISHED Nashville ABM 2019 - Version 19.1.0 ******************* 
Tue Jun  4 12:25:32 2024,  ******************* STARTED Nashville ABM 2019 - Version 19.1.0 ******************* 
Tue Jun  4 12:25:32 2024, 4 InternalTruckModel.rsc, Run Internal Truck and Commercial Vehicle Model
Tue Jun  4 12:25:32 2024, Aggregate LandUse
Tue Jun  4 12:25:37 2024, Calculate Accessibilities
Tue Jun  4 12:25:41 2024, Run Truck Model
Tue Jun  4 12:25:50 2024,  ******************* FINISHED Nashville ABM 2019 - Version 19.1.0 ******************* 
Tue Jun  4 12:46:21 2024,  ******************* STARTED Nashville ABM 2019 - Version 19.1.0 ******************* 
Tue Jun  4 12:46:21 2024, 4 InternalTruckModel.rsc, Run Internal Truck and Commercial Vehicle Model
Tue Jun  4 12:46:21 2024, Aggregate LandUse
Tue Jun  4 12:46:27 2024, Calculate Accessibilities
Tue Jun  4 12:46:33 2024, Run Truck Model
Tue Jun  4 12:54:24 2024,  ******************* FINISHED Nashville ABM 2019 - Version 19.1.0 ******************* 
Wed Jun  5 12:38:14 2024,  ******************* STARTED Nashville ABM 2019 - Version 19.1.0 ******************* 
Wed Jun  5 12:38:14 2024, 4 InternalTruckModel.rsc, Run Internal Truck and Commercial Vehicle Model
Wed Jun  5 12:38:14 2024, Aggregate LandUse
Wed Jun  5 12:38:20 2024, Calculate Accessibilities
Wed Jun  5 12:38:24 2024, Run Truck Model
Wed Jun  5 12:40:28 2024, Run Commercial Vehicle Model
Wed Jun  5 12:40:33 2024, Run Trip Length Summaries
Wed Jun  5 12:40:46 2024, Close All Views
Wed Jun  5 12:40:48 2024,  ******************* FINISHED Nashville ABM 2019 - Version 19.1.0 ******************* 
Wed Jun  5 12:41:09 2024,  ******************* STARTED Nashville ABM 2019 - Version 19.1.0 ******************* 
Wed Jun  5 12:41:09 2024, 1.1 Initialization.rsc, Initialization
Wed Jun  5 12:44:21 2024, 1.1 Initialization.rsc, Area Type
Wed Jun  5 12:47:30 2024, 1.1 Initialization.rsc, Capacity and FF Speed
Wed Jun  5 13:20:35 2024, 2.1 HwySkimming.rsc,   ****** Highway Skimming ****** 
Wed Jun  5 13:20:35 2024, Build highway network
Wed Jun  5 13:20:40 2024, Shortest path using length
Wed Jun  5 13:20:41 2024, Terminal time
Wed Jun  5 13:20:42 2024, Build HOV skims
Wed Jun  5 13:21:07 2024, Build SOV skims
Wed Jun  5 13:21:47 2024, Save and copy skims
Wed Jun  5 13:21:58 2024, 2.1 HwySkimming.rsc, Finished Highway Skimming
Wed Jun  5 13:21:59 2024, 2.2 TransitSkimming.rsc,   ****** Transit Skimming ****** 
Wed Jun  5 13:21:59 2024, Set transit paramters
Wed Jun  5 13:21:59 2024, Prepare inputs
Wed Jun  5 13:23:24 2024, Build drive connectors
Wed Jun  5 13:27:01 2024, Build transit paths
Wed Jun  5 13:27:01 2024, Build transit paths, Build transit paths Loop - AM - Walk - Local -1 of 40
Wed Jun  5 13:27:01 2024, Build transit paths, Build tranist network
Wed Jun  5 13:27:20 2024, Build transit paths, Tranist network settings
Wed Jun  5 13:27:22 2024, Build transit paths, Transit assignment PF
Wed Jun  5 13:27:39 2024, Build transit paths, Fill stop layer with base ivtt
Wed Jun  5 13:27:39 2024, Build transit paths, Update transit links with correct ivtt
Wed Jun  5 13:27:40 2024, Build transit paths, Transit skim PF
Wed Jun  5 13:29:05 2024, Build transit paths, Calculate boardings in transfers field
Wed Jun  5 13:29:05 2024, Build transit paths, Build transit paths Loop - AM - Walk - Brt -2 of 40
Wed Jun  5 13:29:05 2024, Build transit paths, Build tranist network
Wed Jun  5 13:29:25 2024, Build transit paths, Tranist network settings
Wed Jun  5 13:29:26 2024, Build transit paths, Transit assignment PF
Wed Jun  5 13:29:43 2024, Build transit paths, Fill stop layer with base ivtt
Wed Jun  5 13:29:43 2024, Build transit paths, Update transit links with correct ivtt
Wed Jun  5 13:29:44 2024, Build transit paths, Transit skim PF
Wed Jun  5 13:31:08 2024, Build transit paths, Calculate boardings in transfers field
Wed Jun  5 13:31:09 2024, Build transit paths, Build transit paths Loop - AM - Walk - ExpBus -3 of 40
Wed Jun  5 13:31:09 2024, Build transit paths, Build tranist network
Wed Jun  5 13:31:28 2024, Build transit paths, Tranist network settings
Wed Jun  5 13:31:30 2024, Build transit paths, Transit assignment PF
Wed Jun  5 13:31:47 2024, Build transit paths, Fill stop layer with base ivtt
Wed Jun  5 13:31:48 2024, Build transit paths, Update transit links with correct ivtt
Wed Jun  5 13:31:49 2024, Build transit paths, Transit skim PF
Wed Jun  5 13:33:21 2024, Build transit paths, Calculate boardings in transfers field
Wed Jun  5 13:33:21 2024, Build transit paths, Build transit paths Loop - AM - Walk - UrbRail -4 of 40
Wed Jun  5 13:33:21 2024, Build transit paths, Build tranist network
Wed Jun  5 13:33:41 2024, Build transit paths, Tranist network settings
Wed Jun  5 13:33:42 2024, Build transit paths, Transit assignment PF
Wed Jun  5 13:34:00 2024, Build transit paths, Fill stop layer with base ivtt
Wed Jun  5 13:34:01 2024, Build transit paths, Update transit links with correct ivtt
Wed Jun  5 13:34:02 2024, Build transit paths, Transit skim PF
Wed Jun  5 13:35:27 2024, Build transit paths, Calculate boardings in transfers field
Wed Jun  5 13:35:27 2024, Build transit paths, Build transit paths Loop - AM - Walk - ComRail -5 of 40
Wed Jun  5 13:35:27 2024, Build transit paths, Build tranist network
Wed Jun  5 13:35:47 2024, Build transit paths, Tranist network settings
Wed Jun  5 13:35:48 2024, Build transit paths, Transit assignment PF
Wed Jun  5 13:36:07 2024, Build transit paths, Fill stop layer with base ivtt
Wed Jun  5 13:36:07 2024, Build transit paths, Update transit links with correct ivtt
Wed Jun  5 13:36:08 2024, Build transit paths, Transit skim PF
Wed Jun  5 13:37:38 2024, Build transit paths, Calculate boardings in transfers field
Wed Jun  5 13:37:38 2024, Build transit paths, Build transit paths Loop - AM - Drive - Local -6 of 40
Wed Jun  5 13:37:38 2024, Build transit paths, Build tranist network
Wed Jun  5 13:37:57 2024, Build transit paths, Tranist network settings
Wed Jun  5 13:38:03 2024, Build transit paths, Transit assignment PF
Wed Jun  5 13:38:20 2024, Build transit paths, Fill stop layer with base ivtt
Wed Jun  5 13:38:20 2024, Build transit paths, Update transit links with correct ivtt
Wed Jun  5 13:38:21 2024, Build transit paths, Transit skim PF
Wed Jun  5 13:39:13 2024, Build transit paths, Calculate boardings in transfers field
Wed Jun  5 13:39:13 2024, Build transit paths, Build transit paths Loop - AM - Drive - Brt -7 of 40
Wed Jun  5 13:39:13 2024, Build transit paths, Build tranist network
Wed Jun  5 13:39:33 2024, Build transit paths, Tranist network settings
Wed Jun  5 13:39:38 2024, Build transit paths, Transit assignment PF
Wed Jun  5 13:39:55 2024, Build transit paths, Fill stop layer with base ivtt
Wed Jun  5 13:39:57 2024, Build transit paths, Update transit links with correct ivtt
Wed Jun  5 13:39:58 2024, Build transit paths, Transit skim PF
Wed Jun  5 13:40:50 2024, Build transit paths, Calculate boardings in transfers field
Wed Jun  5 13:40:51 2024, Build transit paths, Build transit paths Loop - AM - Drive - ExpBus -8 of 40
Wed Jun  5 13:40:51 2024, Build transit paths, Build tranist network
Wed Jun  5 13:41:10 2024, Build transit paths, Tranist network settings
Wed Jun  5 13:41:16 2024, Build transit paths, Transit assignment PF
Wed Jun  5 13:41:34 2024, Build transit paths, Fill stop layer with base ivtt
Wed Jun  5 13:41:35 2024, Build transit paths, Update transit links with correct ivtt
Wed Jun  5 13:41:36 2024, Build transit paths, Transit skim PF
Wed Jun  5 13:42:41 2024, Build transit paths, Calculate boardings in transfers field
Wed Jun  5 13:42:42 2024, Build transit paths, Build transit paths Loop - AM - Drive - UrbRail -9 of 40
Wed Jun  5 13:42:42 2024, Build transit paths, Build tranist network
Wed Jun  5 13:43:15 2024, Build transit paths, Tranist network settings
Wed Jun  5 13:43:30 2024, Build transit paths, Transit assignment PF
Wed Jun  5 13:43:51 2024, Build transit paths, Fill stop layer with base ivtt
Wed Jun  5 13:43:52 2024, Build transit paths, Update transit links with correct ivtt
Wed Jun  5 13:43:54 2024, Build transit paths, Transit skim PF
Wed Jun  5 13:45:06 2024, Build transit paths, Calculate boardings in transfers field
Wed Jun  5 13:45:06 2024, Build transit paths, Build transit paths Loop - AM - Drive - ComRail -10 of 40
Wed Jun  5 13:45:06 2024, Build transit paths, Build tranist network
Wed Jun  5 13:45:44 2024, Build transit paths, Tranist network settings
Wed Jun  5 13:45:58 2024, Build transit paths, Transit assignment PF
Wed Jun  5 13:46:22 2024, Build transit paths, Fill stop layer with base ivtt
Wed Jun  5 13:46:22 2024, Build transit paths, Update transit links with correct ivtt
Wed Jun  5 13:46:24 2024, Build transit paths, Transit skim PF
Wed Jun  5 13:47:39 2024, Build transit paths, Calculate boardings in transfers field
Wed Jun  5 13:47:40 2024, Build transit paths, Build transit paths Loop - MD - Walk - Local -11 of 40
Wed Jun  5 13:47:40 2024, Build transit paths, Build tranist network
Wed Jun  5 13:48:16 2024, Build transit paths, Tranist network settings
Wed Jun  5 13:48:19 2024, Build transit paths, Transit assignment PF
Wed Jun  5 13:48:40 2024, Build transit paths, Fill stop layer with base ivtt
Wed Jun  5 13:48:41 2024, Build transit paths, Update transit links with correct ivtt
Wed Jun  5 13:48:42 2024, Build transit paths, Transit skim PF
Wed Jun  5 13:50:49 2024, Build transit paths, Calculate boardings in transfers field
Wed Jun  5 13:50:50 2024, Build transit paths, Build transit paths Loop - MD - Walk - Brt -12 of 40
Wed Jun  5 13:50:50 2024, Build transit paths, Build tranist network
Wed Jun  5 13:51:26 2024, Build transit paths, Tranist network settings
Wed Jun  5 13:51:29 2024, Build transit paths, Transit assignment PF
Wed Jun  5 13:51:50 2024, Build transit paths, Fill stop layer with base ivtt
Wed Jun  5 13:51:50 2024, Build transit paths, Update transit links with correct ivtt
Wed Jun  5 13:51:51 2024, Build transit paths, Transit skim PF
Wed Jun  5 13:54:00 2024, Build transit paths, Calculate boardings in transfers field
Wed Jun  5 13:54:01 2024, Build transit paths, Build transit paths Loop - MD - Walk - ExpBus -13 of 40
Wed Jun  5 13:54:01 2024, Build transit paths, Build tranist network
Wed Jun  5 13:54:36 2024, Build transit paths, Tranist network settings
Wed Jun  5 13:54:38 2024, Build transit paths, Transit assignment PF
Wed Jun  5 13:55:00 2024, Build transit paths, Fill stop layer with base ivtt
Wed Jun  5 13:55:01 2024, Build transit paths, Update transit links with correct ivtt
Wed Jun  5 13:55:02 2024, Build transit paths, Transit skim PF
Wed Jun  5 13:57:08 2024, Build transit paths, Calculate boardings in transfers field
Wed Jun  5 13:57:08 2024, Build transit paths, Build transit paths Loop - MD - Walk - UrbRail -14 of 40
Wed Jun  5 13:57:08 2024, Build transit paths, Build tranist network
Wed Jun  5 13:57:45 2024, Build transit paths, Tranist network settings
Wed Jun  5 13:57:48 2024, Build transit paths, Transit assignment PF
Wed Jun  5 13:58:10 2024, Build transit paths, Fill stop layer with base ivtt
Wed Jun  5 13:58:11 2024, Build transit paths, Update transit links with correct ivtt
Wed Jun  5 13:58:13 2024, Build transit paths, Transit skim PF
Wed Jun  5 14:00:18 2024, Build transit paths, Calculate boardings in transfers field
Wed Jun  5 14:00:19 2024, Build transit paths, Build transit paths Loop - MD - Walk - ComRail -15 of 40
Wed Jun  5 14:00:19 2024, Build transit paths, Build tranist network
Wed Jun  5 14:00:55 2024, Build transit paths, Tranist network settings
Wed Jun  5 14:00:59 2024, Build transit paths, Transit assignment PF
Wed Jun  5 14:01:22 2024, Build transit paths, Fill stop layer with base ivtt
Wed Jun  5 14:01:22 2024, Build transit paths, Update transit links with correct ivtt
Wed Jun  5 14:01:24 2024, Build transit paths, Transit skim PF
Wed Jun  5 14:03:29 2024, Build transit paths, Calculate boardings in transfers field
Wed Jun  5 14:03:30 2024, Build transit paths, Build transit paths Loop - MD - Drive - Local -16 of 40
Wed Jun  5 14:03:30 2024, Build transit paths, Build tranist network
Wed Jun  5 14:04:05 2024, Build transit paths, Tranist network settings
Wed Jun  5 14:04:20 2024, Build transit paths, Transit assignment PF
Wed Jun  5 14:04:41 2024, Build transit paths, Fill stop layer with base ivtt
Wed Jun  5 14:04:41 2024, Build transit paths, Update transit links with correct ivtt
Wed Jun  5 14:04:43 2024, Build transit paths, Transit skim PF
Wed Jun  5 14:05:53 2024, Build transit paths, Calculate boardings in transfers field
Wed Jun  5 14:05:54 2024, Build transit paths, Build transit paths Loop - MD - Drive - Brt -17 of 40
Wed Jun  5 14:05:54 2024, Build transit paths, Build tranist network
Wed Jun  5 14:06:30 2024, Build transit paths, Tranist network settings
Wed Jun  5 14:06:44 2024, Build transit paths, Transit assignment PF
Wed Jun  5 14:07:04 2024, Build transit paths, Fill stop layer with base ivtt
Wed Jun  5 14:07:04 2024, Build transit paths, Update transit links with correct ivtt
Wed Jun  5 14:07:06 2024, Build transit paths, Transit skim PF
Wed Jun  5 14:08:16 2024, Build transit paths, Calculate boardings in transfers field
Wed Jun  5 14:08:17 2024, Build transit paths, Build transit paths Loop - MD - Drive - ExpBus -18 of 40
Wed Jun  5 14:08:17 2024, Build transit paths, Build tranist network
Wed Jun  5 14:08:53 2024, Build transit paths, Tranist network settings
Wed Jun  5 14:09:07 2024, Build transit paths, Transit assignment PF
Wed Jun  5 14:09:28 2024, Build transit paths, Fill stop layer with base ivtt
Wed Jun  5 14:09:28 2024, Build transit paths, Update transit links with correct ivtt
Wed Jun  5 14:09:30 2024, Build transit paths, Transit skim PF
Wed Jun  5 14:10:30 2024, Build transit paths, Calculate boardings in transfers field
Wed Jun  5 14:10:30 2024, Build transit paths, Build transit paths Loop - MD - Drive - UrbRail -19 of 40
Wed Jun  5 14:10:30 2024, Build transit paths, Build tranist network
Wed Jun  5 14:10:50 2024, Build transit paths, Tranist network settings
Wed Jun  5 14:10:55 2024, Build transit paths, Transit assignment PF
Wed Jun  5 14:11:13 2024, Build transit paths, Fill stop layer with base ivtt
Wed Jun  5 14:11:13 2024, Build transit paths, Update transit links with correct ivtt
Wed Jun  5 14:11:14 2024, Build transit paths, Transit skim PF
Wed Jun  5 14:12:10 2024, Build transit paths, Calculate boardings in transfers field
Wed Jun  5 14:12:10 2024, Build transit paths, Build transit paths Loop - MD - Drive - ComRail -20 of 40
Wed Jun  5 14:12:10 2024, Build transit paths, Build tranist network
Wed Jun  5 14:12:30 2024, Build transit paths, Tranist network settings
Wed Jun  5 14:12:35 2024, Build transit paths, Transit assignment PF
Wed Jun  5 14:12:52 2024, Build transit paths, Fill stop layer with base ivtt
Wed Jun  5 14:12:53 2024, Build transit paths, Update transit links with correct ivtt
Wed Jun  5 14:12:54 2024, Build transit paths, Transit skim PF
Wed Jun  5 14:13:51 2024, Build transit paths, Calculate boardings in transfers field
Wed Jun  5 14:13:51 2024, Build transit paths, Build transit paths Loop - PM - Walk - Local -21 of 40
Wed Jun  5 14:13:51 2024, Build transit paths, Build tranist network
Wed Jun  5 14:14:10 2024, Build transit paths, Tranist network settings
Wed Jun  5 14:14:12 2024, Build transit paths, Transit assignment PF
Wed Jun  5 14:14:28 2024, Build transit paths, Fill stop layer with base ivtt
Wed Jun  5 14:14:29 2024, Build transit paths, Update transit links with correct ivtt
Wed Jun  5 14:14:30 2024, Build transit paths, Transit skim PF
Wed Jun  5 14:15:53 2024, Build transit paths, Calculate boardings in transfers field
Wed Jun  5 14:15:54 2024, Build transit paths, Build transit paths Loop - PM - Walk - Brt -22 of 40
Wed Jun  5 14:15:54 2024, Build transit paths, Build tranist network
Wed Jun  5 14:16:13 2024, Build transit paths, Tranist network settings
Wed Jun  5 14:16:14 2024, Build transit paths, Transit assignment PF
Wed Jun  5 14:16:31 2024, Build transit paths, Fill stop layer with base ivtt
Wed Jun  5 14:16:32 2024, Build transit paths, Update transit links with correct ivtt
Wed Jun  5 14:16:33 2024, Build transit paths, Transit skim PF
Wed Jun  5 14:17:56 2024, Build transit paths, Calculate boardings in transfers field
Wed Jun  5 14:17:56 2024, Build transit paths, Build transit paths Loop - PM - Walk - ExpBus -23 of 40
Wed Jun  5 14:17:56 2024, Build transit paths, Build tranist network
Wed Jun  5 14:18:15 2024, Build transit paths, Tranist network settings
Wed Jun  5 14:18:17 2024, Build transit paths, Transit assignment PF
Wed Jun  5 14:18:35 2024, Build transit paths, Fill stop layer with base ivtt
Wed Jun  5 14:18:35 2024, Build transit paths, Update transit links with correct ivtt
Wed Jun  5 14:18:36 2024, Build transit paths, Transit skim PF
Wed Jun  5 14:20:03 2024, Build transit paths, Calculate boardings in transfers field
Wed Jun  5 14:20:03 2024, Build transit paths, Build transit paths Loop - PM - Walk - UrbRail -24 of 40
Wed Jun  5 14:20:03 2024, Build transit paths, Build tranist network
Wed Jun  5 14:20:23 2024, Build transit paths, Tranist network settings
Wed Jun  5 14:20:25 2024, Build transit paths, Transit assignment PF
Wed Jun  5 14:20:43 2024, Build transit paths, Fill stop layer with base ivtt
Wed Jun  5 14:20:43 2024, Build transit paths, Update transit links with correct ivtt
Wed Jun  5 14:20:44 2024, Build transit paths, Transit skim PF
Wed Jun  5 14:22:11 2024, Build transit paths, Calculate boardings in transfers field
Wed Jun  5 14:22:12 2024, Build transit paths, Build transit paths Loop - PM - Walk - ComRail -25 of 40
Wed Jun  5 14:22:12 2024, Build transit paths, Build tranist network
Wed Jun  5 14:22:31 2024, Build transit paths, Tranist network settings
Wed Jun  5 14:22:33 2024, Build transit paths, Transit assignment PF
Wed Jun  5 14:22:52 2024, Build transit paths, Fill stop layer with base ivtt
Wed Jun  5 14:22:52 2024, Build transit paths, Update transit links with correct ivtt
Wed Jun  5 14:22:53 2024, Build transit paths, Transit skim PF
Wed Jun  5 14:24:23 2024, Build transit paths, Calculate boardings in transfers field
Wed Jun  5 14:24:23 2024, Build transit paths, Build transit paths Loop - PM - Drive - Local -26 of 40
Wed Jun  5 14:24:23 2024, Build transit paths, Build tranist network
Wed Jun  5 14:24:42 2024, Build transit paths, Tranist network settings
Wed Jun  5 14:24:47 2024, Build transit paths, Transit assignment PF
Wed Jun  5 14:25:20 2024, Build transit paths, Fill stop layer with base ivtt
Wed Jun  5 14:25:20 2024, Build transit paths, Update transit links with correct ivtt
Wed Jun  5 14:25:21 2024, Build transit paths, Transit skim PF
Wed Jun  5 14:26:56 2024, Build transit paths, Calculate boardings in transfers field
Wed Jun  5 14:26:57 2024, Build transit paths, Build transit paths Loop - PM - Drive - Brt -27 of 40
Wed Jun  5 14:26:57 2024, Build transit paths, Build tranist network
Wed Jun  5 14:27:16 2024, Build transit paths, Tranist network settings
Wed Jun  5 14:27:22 2024, Build transit paths, Transit assignment PF
Wed Jun  5 14:27:54 2024, Build transit paths, Fill stop layer with base ivtt
Wed Jun  5 14:27:55 2024, Build transit paths, Update transit links with correct ivtt
Wed Jun  5 14:27:56 2024, Build transit paths, Transit skim PF
Wed Jun  5 14:29:30 2024, Build transit paths, Calculate boardings in transfers field
Wed Jun  5 14:29:31 2024, Build transit paths, Build transit paths Loop - PM - Drive - ExpBus -28 of 40
Wed Jun  5 14:29:31 2024, Build transit paths, Build tranist network
Wed Jun  5 14:29:50 2024, Build transit paths, Tranist network settings
Wed Jun  5 14:29:56 2024, Build transit paths, Transit assignment PF
Wed Jun  5 14:30:30 2024, Build transit paths, Fill stop layer with base ivtt
Wed Jun  5 14:30:30 2024, Build transit paths, Update transit links with correct ivtt
Wed Jun  5 14:30:31 2024, Build transit paths, Transit skim PF
Wed Jun  5 14:32:10 2024, Build transit paths, Calculate boardings in transfers field
Wed Jun  5 14:32:10 2024, Build transit paths, Build transit paths Loop - PM - Drive - UrbRail -29 of 40
Wed Jun  5 14:32:10 2024, Build transit paths, Build tranist network
Wed Jun  5 14:32:29 2024, Build transit paths, Tranist network settings
Wed Jun  5 14:32:35 2024, Build transit paths, Transit assignment PF
Wed Jun  5 14:33:09 2024, Build transit paths, Fill stop layer with base ivtt
Wed Jun  5 14:33:09 2024, Build transit paths, Update transit links with correct ivtt
Wed Jun  5 14:33:10 2024, Build transit paths, Transit skim PF
Wed Jun  5 14:34:49 2024, Build transit paths, Calculate boardings in transfers field
Wed Jun  5 14:34:49 2024, Build transit paths, Build transit paths Loop - PM - Drive - ComRail -30 of 40
Wed Jun  5 14:34:49 2024, Build transit paths, Build tranist network
Wed Jun  5 14:35:09 2024, Build transit paths, Tranist network settings
Wed Jun  5 14:35:14 2024, Build transit paths, Transit assignment PF
Wed Jun  5 14:35:50 2024, Build transit paths, Fill stop layer with base ivtt
Wed Jun  5 14:35:50 2024, Build transit paths, Update transit links with correct ivtt
Wed Jun  5 14:35:51 2024, Build transit paths, Transit skim PF
Wed Jun  5 14:37:31 2024, Build transit paths, Calculate boardings in transfers field
Wed Jun  5 14:37:31 2024, Build transit paths, Build transit paths Loop - OP - Walk - Local -31 of 40
Wed Jun  5 14:37:31 2024, Build transit paths, Build tranist network
Wed Jun  5 14:37:50 2024, Build transit paths, Tranist network settings
Wed Jun  5 14:37:52 2024, Build transit paths, Transit assignment PF
Wed Jun  5 14:38:08 2024, Build transit paths, Fill stop layer with base ivtt
Wed Jun  5 14:38:09 2024, Build transit paths, Update transit links with correct ivtt
Wed Jun  5 14:38:10 2024, Build transit paths, Transit skim PF
Wed Jun  5 14:39:31 2024, Build transit paths, Calculate boardings in transfers field
Wed Jun  5 14:39:32 2024, Build transit paths, Build transit paths Loop - OP - Walk - Brt -32 of 40
Wed Jun  5 14:39:32 2024, Build transit paths, Build tranist network
Wed Jun  5 14:39:51 2024, Build transit paths, Tranist network settings
Wed Jun  5 14:39:52 2024, Build transit paths, Transit assignment PF
Wed Jun  5 14:40:08 2024, Build transit paths, Fill stop layer with base ivtt
Wed Jun  5 14:40:09 2024, Build transit paths, Update transit links with correct ivtt
Wed Jun  5 14:40:10 2024, Build transit paths, Transit skim PF
Wed Jun  5 14:41:31 2024, Build transit paths, Calculate boardings in transfers field
Wed Jun  5 14:41:31 2024, Build transit paths, Build transit paths Loop - OP - Walk - ExpBus -33 of 40
Wed Jun  5 14:41:31 2024, Build transit paths, Build tranist network
Wed Jun  5 14:41:50 2024, Build transit paths, Tranist network settings
Wed Jun  5 14:41:52 2024, Build transit paths, Transit assignment PF
Wed Jun  5 14:42:08 2024, Build transit paths, Fill stop layer with base ivtt
Wed Jun  5 14:42:08 2024, Build transit paths, Update transit links with correct ivtt
Wed Jun  5 14:42:09 2024, Build transit paths, Transit skim PF
Wed Jun  5 14:43:41 2024, Build transit paths, Calculate boardings in transfers field
Wed Jun  5 14:43:41 2024, Build transit paths, Build transit paths Loop - OP - Walk - UrbRail -34 of 40
Wed Jun  5 14:43:41 2024, Build transit paths, Build tranist network
Wed Jun  5 14:44:00 2024, Build transit paths, Tranist network settings
Wed Jun  5 14:44:02 2024, Build transit paths, Transit assignment PF
Wed Jun  5 14:44:19 2024, Build transit paths, Fill stop layer with base ivtt
Wed Jun  5 14:44:19 2024, Build transit paths, Update transit links with correct ivtt
Wed Jun  5 14:44:20 2024, Build transit paths, Transit skim PF
Wed Jun  5 14:45:54 2024, Build transit paths, Calculate boardings in transfers field
Wed Jun  5 14:45:55 2024, Build transit paths, Build transit paths Loop - OP - Walk - ComRail -35 of 40
Wed Jun  5 14:45:55 2024, Build transit paths, Build tranist network
Wed Jun  5 14:46:19 2024, Build transit paths, Tranist network settings
Wed Jun  5 14:46:21 2024, Build transit paths, Transit assignment PF
Wed Jun  5 14:46:37 2024, Build transit paths, Fill stop layer with base ivtt
Wed Jun  5 14:46:38 2024, Build transit paths, Update transit links with correct ivtt
Wed Jun  5 14:46:39 2024, Build transit paths, Transit skim PF
Wed Jun  5 14:48:12 2024, Build transit paths, Calculate boardings in transfers field
Wed Jun  5 14:48:13 2024, Build transit paths, Build transit paths Loop - OP - Drive - Local -36 of 40
Wed Jun  5 14:48:13 2024, Build transit paths, Build tranist network
Wed Jun  5 14:48:37 2024, Build transit paths, Tranist network settings
Wed Jun  5 14:48:43 2024, Build transit paths, Transit assignment PF
Wed Jun  5 14:49:19 2024, Build transit paths, Fill stop layer with base ivtt
Wed Jun  5 14:49:20 2024, Build transit paths, Update transit links with correct ivtt
Wed Jun  5 14:49:21 2024, Build transit paths, Transit skim PF
Wed Jun  5 14:51:18 2024, Build transit paths, Calculate boardings in transfers field
Wed Jun  5 14:51:18 2024, Build transit paths, Build transit paths Loop - OP - Drive - Brt -37 of 40
Wed Jun  5 14:51:18 2024, Build transit paths, Build tranist network
Wed Jun  5 14:51:42 2024, Build transit paths, Tranist network settings
Wed Jun  5 14:51:49 2024, Build transit paths, Transit assignment PF
Wed Jun  5 14:52:24 2024, Build transit paths, Fill stop layer with base ivtt
Wed Jun  5 14:52:25 2024, Build transit paths, Update transit links with correct ivtt
Wed Jun  5 14:52:26 2024, Build transit paths, Transit skim PF
Wed Jun  5 14:54:22 2024, Build transit paths, Calculate boardings in transfers field
Wed Jun  5 14:54:23 2024, Build transit paths, Build transit paths Loop - OP - Drive - ExpBus -38 of 40
Wed Jun  5 14:54:23 2024, Build transit paths, Build tranist network
Wed Jun  5 14:54:46 2024, Build transit paths, Tranist network settings
Wed Jun  5 14:54:53 2024, Build transit paths, Transit assignment PF
Wed Jun  5 14:55:29 2024, Build transit paths, Fill stop layer with base ivtt
Wed Jun  5 14:55:29 2024, Build transit paths, Update transit links with correct ivtt
Wed Jun  5 14:55:30 2024, Build transit paths, Transit skim PF
Wed Jun  5 14:57:18 2024, Build transit paths, Calculate boardings in transfers field
Wed Jun  5 14:57:18 2024, Build transit paths, Build transit paths Loop - OP - Drive - UrbRail -39 of 40
Wed Jun  5 14:57:18 2024, Build transit paths, Build tranist network
Wed Jun  5 14:57:42 2024, Build transit paths, Tranist network settings
Wed Jun  5 14:57:49 2024, Build transit paths, Transit assignment PF
Wed Jun  5 14:58:25 2024, Build transit paths, Fill stop layer with base ivtt
Wed Jun  5 14:58:26 2024, Build transit paths, Update transit links with correct ivtt
Wed Jun  5 14:58:27 2024, Build transit paths, Transit skim PF
Wed Jun  5 15:00:28 2024, Build transit paths, Calculate boardings in transfers field
Wed Jun  5 15:00:28 2024, Build transit paths, Build transit paths Loop - OP - Drive - ComRail -40 of 40
Wed Jun  5 15:00:28 2024, Build transit paths, Build tranist network
Wed Jun  5 15:00:52 2024, Build transit paths, Tranist network settings
Wed Jun  5 15:00:59 2024, Build transit paths, Transit assignment PF
Wed Jun  5 15:01:35 2024, Build transit paths, Fill stop layer with base ivtt
Wed Jun  5 15:01:36 2024, Build transit paths, Update transit links with correct ivtt
Wed Jun  5 15:01:37 2024, Build transit paths, Transit skim PF
Wed Jun  5 15:03:29 2024, Build transit paths, Calculate boardings in transfers field
Wed Jun  5 15:03:30 2024, Process transit skims
Wed Jun  5 15:27:10 2024, Create percent walk for TCMS
Wed Jun  5 15:29:24 2024, 4 InternalTruckModel.rsc, Run Internal Truck and Commercial Vehicle Model
Wed Jun  5 15:29:24 2024, Aggregate LandUse
Wed Jun  5 15:29:45 2024, Calculate Accessibilities
Wed Jun  5 15:29:54 2024, Run Truck Model
Wed Jun  5 15:31:29 2024, Run Commercial Vehicle Model
Wed Jun  5 15:31:39 2024, Run Trip Length Summaries
Wed Jun  5 15:31:56 2024, Close All Views
Wed Jun  5 15:31:56 2024, 5 VisitorModel.rsc, Run Visitor Model
Wed Jun  5 15:31:56 2024, Prepare input data
Wed Jun  5 15:32:41 2024, Visitor Trip Gen
Wed Jun  5 15:32:47 2024, Visitor Trip Distribution
Wed Jun  5 15:32:58 2024, Visitor Trip Mode Choice
Wed Jun  5 15:32:59 2024, Visitor Trip Time of Day
Wed Jun  5 15:33:09 2024, 7.1 RunDaySim.rsc,   ****** Run DaySim ****** 
Wed Jun  5 15:33:09 2024, Set transit paramters
Wed Jun  5 15:48:30 2024, Runing OMX Re Export in feedback loop 1
Wed Jun  5 15:48:30 2024, Set transit paramters
Wed Jun  5 19:31:40 2024, Copy DaySim inputs in feedback loop 1
Wed Jun  5 19:31:41 2024, Runing DaySim for iteration 1 in feedback loop 1
Wed Jun  5 19:52:22 2024, 7.1 RunDaySim.rsc,  ******** Build DaySim Trip Matrices ******** 
Wed Jun  5 19:52:22 2024, Set transit paramters
Wed Jun  5 19:52:22 2024, Copying DaySim outputs
Wed Jun  5 20:35:04 2024,  ******************* STARTED Nashville ABM 2019 - Version 19.1.0 ******************* 
Wed Jun  5 20:35:04 2024, 1.1 Initialization.rsc, Initialization
Wed Jun  5 20:40:21 2024, 1.1 Initialization.rsc, Area Type
Wed Jun  5 20:50:19 2024, 1.1 Initialization.rsc, Capacity and FF Speed
Wed Jun  5 21:19:53 2024, 2.1 HwySkimming.rsc,   ****** Highway Skimming ****** 
Wed Jun  5 21:19:53 2024, Build highway network
Wed Jun  5 21:20:00 2024, Shortest path using length
Wed Jun  5 21:20:02 2024, Terminal time
Wed Jun  5 21:20:05 2024, Build HOV skims
Wed Jun  5 21:20:49 2024, Build SOV skims
Wed Jun  5 21:21:50 2024, Save and copy skims
Wed Jun  5 21:22:02 2024, 2.1 HwySkimming.rsc, Finished Highway Skimming
Wed Jun  5 21:22:02 2024, 2.2 TransitSkimming.rsc,   ****** Transit Skimming ****** 
Wed Jun  5 21:22:02 2024, Set transit paramters
Wed Jun  5 21:22:02 2024, Prepare inputs
Wed Jun  5 21:23:59 2024, Build drive connectors
Wed Jun  5 21:27:51 2024, Build transit paths
Wed Jun  5 21:27:51 2024, Build transit paths, Build transit paths Loop - AM - Walk - Local -1 of 40
Wed Jun  5 21:27:51 2024, Build transit paths, Build tranist network
Wed Jun  5 21:28:10 2024, Build transit paths, Tranist network settings
Wed Jun  5 21:28:12 2024, Build transit paths, Transit assignment PF
Wed Jun  5 21:28:28 2024, Build transit paths, Fill stop layer with base ivtt
Wed Jun  5 21:28:29 2024, Build transit paths, Update transit links with correct ivtt
Wed Jun  5 21:28:30 2024, Build transit paths, Transit skim PF
Wed Jun  5 21:30:01 2024, Build transit paths, Calculate boardings in transfers field
Wed Jun  5 21:30:01 2024, Build transit paths, Build transit paths Loop - AM - Walk - Brt -2 of 40
Wed Jun  5 21:30:01 2024, Build transit paths, Build tranist network
Wed Jun  5 21:30:21 2024, Build transit paths, Tranist network settings
Wed Jun  5 21:30:22 2024, Build transit paths, Transit assignment PF
Wed Jun  5 21:30:38 2024, Build transit paths, Fill stop layer with base ivtt
Wed Jun  5 21:30:39 2024, Build transit paths, Update transit links with correct ivtt
Wed Jun  5 21:30:40 2024, Build transit paths, Transit skim PF
Wed Jun  5 21:32:01 2024, Build transit paths, Calculate boardings in transfers field
Wed Jun  5 21:32:02 2024, Build transit paths, Build transit paths Loop - AM - Walk - ExpBus -3 of 40
Wed Jun  5 21:32:02 2024, Build transit paths, Build tranist network
Wed Jun  5 21:32:21 2024, Build transit paths, Tranist network settings
Wed Jun  5 21:32:23 2024, Build transit paths, Transit assignment PF
Wed Jun  5 21:32:40 2024, Build transit paths, Fill stop layer with base ivtt
Wed Jun  5 21:32:40 2024, Build transit paths, Update transit links with correct ivtt
Wed Jun  5 21:32:41 2024, Build transit paths, Transit skim PF
Wed Jun  5 21:34:06 2024, Build transit paths, Calculate boardings in transfers field
Wed Jun  5 21:34:06 2024, Build transit paths, Build transit paths Loop - AM - Walk - UrbRail -4 of 40
Wed Jun  5 21:34:06 2024, Build transit paths, Build tranist network
Wed Jun  5 21:34:25 2024, Build transit paths, Tranist network settings
Wed Jun  5 21:34:27 2024, Build transit paths, Transit assignment PF
Wed Jun  5 21:34:44 2024, Build transit paths, Fill stop layer with base ivtt
Wed Jun  5 21:34:45 2024, Build transit paths, Update transit links with correct ivtt
Wed Jun  5 21:34:46 2024, Build transit paths, Transit skim PF
Wed Jun  5 21:36:10 2024, Build transit paths, Calculate boardings in transfers field
Wed Jun  5 21:36:10 2024, Build transit paths, Build transit paths Loop - AM - Walk - ComRail -5 of 40
Wed Jun  5 21:36:10 2024, Build transit paths, Build tranist network
Wed Jun  5 21:36:30 2024, Build transit paths, Tranist network settings
Wed Jun  5 21:36:31 2024, Build transit paths, Transit assignment PF
Wed Jun  5 21:36:50 2024, Build transit paths, Fill stop layer with base ivtt
Wed Jun  5 21:36:50 2024, Build transit paths, Update transit links with correct ivtt
Wed Jun  5 21:36:51 2024, Build transit paths, Transit skim PF
Wed Jun  5 21:38:21 2024, Build transit paths, Calculate boardings in transfers field
Wed Jun  5 21:38:21 2024, Build transit paths, Build transit paths Loop - AM - Drive - Local -6 of 40
Wed Jun  5 21:38:21 2024, Build transit paths, Build tranist network
Wed Jun  5 21:38:40 2024, Build transit paths, Tranist network settings
Wed Jun  5 21:38:46 2024, Build transit paths, Transit assignment PF
Wed Jun  5 21:39:02 2024, Build transit paths, Fill stop layer with base ivtt
Wed Jun  5 21:39:03 2024, Build transit paths, Update transit links with correct ivtt
Wed Jun  5 21:39:04 2024, Build transit paths, Transit skim PF
Wed Jun  5 21:40:05 2024, Build transit paths, Calculate boardings in transfers field
Wed Jun  5 21:40:05 2024, Build transit paths, Build transit paths Loop - AM - Drive - Brt -7 of 40
Wed Jun  5 21:40:05 2024, Build transit paths, Build tranist network
Wed Jun  5 21:40:24 2024, Build transit paths, Tranist network settings
Wed Jun  5 21:40:30 2024, Build transit paths, Transit assignment PF
Wed Jun  5 21:40:46 2024, Build transit paths, Fill stop layer with base ivtt
Wed Jun  5 21:40:47 2024, Build transit paths, Update transit links with correct ivtt
Wed Jun  5 21:40:48 2024, Build transit paths, Transit skim PF
Wed Jun  5 21:41:44 2024, Build transit paths, Calculate boardings in transfers field
Wed Jun  5 21:41:44 2024, Build transit paths, Build transit paths Loop - AM - Drive - ExpBus -8 of 40
Wed Jun  5 21:41:44 2024, Build transit paths, Build tranist network
Wed Jun  5 21:42:03 2024, Build transit paths, Tranist network settings
Wed Jun  5 21:42:09 2024, Build transit paths, Transit assignment PF
Wed Jun  5 21:42:26 2024, Build transit paths, Fill stop layer with base ivtt
Wed Jun  5 21:42:26 2024, Build transit paths, Update transit links with correct ivtt
Wed Jun  5 21:42:27 2024, Build transit paths, Transit skim PF
Wed Jun  5 21:43:25 2024, Build transit paths, Calculate boardings in transfers field
Wed Jun  5 21:43:26 2024, Build transit paths, Build transit paths Loop - AM - Drive - UrbRail -9 of 40
Wed Jun  5 21:43:26 2024, Build transit paths, Build tranist network
Wed Jun  5 21:43:45 2024, Build transit paths, Tranist network settings
Wed Jun  5 21:43:50 2024, Build transit paths, Transit assignment PF
Wed Jun  5 21:44:08 2024, Build transit paths, Fill stop layer with base ivtt
Wed Jun  5 21:44:08 2024, Build transit paths, Update transit links with correct ivtt
Wed Jun  5 21:44:09 2024, Build transit paths, Transit skim PF
Wed Jun  5 21:45:04 2024, Build transit paths, Calculate boardings in transfers field
Wed Jun  5 21:45:04 2024, Build transit paths, Build transit paths Loop - AM - Drive - ComRail -10 of 40
Wed Jun  5 21:45:04 2024, Build transit paths, Build tranist network
Wed Jun  5 21:45:24 2024, Build transit paths, Tranist network settings
Wed Jun  5 21:45:29 2024, Build transit paths, Transit assignment PF
Wed Jun  5 21:45:47 2024, Build transit paths, Fill stop layer with base ivtt
Wed Jun  5 21:45:48 2024, Build transit paths, Update transit links with correct ivtt
Wed Jun  5 21:45:49 2024, Build transit paths, Transit skim PF
Wed Jun  5 21:46:44 2024, Build transit paths, Calculate boardings in transfers field
Wed Jun  5 21:46:44 2024, Build transit paths, Build transit paths Loop - MD - Walk - Local -11 of 40
Wed Jun  5 21:46:44 2024, Build transit paths, Build tranist network
Wed Jun  5 21:47:03 2024, Build transit paths, Tranist network settings
Wed Jun  5 21:47:05 2024, Build transit paths, Transit assignment PF
Wed Jun  5 21:47:21 2024, Build transit paths, Fill stop layer with base ivtt
Wed Jun  5 21:47:22 2024, Build transit paths, Update transit links with correct ivtt
Wed Jun  5 21:47:23 2024, Build transit paths, Transit skim PF
Wed Jun  5 21:48:44 2024, Build transit paths, Calculate boardings in transfers field
Wed Jun  5 21:48:45 2024, Build transit paths, Build transit paths Loop - MD - Walk - Brt -12 of 40
Wed Jun  5 21:48:45 2024, Build transit paths, Build tranist network
Wed Jun  5 21:49:04 2024, Build transit paths, Tranist network settings
Wed Jun  5 21:49:05 2024, Build transit paths, Transit assignment PF
Wed Jun  5 21:49:22 2024, Build transit paths, Fill stop layer with base ivtt
Wed Jun  5 21:49:22 2024, Build transit paths, Update transit links with correct ivtt
Wed Jun  5 21:49:23 2024, Build transit paths, Transit skim PF
Wed Jun  5 21:50:46 2024, Build transit paths, Calculate boardings in transfers field
Wed Jun  5 21:50:46 2024, Build transit paths, Build transit paths Loop - MD - Walk - ExpBus -13 of 40
Wed Jun  5 21:50:46 2024, Build transit paths, Build tranist network
Wed Jun  5 21:51:05 2024, Build transit paths, Tranist network settings
Wed Jun  5 21:51:06 2024, Build transit paths, Transit assignment PF
Wed Jun  5 21:51:23 2024, Build transit paths, Fill stop layer with base ivtt
Wed Jun  5 21:51:24 2024, Build transit paths, Update transit links with correct ivtt
Wed Jun  5 21:51:25 2024, Build transit paths, Transit skim PF
Wed Jun  5 21:52:48 2024, Build transit paths, Calculate boardings in transfers field
Wed Jun  5 21:52:48 2024, Build transit paths, Build transit paths Loop - MD - Walk - UrbRail -14 of 40
Wed Jun  5 21:52:48 2024, Build transit paths, Build tranist network
Wed Jun  5 21:53:07 2024, Build transit paths, Tranist network settings
Wed Jun  5 21:53:09 2024, Build transit paths, Transit assignment PF
Wed Jun  5 21:53:26 2024, Build transit paths, Fill stop layer with base ivtt
Wed Jun  5 21:53:26 2024, Build transit paths, Update transit links with correct ivtt
Wed Jun  5 21:53:27 2024, Build transit paths, Transit skim PF
Wed Jun  5 21:54:51 2024, Build transit paths, Calculate boardings in transfers field
Wed Jun  5 21:54:51 2024, Build transit paths, Build transit paths Loop - MD - Walk - ComRail -15 of 40
Wed Jun  5 21:54:51 2024, Build transit paths, Build tranist network
Wed Jun  5 21:55:11 2024, Build transit paths, Tranist network settings
Wed Jun  5 21:55:12 2024, Build transit paths, Transit assignment PF
Wed Jun  5 21:55:29 2024, Build transit paths, Fill stop layer with base ivtt
Wed Jun  5 21:55:30 2024, Build transit paths, Update transit links with correct ivtt
Wed Jun  5 21:55:31 2024, Build transit paths, Transit skim PF
Wed Jun  5 21:56:55 2024, Build transit paths, Calculate boardings in transfers field
Wed Jun  5 21:56:56 2024, Build transit paths, Build transit paths Loop - MD - Drive - Local -16 of 40
Wed Jun  5 21:56:56 2024, Build transit paths, Build tranist network
Wed Jun  5 21:57:15 2024, Build transit paths, Tranist network settings
Wed Jun  5 21:57:20 2024, Build transit paths, Transit assignment PF
Wed Jun  5 21:57:37 2024, Build transit paths, Fill stop layer with base ivtt
Wed Jun  5 21:57:38 2024, Build transit paths, Update transit links with correct ivtt
Wed Jun  5 21:57:39 2024, Build transit paths, Transit skim PF
Wed Jun  5 21:58:31 2024, Build transit paths, Calculate boardings in transfers field
Wed Jun  5 21:58:31 2024, Build transit paths, Build transit paths Loop - MD - Drive - Brt -17 of 40
Wed Jun  5 21:58:31 2024, Build transit paths, Build tranist network
Wed Jun  5 21:58:50 2024, Build transit paths, Tranist network settings
Wed Jun  5 21:58:56 2024, Build transit paths, Transit assignment PF
Wed Jun  5 21:59:12 2024, Build transit paths, Fill stop layer with base ivtt
Wed Jun  5 21:59:13 2024, Build transit paths, Update transit links with correct ivtt
Wed Jun  5 21:59:14 2024, Build transit paths, Transit skim PF
Wed Jun  5 22:00:04 2024, Build transit paths, Calculate boardings in transfers field
Wed Jun  5 22:00:04 2024, Build transit paths, Build transit paths Loop - MD - Drive - ExpBus -18 of 40
Wed Jun  5 22:00:04 2024, Build transit paths, Build tranist network
Wed Jun  5 22:00:24 2024, Build transit paths, Tranist network settings
Wed Jun  5 22:00:29 2024, Build transit paths, Transit assignment PF
Wed Jun  5 22:00:46 2024, Build transit paths, Fill stop layer with base ivtt
Wed Jun  5 22:00:47 2024, Build transit paths, Update transit links with correct ivtt
Wed Jun  5 22:00:48 2024, Build transit paths, Transit skim PF
Wed Jun  5 22:01:41 2024, Build transit paths, Calculate boardings in transfers field
Wed Jun  5 22:01:42 2024, Build transit paths, Build transit paths Loop - MD - Drive - UrbRail -19 of 40
Wed Jun  5 22:01:42 2024, Build transit paths, Build tranist network
Wed Jun  5 22:02:01 2024, Build transit paths, Tranist network settings
Wed Jun  5 22:02:07 2024, Build transit paths, Transit assignment PF
Wed Jun  5 22:02:24 2024, Build transit paths, Fill stop layer with base ivtt
Wed Jun  5 22:02:24 2024, Build transit paths, Update transit links with correct ivtt
Wed Jun  5 22:02:25 2024, Build transit paths, Transit skim PF
Wed Jun  5 22:03:18 2024, Build transit paths, Calculate boardings in transfers field
Wed Jun  5 22:03:18 2024, Build transit paths, Build transit paths Loop - MD - Drive - ComRail -20 of 40
Wed Jun  5 22:03:18 2024, Build transit paths, Build tranist network
Wed Jun  5 22:03:37 2024, Build transit paths, Tranist network settings
Wed Jun  5 22:03:43 2024, Build transit paths, Transit assignment PF
Wed Jun  5 22:04:01 2024, Build transit paths, Fill stop layer with base ivtt
Wed Jun  5 22:04:02 2024, Build transit paths, Update transit links with correct ivtt
Wed Jun  5 22:04:03 2024, Build transit paths, Transit skim PF
Wed Jun  5 22:05:10 2024, Build transit paths, Calculate boardings in transfers field
Wed Jun  5 22:05:11 2024, Build transit paths, Build transit paths Loop - PM - Walk - Local -21 of 40
Wed Jun  5 22:05:11 2024, Build transit paths, Build tranist network
Wed Jun  5 22:05:30 2024, Build transit paths, Tranist network settings
Wed Jun  5 22:05:32 2024, Build transit paths, Transit assignment PF
Wed Jun  5 22:05:48 2024, Build transit paths, Fill stop layer with base ivtt
Wed Jun  5 22:05:49 2024, Build transit paths, Update transit links with correct ivtt
Wed Jun  5 22:05:50 2024, Build transit paths, Transit skim PF
Wed Jun  5 22:07:12 2024, Build transit paths, Calculate boardings in transfers field
Wed Jun  5 22:07:13 2024, Build transit paths, Build transit paths Loop - PM - Walk - Brt -22 of 40
Wed Jun  5 22:07:13 2024, Build transit paths, Build tranist network
Wed Jun  5 22:07:32 2024, Build transit paths, Tranist network settings
Wed Jun  5 22:07:34 2024, Build transit paths, Transit assignment PF
Wed Jun  5 22:07:50 2024, Build transit paths, Fill stop layer with base ivtt
Wed Jun  5 22:07:51 2024, Build transit paths, Update transit links with correct ivtt
Wed Jun  5 22:07:52 2024, Build transit paths, Transit skim PF
Wed Jun  5 22:09:15 2024, Build transit paths, Calculate boardings in transfers field
Wed Jun  5 22:09:15 2024, Build transit paths, Build transit paths Loop - PM - Walk - ExpBus -23 of 40
Wed Jun  5 22:09:15 2024, Build transit paths, Build tranist network
Wed Jun  5 22:09:34 2024, Build transit paths, Tranist network settings
Wed Jun  5 22:09:36 2024, Build transit paths, Transit assignment PF
Wed Jun  5 22:09:54 2024, Build transit paths, Fill stop layer with base ivtt
Wed Jun  5 22:09:54 2024, Build transit paths, Update transit links with correct ivtt
Wed Jun  5 22:09:55 2024, Build transit paths, Transit skim PF
Wed Jun  5 22:11:22 2024, Build transit paths, Calculate boardings in transfers field
Wed Jun  5 22:11:22 2024, Build transit paths, Build transit paths Loop - PM - Walk - UrbRail -24 of 40
Wed Jun  5 22:11:22 2024, Build transit paths, Build tranist network
Wed Jun  5 22:11:41 2024, Build transit paths, Tranist network settings
Wed Jun  5 22:11:43 2024, Build transit paths, Transit assignment PF
Wed Jun  5 22:12:01 2024, Build transit paths, Fill stop layer with base ivtt
Wed Jun  5 22:12:01 2024, Build transit paths, Update transit links with correct ivtt
Wed Jun  5 22:12:02 2024, Build transit paths, Transit skim PF
Wed Jun  5 22:13:29 2024, Build transit paths, Calculate boardings in transfers field
Wed Jun  5 22:13:29 2024, Build transit paths, Build transit paths Loop - PM - Walk - ComRail -25 of 40
Wed Jun  5 22:13:29 2024, Build transit paths, Build tranist network
Wed Jun  5 22:13:49 2024, Build transit paths, Tranist network settings
Wed Jun  5 22:13:50 2024, Build transit paths, Transit assignment PF
Wed Jun  5 22:14:09 2024, Build transit paths, Fill stop layer with base ivtt
Wed Jun  5 22:14:09 2024, Build transit paths, Update transit links with correct ivtt
Wed Jun  5 22:14:10 2024, Build transit paths, Transit skim PF
Wed Jun  5 22:15:38 2024, Build transit paths, Calculate boardings in transfers field
Wed Jun  5 22:15:38 2024, Build transit paths, Build transit paths Loop - PM - Drive - Local -26 of 40
Wed Jun  5 22:15:38 2024, Build transit paths, Build tranist network
Wed Jun  5 22:15:58 2024, Build transit paths, Tranist network settings
Wed Jun  5 22:16:03 2024, Build transit paths, Transit assignment PF
Wed Jun  5 22:16:35 2024, Build transit paths, Fill stop layer with base ivtt
Wed Jun  5 22:16:35 2024, Build transit paths, Update transit links with correct ivtt
Wed Jun  5 22:16:36 2024, Build transit paths, Transit skim PF
Wed Jun  5 22:18:10 2024, Build transit paths, Calculate boardings in transfers field
Wed Jun  5 22:18:10 2024, Build transit paths, Build transit paths Loop - PM - Drive - Brt -27 of 40
Wed Jun  5 22:18:10 2024, Build transit paths, Build tranist network
Wed Jun  5 22:18:29 2024, Build transit paths, Tranist network settings
Wed Jun  5 22:18:35 2024, Build transit paths, Transit assignment PF
Wed Jun  5 22:19:07 2024, Build transit paths, Fill stop layer with base ivtt
Wed Jun  5 22:19:08 2024, Build transit paths, Update transit links with correct ivtt
Wed Jun  5 22:19:09 2024, Build transit paths, Transit skim PF
Wed Jun  5 22:20:44 2024, Build transit paths, Calculate boardings in transfers field
Wed Jun  5 22:20:44 2024, Build transit paths, Build transit paths Loop - PM - Drive - ExpBus -28 of 40
Wed Jun  5 22:20:44 2024, Build transit paths, Build tranist network
Wed Jun  5 22:21:03 2024, Build transit paths, Tranist network settings
Wed Jun  5 22:21:09 2024, Build transit paths, Transit assignment PF
Wed Jun  5 22:21:43 2024, Build transit paths, Fill stop layer with base ivtt
Wed Jun  5 22:21:44 2024, Build transit paths, Update transit links with correct ivtt
Wed Jun  5 22:21:45 2024, Build transit paths, Transit skim PF
Wed Jun  5 22:23:21 2024, Build transit paths, Calculate boardings in transfers field
Wed Jun  5 22:23:21 2024, Build transit paths, Build transit paths Loop - PM - Drive - UrbRail -29 of 40
Wed Jun  5 22:23:21 2024, Build transit paths, Build tranist network
Wed Jun  5 22:23:40 2024, Build transit paths, Tranist network settings
Wed Jun  5 22:23:46 2024, Build transit paths, Transit assignment PF
Wed Jun  5 22:24:20 2024, Build transit paths, Fill stop layer with base ivtt
Wed Jun  5 22:24:20 2024, Build transit paths, Update transit links with correct ivtt
Wed Jun  5 22:24:21 2024, Build transit paths, Transit skim PF
Wed Jun  5 22:25:57 2024, Build transit paths, Calculate boardings in transfers field
Wed Jun  5 22:25:58 2024, Build transit paths, Build transit paths Loop - PM - Drive - ComRail -30 of 40
Wed Jun  5 22:25:58 2024, Build transit paths, Build tranist network
Wed Jun  5 22:26:17 2024, Build transit paths, Tranist network settings
Wed Jun  5 22:26:22 2024, Build transit paths, Transit assignment PF
Wed Jun  5 22:26:57 2024, Build transit paths, Fill stop layer with base ivtt
Wed Jun  5 22:26:58 2024, Build transit paths, Update transit links with correct ivtt
Wed Jun  5 22:26:59 2024, Build transit paths, Transit skim PF
Wed Jun  5 22:28:36 2024, Build transit paths, Calculate boardings in transfers field
Wed Jun  5 22:28:36 2024, Build transit paths, Build transit paths Loop - OP - Walk - Local -31 of 40
Wed Jun  5 22:28:36 2024, Build transit paths, Build tranist network
Wed Jun  5 22:28:55 2024, Build transit paths, Tranist network settings
Wed Jun  5 22:28:56 2024, Build transit paths, Transit assignment PF
Wed Jun  5 22:29:12 2024, Build transit paths, Fill stop layer with base ivtt
Wed Jun  5 22:29:13 2024, Build transit paths, Update transit links with correct ivtt
Wed Jun  5 22:29:14 2024, Build transit paths, Transit skim PF
Wed Jun  5 22:30:35 2024, Build transit paths, Calculate boardings in transfers field
Wed Jun  5 22:30:35 2024, Build transit paths, Build transit paths Loop - OP - Walk - Brt -32 of 40
Wed Jun  5 22:30:35 2024, Build transit paths, Build tranist network
Wed Jun  5 22:30:54 2024, Build transit paths, Tranist network settings
Wed Jun  5 22:30:55 2024, Build transit paths, Transit assignment PF
Wed Jun  5 22:31:11 2024, Build transit paths, Fill stop layer with base ivtt
Wed Jun  5 22:31:11 2024, Build transit paths, Update transit links with correct ivtt
Wed Jun  5 22:31:12 2024, Build transit paths, Transit skim PF
Wed Jun  5 22:32:34 2024, Build transit paths, Calculate boardings in transfers field
Wed Jun  5 22:32:34 2024, Build transit paths, Build transit paths Loop - OP - Walk - ExpBus -33 of 40
Wed Jun  5 22:32:34 2024, Build transit paths, Build tranist network
Wed Jun  5 22:32:53 2024, Build transit paths, Tranist network settings
Wed Jun  5 22:32:55 2024, Build transit paths, Transit assignment PF
Wed Jun  5 22:33:11 2024, Build transit paths, Fill stop layer with base ivtt
Wed Jun  5 22:33:11 2024, Build transit paths, Update transit links with correct ivtt
Wed Jun  5 22:33:12 2024, Build transit paths, Transit skim PF
Wed Jun  5 22:34:35 2024, Build transit paths, Calculate boardings in transfers field
Wed Jun  5 22:34:35 2024, Build transit paths, Build transit paths Loop - OP - Walk - UrbRail -34 of 40
Wed Jun  5 22:34:35 2024, Build transit paths, Build tranist network
Wed Jun  5 22:34:54 2024, Build transit paths, Tranist network settings
Wed Jun  5 22:34:56 2024, Build transit paths, Transit assignment PF
Wed Jun  5 22:35:11 2024, Build transit paths, Fill stop layer with base ivtt
Wed Jun  5 22:35:12 2024, Build transit paths, Update transit links with correct ivtt
Wed Jun  5 22:35:13 2024, Build transit paths, Transit skim PF
Wed Jun  5 22:36:33 2024, Build transit paths, Calculate boardings in transfers field
Wed Jun  5 22:36:34 2024, Build transit paths, Build transit paths Loop - OP - Walk - ComRail -35 of 40
Wed Jun  5 22:36:34 2024, Build transit paths, Build tranist network
Wed Jun  5 22:36:52 2024, Build transit paths, Tranist network settings
Wed Jun  5 22:36:54 2024, Build transit paths, Transit assignment PF
Wed Jun  5 22:37:11 2024, Build transit paths, Fill stop layer with base ivtt
Wed Jun  5 22:37:11 2024, Build transit paths, Update transit links with correct ivtt
Wed Jun  5 22:37:12 2024, Build transit paths, Transit skim PF
Wed Jun  5 22:38:37 2024, Build transit paths, Calculate boardings in transfers field
Wed Jun  5 22:38:38 2024, Build transit paths, Build transit paths Loop - OP - Drive - Local -36 of 40
Wed Jun  5 22:38:38 2024, Build transit paths, Build tranist network
Wed Jun  5 22:38:57 2024, Build transit paths, Tranist network settings
Wed Jun  5 22:39:02 2024, Build transit paths, Transit assignment PF
Wed Jun  5 22:39:34 2024, Build transit paths, Fill stop layer with base ivtt
Wed Jun  5 22:39:34 2024, Build transit paths, Update transit links with correct ivtt
Wed Jun  5 22:39:35 2024, Build transit paths, Transit skim PF
Wed Jun  5 22:41:09 2024, Build transit paths, Calculate boardings in transfers field
Wed Jun  5 22:41:09 2024, Build transit paths, Build transit paths Loop - OP - Drive - Brt -37 of 40
Wed Jun  5 22:41:09 2024, Build transit paths, Build tranist network
Wed Jun  5 22:41:28 2024, Build transit paths, Tranist network settings
Wed Jun  5 22:41:33 2024, Build transit paths, Transit assignment PF
Wed Jun  5 22:42:05 2024, Build transit paths, Fill stop layer with base ivtt
Wed Jun  5 22:42:05 2024, Build transit paths, Update transit links with correct ivtt
Wed Jun  5 22:42:06 2024, Build transit paths, Transit skim PF
Wed Jun  5 22:43:42 2024, Build transit paths, Calculate boardings in transfers field
Wed Jun  5 22:43:42 2024, Build transit paths, Build transit paths Loop - OP - Drive - ExpBus -38 of 40
Wed Jun  5 22:43:42 2024, Build transit paths, Build tranist network
Wed Jun  5 22:44:01 2024, Build transit paths, Tranist network settings
Wed Jun  5 22:44:06 2024, Build transit paths, Transit assignment PF
Wed Jun  5 22:44:39 2024, Build transit paths, Fill stop layer with base ivtt
Wed Jun  5 22:44:39 2024, Build transit paths, Update transit links with correct ivtt
Wed Jun  5 22:44:40 2024, Build transit paths, Transit skim PF
Wed Jun  5 22:46:14 2024, Build transit paths, Calculate boardings in transfers field
Wed Jun  5 22:46:15 2024, Build transit paths, Build transit paths Loop - OP - Drive - UrbRail -39 of 40
Wed Jun  5 22:46:15 2024, Build transit paths, Build tranist network
Wed Jun  5 22:46:33 2024, Build transit paths, Tranist network settings
Wed Jun  5 22:46:39 2024, Build transit paths, Transit assignment PF
Wed Jun  5 22:47:11 2024, Build transit paths, Fill stop layer with base ivtt
Wed Jun  5 22:47:12 2024, Build transit paths, Update transit links with correct ivtt
Wed Jun  5 22:47:13 2024, Build transit paths, Transit skim PF
Wed Jun  5 22:48:47 2024, Build transit paths, Calculate boardings in transfers field
Wed Jun  5 22:48:48 2024, Build transit paths, Build transit paths Loop - OP - Drive - ComRail -40 of 40
Wed Jun  5 22:48:48 2024, Build transit paths, Build tranist network
Wed Jun  5 22:49:07 2024, Build transit paths, Tranist network settings
Wed Jun  5 22:49:12 2024, Build transit paths, Transit assignment PF
Wed Jun  5 22:49:45 2024, Build transit paths, Fill stop layer with base ivtt
Wed Jun  5 22:49:45 2024, Build transit paths, Update transit links with correct ivtt
Wed Jun  5 22:49:46 2024, Build transit paths, Transit skim PF
Wed Jun  5 22:51:22 2024, Build transit paths, Calculate boardings in transfers field
Wed Jun  5 22:51:22 2024, Process transit skims
Wed Jun  5 23:14:16 2024, Create percent walk for TCMS
Wed Jun  5 23:16:27 2024, 4 InternalTruckModel.rsc, Run Internal Truck and Commercial Vehicle Model
Wed Jun  5 23:16:27 2024, Aggregate LandUse
Wed Jun  5 23:16:48 2024, Calculate Accessibilities
Wed Jun  5 23:16:57 2024, Run Truck Model
Wed Jun  5 23:18:35 2024, Run Commercial Vehicle Model
Wed Jun  5 23:18:46 2024, Run Trip Length Summaries
Wed Jun  5 23:19:01 2024, Close All Views
Wed Jun  5 23:19:01 2024, 5 VisitorModel.rsc, Run Visitor Model
Wed Jun  5 23:19:02 2024, Prepare input data
Wed Jun  5 23:19:46 2024, Visitor Trip Gen
Wed Jun  5 23:19:51 2024, Visitor Trip Distribution
Wed Jun  5 23:20:04 2024, Visitor Trip Mode Choice
Wed Jun  5 23:20:05 2024, Visitor Trip Time of Day
Wed Jun  5 23:20:14 2024, 7.1 RunDaySim.rsc,   ****** Run DaySim ****** 
Wed Jun  5 23:20:14 2024, Set transit paramters
Wed Jun  5 23:35:37 2024, Runing OMX Re Export in feedback loop 1
Wed Jun  5 23:35:37 2024, Set transit paramters
Thu Jun  6 03:14:35 2024, Copy DaySim inputs in feedback loop 1
Thu Jun  6 03:14:35 2024, Runing DaySim for iteration 1 in feedback loop 1
Thu Jun  6 04:18:34 2024, 7.1 RunDaySim.rsc,  ******** Build DaySim Trip Matrices ******** 
Thu Jun  6 04:18:34 2024, Set transit paramters
Thu Jun  6 04:18:34 2024, Copying DaySim outputs
Thu Jun  6 04:18:47 2024, Joining trip and tour files
Thu Jun  6 04:24:12 2024, Processing trips ... , Auto
Thu Jun  6 04:24:12 2024, Processing trips for: , AM
Thu Jun  6 04:33:48 2024, Processing trips for: , MD
Thu Jun  6 04:42:24 2024, Processing trips for: , PM
Thu Jun  6 04:52:26 2024, Processing trips for: , OP
Thu Jun  6 04:56:47 2024, Processing trips ... , Transit
Thu Jun  6 04:56:47 2024, Processing trips trips for: , AM
Thu Jun  6 05:01:58 2024, Processing trips trips for: , MD
Thu Jun  6 05:03:49 2024, Processing trips trips for: , PM
Thu Jun  6 05:05:59 2024, Processing trips trips for: , OP
Thu Jun  6 05:07:01 2024, Set transit paramters
Thu Jun  6 05:07:03 2024, 8.1 HwyAssignment.rsc,   ****** Pre Assignment ****** 
Thu Jun  6 05:07:03 2024, Add visitor trips 
Thu Jun  6 05:07:05 2024, Add internal truck demand 
Thu Jun  6 05:07:06 2024, Add internal commercial vehicle demand 
Thu Jun  6 05:07:07 2024, Add external truck demand 
Thu Jun  6 05:07:35 2024, Add external auto demand 
Thu Jun  6 05:07:41 2024, Highway Assignment - Processing Matrices for , AM
Thu Jun  6 05:08:06 2024, Highway Assignment - Processing Matrices for , MD
Thu Jun  6 05:08:15 2024, Highway Assignment - Processing Matrices for , PM
Thu Jun  6 05:08:35 2024, Highway Assignment - Processing Matrices for , OP
Thu Jun  6 05:08:44 2024, Highway Assignment - Network Settings
Thu Jun  6 05:08:46 2024, Highway Assignment - Preload Assignment for AM
Thu Jun  6 05:09:33 2024, Highway Assignment - Preload Assignment for MD
Thu Jun  6 05:11:12 2024, Highway Assignment - Preload Assignment for PM
Thu Jun  6 05:12:43 2024, Highway Assignment - Preload Assignment for OP
Thu Jun  6 05:13:32 2024, Highway Assignment - General Assignment for AM
Thu Jun  6 05:22:01 2024, Highway Assignment - General Assignment for MD
Thu Jun  6 05:25:46 2024, Highway Assignment - General Assignment for PM
Thu Jun  6 05:34:10 2024, Highway Assignment - General Assignment for OP
Thu Jun  6 05:36:02 2024, 8.1 HwyAssignment.rsc,   ****** Highway Post Processor ****** 
Thu Jun  6 05:50:33 2024, 8.3 FeedbackLoop.rsc,   ****** Update Travel Times ****** 
Thu Jun  6 05:52:08 2024, 2.1 HwySkimming.rsc,   ****** Highway Skimming ****** 
Thu Jun  6 05:52:08 2024, Build highway network
Thu Jun  6 05:52:09 2024, Shortest path using length
Thu Jun  6 05:52:12 2024, Terminal time
Thu Jun  6 05:52:14 2024, Build HOV skims
Thu Jun  6 05:52:55 2024, Build SOV skims
Thu Jun  6 05:54:02 2024, Save and copy skims
Thu Jun  6 05:54:19 2024, 2.1 HwySkimming.rsc, Finished Highway Skimming
Thu Jun  6 05:54:19 2024, 2.2 TransitSkimming.rsc,   ****** Transit Skimming ****** 
Thu Jun  6 05:54:19 2024, Set transit paramters
Thu Jun  6 05:54:19 2024, Prepare inputs
Thu Jun  6 05:56:28 2024, Build drive connectors
Thu Jun  6 06:00:49 2024, Build transit paths
Thu Jun  6 06:00:49 2024, Build transit paths, Build transit paths Loop - AM - Walk - Local -1 of 40
Thu Jun  6 06:00:49 2024, Build transit paths, Build tranist network
Thu Jun  6 06:01:13 2024, Build transit paths, Tranist network settings
Thu Jun  6 06:01:15 2024, Build transit paths, Transit assignment PF
Thu Jun  6 06:01:32 2024, Build transit paths, Fill stop layer with base ivtt
Thu Jun  6 06:01:32 2024, Build transit paths, Update transit links with correct ivtt
Thu Jun  6 06:01:33 2024, Build transit paths, Transit skim PF
Thu Jun  6 06:03:15 2024, Build transit paths, Calculate boardings in transfers field
Thu Jun  6 06:03:15 2024, Build transit paths, Build transit paths Loop - AM - Walk - Brt -2 of 40
Thu Jun  6 06:03:15 2024, Build transit paths, Build tranist network
Thu Jun  6 06:03:39 2024, Build transit paths, Tranist network settings
Thu Jun  6 06:03:41 2024, Build transit paths, Transit assignment PF
Thu Jun  6 06:03:58 2024, Build transit paths, Fill stop layer with base ivtt
Thu Jun  6 06:03:58 2024, Build transit paths, Update transit links with correct ivtt
Thu Jun  6 06:03:59 2024, Build transit paths, Transit skim PF
Thu Jun  6 06:05:31 2024, Build transit paths, Calculate boardings in transfers field
Thu Jun  6 06:05:31 2024, Build transit paths, Build transit paths Loop - AM - Walk - ExpBus -3 of 40
Thu Jun  6 06:05:31 2024, Build transit paths, Build tranist network
Thu Jun  6 06:05:55 2024, Build transit paths, Tranist network settings
Thu Jun  6 06:05:57 2024, Build transit paths, Transit assignment PF
Thu Jun  6 06:06:15 2024, Build transit paths, Fill stop layer with base ivtt
Thu Jun  6 06:06:16 2024, Build transit paths, Update transit links with correct ivtt
Thu Jun  6 06:06:17 2024, Build transit paths, Transit skim PF
Thu Jun  6 06:07:51 2024, Build transit paths, Calculate boardings in transfers field
Thu Jun  6 06:07:51 2024, Build transit paths, Build transit paths Loop - AM - Walk - UrbRail -4 of 40
Thu Jun  6 06:07:51 2024, Build transit paths, Build tranist network
Thu Jun  6 06:08:16 2024, Build transit paths, Tranist network settings
Thu Jun  6 06:08:17 2024, Build transit paths, Transit assignment PF
Thu Jun  6 06:08:36 2024, Build transit paths, Fill stop layer with base ivtt
Thu Jun  6 06:08:36 2024, Build transit paths, Update transit links with correct ivtt
Thu Jun  6 06:08:37 2024, Build transit paths, Transit skim PF
Thu Jun  6 06:10:11 2024, Build transit paths, Calculate boardings in transfers field
Thu Jun  6 06:10:12 2024, Build transit paths, Build transit paths Loop - AM - Walk - ComRail -5 of 40
Thu Jun  6 06:10:12 2024, Build transit paths, Build tranist network
Thu Jun  6 06:10:36 2024, Build transit paths, Tranist network settings
Thu Jun  6 06:10:38 2024, Build transit paths, Transit assignment PF
Thu Jun  6 06:10:58 2024, Build transit paths, Fill stop layer with base ivtt
Thu Jun  6 06:10:59 2024, Build transit paths, Update transit links with correct ivtt
Thu Jun  6 06:11:00 2024, Build transit paths, Transit skim PF
Thu Jun  6 06:12:36 2024, Build transit paths, Calculate boardings in transfers field
Thu Jun  6 06:12:37 2024, Build transit paths, Build transit paths Loop - AM - Drive - Local -6 of 40
Thu Jun  6 06:12:37 2024, Build transit paths, Build tranist network
Thu Jun  6 06:13:01 2024, Build transit paths, Tranist network settings
Thu Jun  6 06:13:08 2024, Build transit paths, Transit assignment PF
Thu Jun  6 06:13:24 2024, Build transit paths, Fill stop layer with base ivtt
Thu Jun  6 06:13:25 2024, Build transit paths, Update transit links with correct ivtt
Thu Jun  6 06:13:26 2024, Build transit paths, Transit skim PF
Thu Jun  6 06:14:25 2024, Build transit paths, Calculate boardings in transfers field
Thu Jun  6 06:14:25 2024, Build transit paths, Build transit paths Loop - AM - Drive - Brt -7 of 40
Thu Jun  6 06:14:25 2024, Build transit paths, Build tranist network
Thu Jun  6 06:14:49 2024, Build transit paths, Tranist network settings
Thu Jun  6 06:14:55 2024, Build transit paths, Transit assignment PF
Thu Jun  6 06:15:12 2024, Build transit paths, Fill stop layer with base ivtt
Thu Jun  6 06:15:13 2024, Build transit paths, Update transit links with correct ivtt
Thu Jun  6 06:15:14 2024, Build transit paths, Transit skim PF
Thu Jun  6 06:16:13 2024, Build transit paths, Calculate boardings in transfers field
Thu Jun  6 06:16:13 2024, Build transit paths, Build transit paths Loop - AM - Drive - ExpBus -8 of 40
Thu Jun  6 06:16:13 2024, Build transit paths, Build tranist network
Thu Jun  6 06:16:37 2024, Build transit paths, Tranist network settings
Thu Jun  6 06:16:44 2024, Build transit paths, Transit assignment PF
Thu Jun  6 06:17:02 2024, Build transit paths, Fill stop layer with base ivtt
Thu Jun  6 06:17:02 2024, Build transit paths, Update transit links with correct ivtt
Thu Jun  6 06:17:03 2024, Build transit paths, Transit skim PF
Thu Jun  6 06:18:04 2024, Build transit paths, Calculate boardings in transfers field
Thu Jun  6 06:18:05 2024, Build transit paths, Build transit paths Loop - AM - Drive - UrbRail -9 of 40
Thu Jun  6 06:18:05 2024, Build transit paths, Build tranist network
Thu Jun  6 06:18:29 2024, Build transit paths, Tranist network settings
Thu Jun  6 06:18:35 2024, Build transit paths, Transit assignment PF
Thu Jun  6 06:18:53 2024, Build transit paths, Fill stop layer with base ivtt
Thu Jun  6 06:18:53 2024, Build transit paths, Update transit links with correct ivtt
Thu Jun  6 06:18:55 2024, Build transit paths, Transit skim PF
Thu Jun  6 06:19:53 2024, Build transit paths, Calculate boardings in transfers field
Thu Jun  6 06:19:53 2024, Build transit paths, Build transit paths Loop - AM - Drive - ComRail -10 of 40
Thu Jun  6 06:19:53 2024, Build transit paths, Build tranist network
Thu Jun  6 06:20:13 2024, Build transit paths, Tranist network settings
Thu Jun  6 06:20:18 2024, Build transit paths, Transit assignment PF
Thu Jun  6 06:20:37 2024, Build transit paths, Fill stop layer with base ivtt
Thu Jun  6 06:20:37 2024, Build transit paths, Update transit links with correct ivtt
Thu Jun  6 06:20:38 2024, Build transit paths, Transit skim PF
Thu Jun  6 06:21:38 2024, Build transit paths, Calculate boardings in transfers field
Thu Jun  6 06:21:38 2024, Build transit paths, Build transit paths Loop - MD - Walk - Local -11 of 40
Thu Jun  6 06:21:38 2024, Build transit paths, Build tranist network
Thu Jun  6 06:21:59 2024, Build transit paths, Tranist network settings
Thu Jun  6 06:22:00 2024, Build transit paths, Transit assignment PF
Thu Jun  6 06:22:17 2024, Build transit paths, Fill stop layer with base ivtt
Thu Jun  6 06:22:18 2024, Build transit paths, Update transit links with correct ivtt
Thu Jun  6 06:22:19 2024, Build transit paths, Transit skim PF
Thu Jun  6 06:23:42 2024, Build transit paths, Calculate boardings in transfers field
Thu Jun  6 06:23:43 2024, Build transit paths, Build transit paths Loop - MD - Walk - Brt -12 of 40
Thu Jun  6 06:23:43 2024, Build transit paths, Build tranist network
Thu Jun  6 06:24:05 2024, Build transit paths, Tranist network settings
Thu Jun  6 06:24:07 2024, Build transit paths, Transit assignment PF
Thu Jun  6 06:24:24 2024, Build transit paths, Fill stop layer with base ivtt
Thu Jun  6 06:24:25 2024, Build transit paths, Update transit links with correct ivtt
Thu Jun  6 06:24:35 2024, Build transit paths, Transit skim PF
Thu Jun  6 06:26:00 2024, Build transit paths, Calculate boardings in transfers field
Thu Jun  6 06:26:00 2024, Build transit paths, Build transit paths Loop - MD - Walk - ExpBus -13 of 40
Thu Jun  6 06:26:00 2024, Build transit paths, Build tranist network
Thu Jun  6 06:26:21 2024, Build transit paths, Tranist network settings
Thu Jun  6 06:26:22 2024, Build transit paths, Transit assignment PF
Thu Jun  6 06:26:40 2024, Build transit paths, Fill stop layer with base ivtt
Thu Jun  6 06:26:40 2024, Build transit paths, Update transit links with correct ivtt
Thu Jun  6 06:26:41 2024, Build transit paths, Transit skim PF
Thu Jun  6 06:28:15 2024, Build transit paths, Calculate boardings in transfers field
Thu Jun  6 06:28:15 2024, Build transit paths, Build transit paths Loop - MD - Walk - UrbRail -14 of 40
Thu Jun  6 06:28:15 2024, Build transit paths, Build tranist network
Thu Jun  6 06:28:40 2024, Build transit paths, Tranist network settings
Thu Jun  6 06:28:42 2024, Build transit paths, Transit assignment PF
Thu Jun  6 06:28:59 2024, Build transit paths, Fill stop layer with base ivtt
Thu Jun  6 06:28:59 2024, Build transit paths, Update transit links with correct ivtt
Thu Jun  6 06:29:00 2024, Build transit paths, Transit skim PF
Thu Jun  6 06:30:33 2024, Build transit paths, Calculate boardings in transfers field
Thu Jun  6 06:30:33 2024, Build transit paths, Build transit paths Loop - MD - Walk - ComRail -15 of 40
Thu Jun  6 06:30:33 2024, Build transit paths, Build tranist network
Thu Jun  6 06:30:58 2024, Build transit paths, Tranist network settings
Thu Jun  6 06:31:00 2024, Build transit paths, Transit assignment PF
Thu Jun  6 06:31:17 2024, Build transit paths, Fill stop layer with base ivtt
Thu Jun  6 06:31:18 2024, Build transit paths, Update transit links with correct ivtt
Thu Jun  6 06:31:19 2024, Build transit paths, Transit skim PF
Thu Jun  6 06:32:53 2024, Build transit paths, Calculate boardings in transfers field
Thu Jun  6 06:32:53 2024, Build transit paths, Build transit paths Loop - MD - Drive - Local -16 of 40
Thu Jun  6 06:32:53 2024, Build transit paths, Build tranist network
Thu Jun  6 06:33:18 2024, Build transit paths, Tranist network settings
Thu Jun  6 06:33:24 2024, Build transit paths, Transit assignment PF
Thu Jun  6 06:33:41 2024, Build transit paths, Fill stop layer with base ivtt
Thu Jun  6 06:33:42 2024, Build transit paths, Update transit links with correct ivtt
Thu Jun  6 06:33:43 2024, Build transit paths, Transit skim PF
Thu Jun  6 06:34:41 2024, Build transit paths, Calculate boardings in transfers field
Thu Jun  6 06:34:41 2024, Build transit paths, Build transit paths Loop - MD - Drive - Brt -17 of 40
Thu Jun  6 06:34:41 2024, Build transit paths, Build tranist network
Thu Jun  6 06:35:06 2024, Build transit paths, Tranist network settings
Thu Jun  6 06:35:12 2024, Build transit paths, Transit assignment PF
Thu Jun  6 06:35:29 2024, Build transit paths, Fill stop layer with base ivtt
Thu Jun  6 06:35:29 2024, Build transit paths, Update transit links with correct ivtt
Thu Jun  6 06:35:30 2024, Build transit paths, Transit skim PF
Thu Jun  6 06:36:29 2024, Build transit paths, Calculate boardings in transfers field
Thu Jun  6 06:36:30 2024, Build transit paths, Build transit paths Loop - MD - Drive - ExpBus -18 of 40
Thu Jun  6 06:36:30 2024, Build transit paths, Build tranist network
Thu Jun  6 06:36:54 2024, Build transit paths, Tranist network settings
Thu Jun  6 06:37:01 2024, Build transit paths, Transit assignment PF
Thu Jun  6 06:37:18 2024, Build transit paths, Fill stop layer with base ivtt
Thu Jun  6 06:37:19 2024, Build transit paths, Update transit links with correct ivtt
Thu Jun  6 06:37:20 2024, Build transit paths, Transit skim PF
Thu Jun  6 06:38:20 2024, Build transit paths, Calculate boardings in transfers field
Thu Jun  6 06:38:21 2024, Build transit paths, Build transit paths Loop - MD - Drive - UrbRail -19 of 40
Thu Jun  6 06:38:21 2024, Build transit paths, Build tranist network
Thu Jun  6 06:38:45 2024, Build transit paths, Tranist network settings
Thu Jun  6 06:38:51 2024, Build transit paths, Transit assignment PF
Thu Jun  6 06:39:09 2024, Build transit paths, Fill stop layer with base ivtt
Thu Jun  6 06:39:09 2024, Build transit paths, Update transit links with correct ivtt
Thu Jun  6 06:39:11 2024, Build transit paths, Transit skim PF
Thu Jun  6 06:40:11 2024, Build transit paths, Calculate boardings in transfers field
Thu Jun  6 06:40:11 2024, Build transit paths, Build transit paths Loop - MD - Drive - ComRail -20 of 40
Thu Jun  6 06:40:11 2024, Build transit paths, Build tranist network
Thu Jun  6 06:40:36 2024, Build transit paths, Tranist network settings
Thu Jun  6 06:40:42 2024, Build transit paths, Transit assignment PF
Thu Jun  6 06:41:00 2024, Build transit paths, Fill stop layer with base ivtt
Thu Jun  6 06:41:01 2024, Build transit paths, Update transit links with correct ivtt
Thu Jun  6 06:41:02 2024, Build transit paths, Transit skim PF
Thu Jun  6 06:42:03 2024, Build transit paths, Calculate boardings in transfers field
Thu Jun  6 06:42:03 2024, Build transit paths, Build transit paths Loop - PM - Walk - Local -21 of 40
Thu Jun  6 06:42:03 2024, Build transit paths, Build tranist network
Thu Jun  6 06:42:27 2024, Build transit paths, Tranist network settings
Thu Jun  6 06:42:29 2024, Build transit paths, Transit assignment PF
Thu Jun  6 06:42:46 2024, Build transit paths, Fill stop layer with base ivtt
Thu Jun  6 06:42:46 2024, Build transit paths, Update transit links with correct ivtt
Thu Jun  6 06:42:47 2024, Build transit paths, Transit skim PF
Thu Jun  6 06:44:19 2024, Build transit paths, Calculate boardings in transfers field
Thu Jun  6 06:44:19 2024, Build transit paths, Build transit paths Loop - PM - Walk - Brt -22 of 40
Thu Jun  6 06:44:19 2024, Build transit paths, Build tranist network
Thu Jun  6 06:44:43 2024, Build transit paths, Tranist network settings
Thu Jun  6 06:44:45 2024, Build transit paths, Transit assignment PF
Thu Jun  6 06:45:02 2024, Build transit paths, Fill stop layer with base ivtt
Thu Jun  6 06:45:03 2024, Build transit paths, Update transit links with correct ivtt
Thu Jun  6 06:45:04 2024, Build transit paths, Transit skim PF
Thu Jun  6 06:46:29 2024, Build transit paths, Calculate boardings in transfers field
Thu Jun  6 06:46:30 2024, Build transit paths, Build transit paths Loop - PM - Walk - ExpBus -23 of 40
Thu Jun  6 06:46:30 2024, Build transit paths, Build tranist network
Thu Jun  6 06:46:50 2024, Build transit paths, Tranist network settings
Thu Jun  6 06:46:52 2024, Build transit paths, Transit assignment PF
Thu Jun  6 06:47:11 2024, Build transit paths, Fill stop layer with base ivtt
Thu Jun  6 06:47:11 2024, Build transit paths, Update transit links with correct ivtt
Thu Jun  6 06:47:12 2024, Build transit paths, Transit skim PF
Thu Jun  6 06:48:41 2024, Build transit paths, Calculate boardings in transfers field
Thu Jun  6 06:48:42 2024, Build transit paths, Build transit paths Loop - PM - Walk - UrbRail -24 of 40
Thu Jun  6 06:48:42 2024, Build transit paths, Build tranist network
Thu Jun  6 06:49:01 2024, Build transit paths, Tranist network settings
Thu Jun  6 06:49:02 2024, Build transit paths, Transit assignment PF
Thu Jun  6 06:49:20 2024, Build transit paths, Fill stop layer with base ivtt
Thu Jun  6 06:49:21 2024, Build transit paths, Update transit links with correct ivtt
Thu Jun  6 06:49:22 2024, Build transit paths, Transit skim PF
Thu Jun  6 06:50:48 2024, Build transit paths, Calculate boardings in transfers field
Thu Jun  6 06:50:49 2024, Build transit paths, Build transit paths Loop - PM - Walk - ComRail -25 of 40
Thu Jun  6 06:50:49 2024, Build transit paths, Build tranist network
Thu Jun  6 06:51:08 2024, Build transit paths, Tranist network settings
Thu Jun  6 06:51:10 2024, Build transit paths, Transit assignment PF
Thu Jun  6 06:51:28 2024, Build transit paths, Fill stop layer with base ivtt
Thu Jun  6 06:51:29 2024, Build transit paths, Update transit links with correct ivtt
Thu Jun  6 06:51:30 2024, Build transit paths, Transit skim PF
Thu Jun  6 06:52:58 2024, Build transit paths, Calculate boardings in transfers field
Thu Jun  6 06:52:58 2024, Build transit paths, Build transit paths Loop - PM - Drive - Local -26 of 40
Thu Jun  6 06:52:58 2024, Build transit paths, Build tranist network
Thu Jun  6 06:53:18 2024, Build transit paths, Tranist network settings
Thu Jun  6 06:53:23 2024, Build transit paths, Transit assignment PF
Thu Jun  6 06:53:55 2024, Build transit paths, Fill stop layer with base ivtt
Thu Jun  6 06:53:56 2024, Build transit paths, Update transit links with correct ivtt
Thu Jun  6 06:53:57 2024, Build transit paths, Transit skim PF
Thu Jun  6 06:55:31 2024, Build transit paths, Calculate boardings in transfers field
Thu Jun  6 06:55:32 2024, Build transit paths, Build transit paths Loop - PM - Drive - Brt -27 of 40
Thu Jun  6 06:55:32 2024, Build transit paths, Build tranist network
Thu Jun  6 06:55:51 2024, Build transit paths, Tranist network settings
Thu Jun  6 06:55:56 2024, Build transit paths, Transit assignment PF
Thu Jun  6 06:56:29 2024, Build transit paths, Fill stop layer with base ivtt
Thu Jun  6 06:56:29 2024, Build transit paths, Update transit links with correct ivtt
Thu Jun  6 06:56:30 2024, Build transit paths, Transit skim PF
Thu Jun  6 06:58:05 2024, Build transit paths, Calculate boardings in transfers field
Thu Jun  6 06:58:05 2024, Build transit paths, Build transit paths Loop - PM - Drive - ExpBus -28 of 40
Thu Jun  6 06:58:05 2024, Build transit paths, Build tranist network
Thu Jun  6 06:58:25 2024, Build transit paths, Tranist network settings
Thu Jun  6 06:58:30 2024, Build transit paths, Transit assignment PF
Thu Jun  6 06:59:05 2024, Build transit paths, Fill stop layer with base ivtt
Thu Jun  6 06:59:05 2024, Build transit paths, Update transit links with correct ivtt
Thu Jun  6 06:59:06 2024, Build transit paths, Transit skim PF
Thu Jun  6 07:00:44 2024, Build transit paths, Calculate boardings in transfers field
Thu Jun  6 07:00:44 2024, Build transit paths, Build transit paths Loop - PM - Drive - UrbRail -29 of 40
Thu Jun  6 07:00:44 2024, Build transit paths, Build tranist network
Thu Jun  6 07:01:03 2024, Build transit paths, Tranist network settings
Thu Jun  6 07:01:09 2024, Build transit paths, Transit assignment PF
Thu Jun  6 07:01:42 2024, Build transit paths, Fill stop layer with base ivtt
Thu Jun  6 07:01:43 2024, Build transit paths, Update transit links with correct ivtt
Thu Jun  6 07:01:44 2024, Build transit paths, Transit skim PF
Thu Jun  6 07:03:20 2024, Build transit paths, Calculate boardings in transfers field
Thu Jun  6 07:03:20 2024, Build transit paths, Build transit paths Loop - PM - Drive - ComRail -30 of 40
Thu Jun  6 07:03:20 2024, Build transit paths, Build tranist network
Thu Jun  6 07:03:39 2024, Build transit paths, Tranist network settings
Thu Jun  6 07:03:45 2024, Build transit paths, Transit assignment PF
Thu Jun  6 07:04:19 2024, Build transit paths, Fill stop layer with base ivtt
Thu Jun  6 07:04:20 2024, Build transit paths, Update transit links with correct ivtt
Thu Jun  6 07:04:21 2024, Build transit paths, Transit skim PF
Thu Jun  6 07:05:59 2024, Build transit paths, Calculate boardings in transfers field
Thu Jun  6 07:06:00 2024, Build transit paths, Build transit paths Loop - OP - Walk - Local -31 of 40
Thu Jun  6 07:06:00 2024, Build transit paths, Build tranist network
Thu Jun  6 07:06:18 2024, Build transit paths, Tranist network settings
Thu Jun  6 07:06:20 2024, Build transit paths, Transit assignment PF
Thu Jun  6 07:06:35 2024, Build transit paths, Fill stop layer with base ivtt
Thu Jun  6 07:06:36 2024, Build transit paths, Update transit links with correct ivtt
Thu Jun  6 07:06:37 2024, Build transit paths, Transit skim PF
Thu Jun  6 07:07:58 2024, Build transit paths, Calculate boardings in transfers field
Thu Jun  6 07:07:58 2024, Build transit paths, Build transit paths Loop - OP - Walk - Brt -32 of 40
Thu Jun  6 07:07:58 2024, Build transit paths, Build tranist network
Thu Jun  6 07:08:17 2024, Build transit paths, Tranist network settings
Thu Jun  6 07:08:19 2024, Build transit paths, Transit assignment PF
Thu Jun  6 07:08:35 2024, Build transit paths, Fill stop layer with base ivtt
Thu Jun  6 07:08:35 2024, Build transit paths, Update transit links with correct ivtt
Thu Jun  6 07:08:36 2024, Build transit paths, Transit skim PF
Thu Jun  6 07:09:59 2024, Build transit paths, Calculate boardings in transfers field
Thu Jun  6 07:10:00 2024, Build transit paths, Build transit paths Loop - OP - Walk - ExpBus -33 of 40
Thu Jun  6 07:10:00 2024, Build transit paths, Build tranist network
Thu Jun  6 07:10:18 2024, Build transit paths, Tranist network settings
Thu Jun  6 07:10:20 2024, Build transit paths, Transit assignment PF
Thu Jun  6 07:10:36 2024, Build transit paths, Fill stop layer with base ivtt
Thu Jun  6 07:10:36 2024, Build transit paths, Update transit links with correct ivtt
Thu Jun  6 07:10:37 2024, Build transit paths, Transit skim PF
Thu Jun  6 07:12:03 2024, Build transit paths, Calculate boardings in transfers field
Thu Jun  6 07:12:03 2024, Build transit paths, Build transit paths Loop - OP - Walk - UrbRail -34 of 40
Thu Jun  6 07:12:03 2024, Build transit paths, Build tranist network
Thu Jun  6 07:12:22 2024, Build transit paths, Tranist network settings
Thu Jun  6 07:12:23 2024, Build transit paths, Transit assignment PF
Thu Jun  6 07:12:39 2024, Build transit paths, Fill stop layer with base ivtt
Thu Jun  6 07:12:40 2024, Build transit paths, Update transit links with correct ivtt
Thu Jun  6 07:12:41 2024, Build transit paths, Transit skim PF
Thu Jun  6 07:14:02 2024, Build transit paths, Calculate boardings in transfers field
Thu Jun  6 07:14:03 2024, Build transit paths, Build transit paths Loop - OP - Walk - ComRail -35 of 40
Thu Jun  6 07:14:03 2024, Build transit paths, Build tranist network
Thu Jun  6 07:14:21 2024, Build transit paths, Tranist network settings
Thu Jun  6 07:14:23 2024, Build transit paths, Transit assignment PF
Thu Jun  6 07:14:39 2024, Build transit paths, Fill stop layer with base ivtt
Thu Jun  6 07:14:40 2024, Build transit paths, Update transit links with correct ivtt
Thu Jun  6 07:14:41 2024, Build transit paths, Transit skim PF
Thu Jun  6 07:16:04 2024, Build transit paths, Calculate boardings in transfers field
Thu Jun  6 07:16:04 2024, Build transit paths, Build transit paths Loop - OP - Drive - Local -36 of 40
Thu Jun  6 07:16:04 2024, Build transit paths, Build tranist network
Thu Jun  6 07:16:23 2024, Build transit paths, Tranist network settings
Thu Jun  6 07:16:29 2024, Build transit paths, Transit assignment PF
Thu Jun  6 07:17:00 2024, Build transit paths, Fill stop layer with base ivtt
Thu Jun  6 07:17:00 2024, Build transit paths, Update transit links with correct ivtt
Thu Jun  6 07:17:01 2024, Build transit paths, Transit skim PF
Thu Jun  6 07:18:37 2024, Build transit paths, Calculate boardings in transfers field
Thu Jun  6 07:18:37 2024, Build transit paths, Build transit paths Loop - OP - Drive - Brt -37 of 40
Thu Jun  6 07:18:37 2024, Build transit paths, Build tranist network
Thu Jun  6 07:18:56 2024, Build transit paths, Tranist network settings
Thu Jun  6 07:19:02 2024, Build transit paths, Transit assignment PF
Thu Jun  6 07:19:33 2024, Build transit paths, Fill stop layer with base ivtt
Thu Jun  6 07:19:33 2024, Build transit paths, Update transit links with correct ivtt
Thu Jun  6 07:19:34 2024, Build transit paths, Transit skim PF
Thu Jun  6 07:21:09 2024, Build transit paths, Calculate boardings in transfers field
Thu Jun  6 07:21:10 2024, Build transit paths, Build transit paths Loop - OP - Drive - ExpBus -38 of 40
Thu Jun  6 07:21:10 2024, Build transit paths, Build tranist network
Thu Jun  6 07:21:28 2024, Build transit paths, Tranist network settings
Thu Jun  6 07:21:34 2024, Build transit paths, Transit assignment PF
Thu Jun  6 07:22:06 2024, Build transit paths, Fill stop layer with base ivtt
Thu Jun  6 07:22:07 2024, Build transit paths, Update transit links with correct ivtt
Thu Jun  6 07:22:08 2024, Build transit paths, Transit skim PF
Thu Jun  6 07:23:43 2024, Build transit paths, Calculate boardings in transfers field
Thu Jun  6 07:23:44 2024, Build transit paths, Build transit paths Loop - OP - Drive - UrbRail -39 of 40
Thu Jun  6 07:23:44 2024, Build transit paths, Build tranist network
Thu Jun  6 07:24:02 2024, Build transit paths, Tranist network settings
Thu Jun  6 07:24:08 2024, Build transit paths, Transit assignment PF
Thu Jun  6 07:24:40 2024, Build transit paths, Fill stop layer with base ivtt
Thu Jun  6 07:24:40 2024, Build transit paths, Update transit links with correct ivtt
Thu Jun  6 07:24:41 2024, Build transit paths, Transit skim PF
Thu Jun  6 07:26:16 2024, Build transit paths, Calculate boardings in transfers field
Thu Jun  6 07:26:16 2024, Build transit paths, Build transit paths Loop - OP - Drive - ComRail -40 of 40
Thu Jun  6 07:26:16 2024, Build transit paths, Build tranist network
Thu Jun  6 07:26:35 2024, Build transit paths, Tranist network settings
Thu Jun  6 07:26:40 2024, Build transit paths, Transit assignment PF
Thu Jun  6 07:27:12 2024, Build transit paths, Fill stop layer with base ivtt
Thu Jun  6 07:27:13 2024, Build transit paths, Update transit links with correct ivtt
Thu Jun  6 07:27:14 2024, Build transit paths, Transit skim PF
Thu Jun  6 07:28:50 2024, Build transit paths, Calculate boardings in transfers field
Thu Jun  6 07:28:50 2024, Process transit skims
Thu Jun  6 07:51:07 2024, 4 InternalTruckModel.rsc, Run Internal Truck and Commercial Vehicle Model
Thu Jun  6 07:51:07 2024, Aggregate LandUse
Thu Jun  6 07:51:38 2024, Calculate Accessibilities
Thu Jun  6 07:51:49 2024, Run Truck Model
Thu Jun  6 07:53:26 2024, Run Commercial Vehicle Model
Thu Jun  6 07:53:39 2024, Run Trip Length Summaries
Thu Jun  6 07:53:55 2024, Close All Views
Thu Jun  6 07:53:55 2024, 5 VisitorModel.rsc, Run Visitor Model
Thu Jun  6 07:53:55 2024, Prepare input data
Thu Jun  6 07:54:39 2024, Visitor Trip Gen
Thu Jun  6 07:54:44 2024, Visitor Trip Distribution
Thu Jun  6 07:54:56 2024, Visitor Trip Mode Choice
Thu Jun  6 07:54:57 2024, Visitor Trip Time of Day
Thu Jun  6 07:55:11 2024, 7.1 RunDaySim.rsc,   ****** Run DaySim ****** 
Thu Jun  6 07:55:11 2024, Set transit paramters
Thu Jun  6 08:10:34 2024, Runing OMX Re Export in feedback loop 2
Thu Jun  6 08:10:34 2024, Set transit paramters
Thu Jun  6 11:50:16 2024, Copy DaySim inputs in feedback loop 2
Thu Jun  6 11:50:16 2024, Runing DaySim for iteration 1 in feedback loop 2
Thu Jun  6 12:47:24 2024, 7.1 RunDaySim.rsc,  ******** Build DaySim Trip Matrices ******** 
Thu Jun  6 12:47:24 2024, Set transit paramters
Thu Jun  6 12:47:24 2024, Copying DaySim outputs
Thu Jun  6 12:47:36 2024, Joining trip and tour files
Thu Jun  6 12:53:44 2024, Processing trips ... , Auto
Thu Jun  6 12:53:44 2024, Processing trips for: , AM
Thu Jun  6 13:03:07 2024, Processing trips for: , MD
Thu Jun  6 13:12:28 2024, Processing trips for: , PM
Thu Jun  6 13:21:57 2024, Processing trips for: , OP
Thu Jun  6 13:26:38 2024, Processing trips ... , Transit
Thu Jun  6 13:26:38 2024, Processing trips trips for: , AM
Thu Jun  6 13:31:42 2024, Processing trips trips for: , MD
Thu Jun  6 13:33:38 2024, Processing trips trips for: , PM
Thu Jun  6 13:35:40 2024, Processing trips trips for: , OP
Thu Jun  6 13:36:48 2024, Set transit paramters
Thu Jun  6 13:36:50 2024, 8.1 HwyAssignment.rsc,   ****** Pre Assignment ****** 
Thu Jun  6 13:36:50 2024, Add visitor trips 
Thu Jun  6 13:36:52 2024, Add internal truck demand 
Thu Jun  6 13:36:54 2024, Add internal commercial vehicle demand 
Thu Jun  6 13:36:54 2024, Add external truck demand 
Thu Jun  6 13:37:08 2024, Add external auto demand 
Thu Jun  6 13:37:15 2024, Highway Assignment - Processing Matrices for , AM
Thu Jun  6 13:37:22 2024, Highway Assignment - Processing Matrices for , MD
Thu Jun  6 13:37:31 2024, Highway Assignment - Processing Matrices for , PM
Thu Jun  6 13:37:40 2024, Highway Assignment - Processing Matrices for , OP
Thu Jun  6 13:37:46 2024, Highway Assignment - Network Settings
Thu Jun  6 13:37:48 2024, Highway Assignment - Preload Assignment for AM
Thu Jun  6 13:38:36 2024, Highway Assignment - Preload Assignment for MD
Thu Jun  6 13:40:06 2024, Highway Assignment - Preload Assignment for PM
Thu Jun  6 13:41:29 2024, Highway Assignment - Preload Assignment for OP
Thu Jun  6 13:42:12 2024, Highway Assignment - General Assignment for AM
Thu Jun  6 13:50:57 2024, Highway Assignment - General Assignment for MD
Thu Jun  6 13:55:10 2024, Highway Assignment - General Assignment for PM
Thu Jun  6 14:03:22 2024, Highway Assignment - General Assignment for OP
Thu Jun  6 14:05:07 2024, 8.1 HwyAssignment.rsc,   ****** Highway Post Processor ****** 
Thu Jun  6 14:18:11 2024, 8.3 FeedbackLoop.rsc,   ****** Update Travel Times ****** 
Thu Jun  6 14:20:11 2024, 2.1 HwySkimming.rsc,   ****** Highway Skimming ****** 
Thu Jun  6 14:20:11 2024, Build highway network
Thu Jun  6 14:20:11 2024, Shortest path using length
Thu Jun  6 14:20:14 2024, Terminal time
Thu Jun  6 14:20:17 2024, Build HOV skims
Thu Jun  6 14:20:58 2024, Build SOV skims
Thu Jun  6 14:22:10 2024, Save and copy skims
Thu Jun  6 14:22:32 2024, 2.1 HwySkimming.rsc, Finished Highway Skimming
Thu Jun  6 14:22:32 2024, 2.2 TransitSkimming.rsc,   ****** Transit Skimming ****** 
Thu Jun  6 14:22:32 2024, Set transit paramters
Thu Jun  6 14:22:32 2024, Prepare inputs
Thu Jun  6 14:24:57 2024, Build drive connectors
Thu Jun  6 14:28:56 2024, Build transit paths
Thu Jun  6 14:28:56 2024, Build transit paths, Build transit paths Loop - AM - Walk - Local -1 of 40
Thu Jun  6 14:28:56 2024, Build transit paths, Build tranist network
Thu Jun  6 14:29:16 2024, Build transit paths, Tranist network settings
Thu Jun  6 14:29:18 2024, Build transit paths, Transit assignment PF
Thu Jun  6 14:29:34 2024, Build transit paths, Fill stop layer with base ivtt
Thu Jun  6 14:29:35 2024, Build transit paths, Update transit links with correct ivtt
Thu Jun  6 14:29:36 2024, Build transit paths, Transit skim PF
Thu Jun  6 14:31:00 2024, Build transit paths, Calculate boardings in transfers field
Thu Jun  6 14:31:01 2024, Build transit paths, Build transit paths Loop - AM - Walk - Brt -2 of 40
Thu Jun  6 14:31:01 2024, Build transit paths, Build tranist network
Thu Jun  6 14:31:21 2024, Build transit paths, Tranist network settings
Thu Jun  6 14:31:23 2024, Build transit paths, Transit assignment PF
Thu Jun  6 14:31:39 2024, Build transit paths, Fill stop layer with base ivtt
Thu Jun  6 14:31:40 2024, Build transit paths, Update transit links with correct ivtt
Thu Jun  6 14:31:41 2024, Build transit paths, Transit skim PF
Thu Jun  6 14:33:05 2024, Build transit paths, Calculate boardings in transfers field
Thu Jun  6 14:33:05 2024, Build transit paths, Build transit paths Loop - AM - Walk - ExpBus -3 of 40
Thu Jun  6 14:33:05 2024, Build transit paths, Build tranist network
Thu Jun  6 14:33:26 2024, Build transit paths, Tranist network settings
Thu Jun  6 14:33:28 2024, Build transit paths, Transit assignment PF
Thu Jun  6 14:33:45 2024, Build transit paths, Fill stop layer with base ivtt
Thu Jun  6 14:33:46 2024, Build transit paths, Update transit links with correct ivtt
Thu Jun  6 14:33:47 2024, Build transit paths, Transit skim PF
Thu Jun  6 14:35:15 2024, Build transit paths, Calculate boardings in transfers field
Thu Jun  6 14:35:15 2024, Build transit paths, Build transit paths Loop - AM - Walk - UrbRail -4 of 40
Thu Jun  6 14:35:15 2024, Build transit paths, Build tranist network
Thu Jun  6 14:35:36 2024, Build transit paths, Tranist network settings
Thu Jun  6 14:35:38 2024, Build transit paths, Transit assignment PF
Thu Jun  6 14:35:56 2024, Build transit paths, Fill stop layer with base ivtt
Thu Jun  6 14:35:56 2024, Build transit paths, Update transit links with correct ivtt
Thu Jun  6 14:35:57 2024, Build transit paths, Transit skim PF
Thu Jun  6 14:37:26 2024, Build transit paths, Calculate boardings in transfers field
Thu Jun  6 14:37:26 2024, Build transit paths, Build transit paths Loop - AM - Walk - ComRail -5 of 40
Thu Jun  6 14:37:26 2024, Build transit paths, Build tranist network
Thu Jun  6 14:37:47 2024, Build transit paths, Tranist network settings
Thu Jun  6 14:37:48 2024, Build transit paths, Transit assignment PF
Thu Jun  6 14:38:07 2024, Build transit paths, Fill stop layer with base ivtt
Thu Jun  6 14:38:07 2024, Build transit paths, Update transit links with correct ivtt
Thu Jun  6 14:38:08 2024, Build transit paths, Transit skim PF
Thu Jun  6 14:39:38 2024, Build transit paths, Calculate boardings in transfers field
Thu Jun  6 14:39:38 2024, Build transit paths, Build transit paths Loop - AM - Drive - Local -6 of 40
Thu Jun  6 14:39:38 2024, Build transit paths, Build tranist network
Thu Jun  6 14:39:58 2024, Build transit paths, Tranist network settings
Thu Jun  6 14:40:04 2024, Build transit paths, Transit assignment PF
Thu Jun  6 14:40:20 2024, Build transit paths, Fill stop layer with base ivtt
Thu Jun  6 14:40:21 2024, Build transit paths, Update transit links with correct ivtt
Thu Jun  6 14:40:22 2024, Build transit paths, Transit skim PF
Thu Jun  6 14:41:14 2024, Build transit paths, Calculate boardings in transfers field
Thu Jun  6 14:41:15 2024, Build transit paths, Build transit paths Loop - AM - Drive - Brt -7 of 40
Thu Jun  6 14:41:15 2024, Build transit paths, Build tranist network
Thu Jun  6 14:41:35 2024, Build transit paths, Tranist network settings
Thu Jun  6 14:41:40 2024, Build transit paths, Transit assignment PF
Thu Jun  6 14:41:57 2024, Build transit paths, Fill stop layer with base ivtt
Thu Jun  6 14:41:58 2024, Build transit paths, Update transit links with correct ivtt
Thu Jun  6 14:41:59 2024, Build transit paths, Transit skim PF
Thu Jun  6 14:42:51 2024, Build transit paths, Calculate boardings in transfers field
Thu Jun  6 14:42:51 2024, Build transit paths, Build transit paths Loop - AM - Drive - ExpBus -8 of 40
Thu Jun  6 14:42:51 2024, Build transit paths, Build tranist network
Thu Jun  6 14:43:11 2024, Build transit paths, Tranist network settings
Thu Jun  6 14:43:17 2024, Build transit paths, Transit assignment PF
Thu Jun  6 14:43:35 2024, Build transit paths, Fill stop layer with base ivtt
Thu Jun  6 14:43:35 2024, Build transit paths, Update transit links with correct ivtt
Thu Jun  6 14:43:36 2024, Build transit paths, Transit skim PF
Thu Jun  6 14:44:31 2024, Build transit paths, Calculate boardings in transfers field
Thu Jun  6 14:44:32 2024, Build transit paths, Build transit paths Loop - AM - Drive - UrbRail -9 of 40
Thu Jun  6 14:44:32 2024, Build transit paths, Build tranist network
Thu Jun  6 14:44:52 2024, Build transit paths, Tranist network settings
Thu Jun  6 14:44:58 2024, Build transit paths, Transit assignment PF
Thu Jun  6 14:45:15 2024, Build transit paths, Fill stop layer with base ivtt
Thu Jun  6 14:45:16 2024, Build transit paths, Update transit links with correct ivtt
Thu Jun  6 14:45:17 2024, Build transit paths, Transit skim PF
Thu Jun  6 14:46:11 2024, Build transit paths, Calculate boardings in transfers field
Thu Jun  6 14:46:12 2024, Build transit paths, Build transit paths Loop - AM - Drive - ComRail -10 of 40
Thu Jun  6 14:46:12 2024, Build transit paths, Build tranist network
Thu Jun  6 14:46:34 2024, Build transit paths, Tranist network settings
Thu Jun  6 14:46:40 2024, Build transit paths, Transit assignment PF
Thu Jun  6 14:46:59 2024, Build transit paths, Fill stop layer with base ivtt
Thu Jun  6 14:46:59 2024, Build transit paths, Update transit links with correct ivtt
Thu Jun  6 14:47:00 2024, Build transit paths, Transit skim PF
Thu Jun  6 14:48:15 2024, Build transit paths, Calculate boardings in transfers field
Thu Jun  6 14:48:15 2024, Build transit paths, Build transit paths Loop - MD - Walk - Local -11 of 40
Thu Jun  6 14:48:15 2024, Build transit paths, Build tranist network
Thu Jun  6 14:48:36 2024, Build transit paths, Tranist network settings
Thu Jun  6 14:48:37 2024, Build transit paths, Transit assignment PF
Thu Jun  6 14:48:54 2024, Build transit paths, Fill stop layer with base ivtt
Thu Jun  6 14:48:55 2024, Build transit paths, Update transit links with correct ivtt
Thu Jun  6 14:48:56 2024, Build transit paths, Transit skim PF
Thu Jun  6 14:50:32 2024, Build transit paths, Calculate boardings in transfers field
Thu Jun  6 14:50:32 2024, Build transit paths, Build transit paths Loop - MD - Walk - Brt -12 of 40
Thu Jun  6 14:50:32 2024, Build transit paths, Build tranist network
Thu Jun  6 14:50:53 2024, Build transit paths, Tranist network settings
Thu Jun  6 14:50:55 2024, Build transit paths, Transit assignment PF
Thu Jun  6 14:51:12 2024, Build transit paths, Fill stop layer with base ivtt
Thu Jun  6 14:51:12 2024, Build transit paths, Update transit links with correct ivtt
Thu Jun  6 14:51:13 2024, Build transit paths, Transit skim PF
Thu Jun  6 14:52:38 2024, Build transit paths, Calculate boardings in transfers field
Thu Jun  6 14:52:38 2024, Build transit paths, Build transit paths Loop - MD - Walk - ExpBus -13 of 40
Thu Jun  6 14:52:38 2024, Build transit paths, Build tranist network
Thu Jun  6 14:52:57 2024, Build transit paths, Tranist network settings
Thu Jun  6 14:52:59 2024, Build transit paths, Transit assignment PF
Thu Jun  6 14:53:16 2024, Build transit paths, Fill stop layer with base ivtt
Thu Jun  6 14:53:16 2024, Build transit paths, Update transit links with correct ivtt
Thu Jun  6 14:53:17 2024, Build transit paths, Transit skim PF
Thu Jun  6 14:54:42 2024, Build transit paths, Calculate boardings in transfers field
Thu Jun  6 14:54:43 2024, Build transit paths, Build transit paths Loop - MD - Walk - UrbRail -14 of 40
Thu Jun  6 14:54:43 2024, Build transit paths, Build tranist network
Thu Jun  6 14:55:02 2024, Build transit paths, Tranist network settings
Thu Jun  6 14:55:03 2024, Build transit paths, Transit assignment PF
Thu Jun  6 14:55:20 2024, Build transit paths, Fill stop layer with base ivtt
Thu Jun  6 14:55:21 2024, Build transit paths, Update transit links with correct ivtt
Thu Jun  6 14:55:22 2024, Build transit paths, Transit skim PF
Thu Jun  6 14:56:47 2024, Build transit paths, Calculate boardings in transfers field
Thu Jun  6 14:56:47 2024, Build transit paths, Build transit paths Loop - MD - Walk - ComRail -15 of 40
Thu Jun  6 14:56:47 2024, Build transit paths, Build tranist network
Thu Jun  6 14:57:06 2024, Build transit paths, Tranist network settings
Thu Jun  6 14:57:08 2024, Build transit paths, Transit assignment PF
Thu Jun  6 14:57:25 2024, Build transit paths, Fill stop layer with base ivtt
Thu Jun  6 14:57:25 2024, Build transit paths, Update transit links with correct ivtt
Thu Jun  6 14:57:26 2024, Build transit paths, Transit skim PF
Thu Jun  6 14:58:52 2024, Build transit paths, Calculate boardings in transfers field
Thu Jun  6 14:58:53 2024, Build transit paths, Build transit paths Loop - MD - Drive - Local -16 of 40
Thu Jun  6 14:58:53 2024, Build transit paths, Build tranist network
Thu Jun  6 14:59:12 2024, Build transit paths, Tranist network settings
Thu Jun  6 14:59:18 2024, Build transit paths, Transit assignment PF
Thu Jun  6 14:59:34 2024, Build transit paths, Fill stop layer with base ivtt
Thu Jun  6 14:59:35 2024, Build transit paths, Update transit links with correct ivtt
Thu Jun  6 14:59:36 2024, Build transit paths, Transit skim PF
Thu Jun  6 15:00:26 2024, Build transit paths, Calculate boardings in transfers field
Thu Jun  6 15:00:27 2024, Build transit paths, Build transit paths Loop - MD - Drive - Brt -17 of 40
Thu Jun  6 15:00:27 2024, Build transit paths, Build tranist network
Thu Jun  6 15:00:46 2024, Build transit paths, Tranist network settings
Thu Jun  6 15:00:51 2024, Build transit paths, Transit assignment PF
Thu Jun  6 15:01:08 2024, Build transit paths, Fill stop layer with base ivtt
Thu Jun  6 15:01:08 2024, Build transit paths, Update transit links with correct ivtt
Thu Jun  6 15:01:10 2024, Build transit paths, Transit skim PF
Thu Jun  6 15:02:01 2024, Build transit paths, Calculate boardings in transfers field
Thu Jun  6 15:02:01 2024, Build transit paths, Build transit paths Loop - MD - Drive - ExpBus -18 of 40
Thu Jun  6 15:02:01 2024, Build transit paths, Build tranist network
Thu Jun  6 15:02:21 2024, Build transit paths, Tranist network settings
Thu Jun  6 15:02:26 2024, Build transit paths, Transit assignment PF
Thu Jun  6 15:02:43 2024, Build transit paths, Fill stop layer with base ivtt
Thu Jun  6 15:02:43 2024, Build transit paths, Update transit links with correct ivtt
Thu Jun  6 15:02:44 2024, Build transit paths, Transit skim PF
Thu Jun  6 15:03:39 2024, Build transit paths, Calculate boardings in transfers field
Thu Jun  6 15:03:40 2024, Build transit paths, Build transit paths Loop - MD - Drive - UrbRail -19 of 40
Thu Jun  6 15:03:40 2024, Build transit paths, Build tranist network
Thu Jun  6 15:03:59 2024, Build transit paths, Tranist network settings
Thu Jun  6 15:04:05 2024, Build transit paths, Transit assignment PF
Thu Jun  6 15:04:21 2024, Build transit paths, Fill stop layer with base ivtt
Thu Jun  6 15:04:22 2024, Build transit paths, Update transit links with correct ivtt
Thu Jun  6 15:04:23 2024, Build transit paths, Transit skim PF
Thu Jun  6 15:05:17 2024, Build transit paths, Calculate boardings in transfers field
Thu Jun  6 15:05:17 2024, Build transit paths, Build transit paths Loop - MD - Drive - ComRail -20 of 40
Thu Jun  6 15:05:17 2024, Build transit paths, Build tranist network
Thu Jun  6 15:05:36 2024, Build transit paths, Tranist network settings
Thu Jun  6 15:05:42 2024, Build transit paths, Transit assignment PF
Thu Jun  6 15:05:59 2024, Build transit paths, Fill stop layer with base ivtt
Thu Jun  6 15:06:00 2024, Build transit paths, Update transit links with correct ivtt
Thu Jun  6 15:06:01 2024, Build transit paths, Transit skim PF
Thu Jun  6 15:06:57 2024, Build transit paths, Calculate boardings in transfers field
Thu Jun  6 15:06:57 2024, Build transit paths, Build transit paths Loop - PM - Walk - Local -21 of 40
Thu Jun  6 15:06:57 2024, Build transit paths, Build tranist network
Thu Jun  6 15:07:17 2024, Build transit paths, Tranist network settings
Thu Jun  6 15:07:18 2024, Build transit paths, Transit assignment PF
Thu Jun  6 15:07:35 2024, Build transit paths, Fill stop layer with base ivtt
Thu Jun  6 15:07:35 2024, Build transit paths, Update transit links with correct ivtt
Thu Jun  6 15:07:36 2024, Build transit paths, Transit skim PF
Thu Jun  6 15:09:00 2024, Build transit paths, Calculate boardings in transfers field
Thu Jun  6 15:09:00 2024, Build transit paths, Build transit paths Loop - PM - Walk - Brt -22 of 40
Thu Jun  6 15:09:00 2024, Build transit paths, Build tranist network
Thu Jun  6 15:09:19 2024, Build transit paths, Tranist network settings
Thu Jun  6 15:09:21 2024, Build transit paths, Transit assignment PF
Thu Jun  6 15:09:37 2024, Build transit paths, Fill stop layer with base ivtt
Thu Jun  6 15:09:38 2024, Build transit paths, Update transit links with correct ivtt
Thu Jun  6 15:09:39 2024, Build transit paths, Transit skim PF
Thu Jun  6 15:11:02 2024, Build transit paths, Calculate boardings in transfers field
Thu Jun  6 15:11:03 2024, Build transit paths, Build transit paths Loop - PM - Walk - ExpBus -23 of 40
Thu Jun  6 15:11:03 2024, Build transit paths, Build tranist network
Thu Jun  6 15:11:22 2024, Build transit paths, Tranist network settings
Thu Jun  6 15:11:24 2024, Build transit paths, Transit assignment PF
Thu Jun  6 15:11:42 2024, Build transit paths, Fill stop layer with base ivtt
Thu Jun  6 15:11:42 2024, Build transit paths, Update transit links with correct ivtt
Thu Jun  6 15:11:43 2024, Build transit paths, Transit skim PF
Thu Jun  6 15:13:09 2024, Build transit paths, Calculate boardings in transfers field
Thu Jun  6 15:13:09 2024, Build transit paths, Build transit paths Loop - PM - Walk - UrbRail -24 of 40
Thu Jun  6 15:13:09 2024, Build transit paths, Build tranist network
Thu Jun  6 15:13:29 2024, Build transit paths, Tranist network settings
Thu Jun  6 15:13:31 2024, Build transit paths, Transit assignment PF
Thu Jun  6 15:13:48 2024, Build transit paths, Fill stop layer with base ivtt
Thu Jun  6 15:13:49 2024, Build transit paths, Update transit links with correct ivtt
Thu Jun  6 15:13:50 2024, Build transit paths, Transit skim PF
Thu Jun  6 15:15:16 2024, Build transit paths, Calculate boardings in transfers field
Thu Jun  6 15:15:16 2024, Build transit paths, Build transit paths Loop - PM - Walk - ComRail -25 of 40
Thu Jun  6 15:15:16 2024, Build transit paths, Build tranist network
Thu Jun  6 15:15:36 2024, Build transit paths, Tranist network settings
Thu Jun  6 15:15:37 2024, Build transit paths, Transit assignment PF
Thu Jun  6 15:15:56 2024, Build transit paths, Fill stop layer with base ivtt
Thu Jun  6 15:15:56 2024, Build transit paths, Update transit links with correct ivtt
Thu Jun  6 15:15:57 2024, Build transit paths, Transit skim PF
Thu Jun  6 15:17:27 2024, Build transit paths, Calculate boardings in transfers field
Thu Jun  6 15:17:27 2024, Build transit paths, Build transit paths Loop - PM - Drive - Local -26 of 40
Thu Jun  6 15:17:27 2024, Build transit paths, Build tranist network
Thu Jun  6 15:17:46 2024, Build transit paths, Tranist network settings
Thu Jun  6 15:17:52 2024, Build transit paths, Transit assignment PF
Thu Jun  6 15:18:24 2024, Build transit paths, Fill stop layer with base ivtt
Thu Jun  6 15:18:24 2024, Build transit paths, Update transit links with correct ivtt
Thu Jun  6 15:18:25 2024, Build transit paths, Transit skim PF
Thu Jun  6 15:20:00 2024, Build transit paths, Calculate boardings in transfers field
Thu Jun  6 15:20:00 2024, Build transit paths, Build transit paths Loop - PM - Drive - Brt -27 of 40
Thu Jun  6 15:20:00 2024, Build transit paths, Build tranist network
Thu Jun  6 15:20:19 2024, Build transit paths, Tranist network settings
Thu Jun  6 15:20:25 2024, Build transit paths, Transit assignment PF
Thu Jun  6 15:20:58 2024, Build transit paths, Fill stop layer with base ivtt
Thu Jun  6 15:20:58 2024, Build transit paths, Update transit links with correct ivtt
Thu Jun  6 15:20:59 2024, Build transit paths, Transit skim PF
Thu Jun  6 15:22:35 2024, Build transit paths, Calculate boardings in transfers field
Thu Jun  6 15:22:35 2024, Build transit paths, Build transit paths Loop - PM - Drive - ExpBus -28 of 40
Thu Jun  6 15:22:35 2024, Build transit paths, Build tranist network
Thu Jun  6 15:22:55 2024, Build transit paths, Tranist network settings
Thu Jun  6 15:23:01 2024, Build transit paths, Transit assignment PF
Thu Jun  6 15:23:35 2024, Build transit paths, Fill stop layer with base ivtt
Thu Jun  6 15:23:35 2024, Build transit paths, Update transit links with correct ivtt
Thu Jun  6 15:23:36 2024, Build transit paths, Transit skim PF
Thu Jun  6 15:25:13 2024, Build transit paths, Calculate boardings in transfers field
Thu Jun  6 15:25:13 2024, Build transit paths, Build transit paths Loop - PM - Drive - UrbRail -29 of 40
Thu Jun  6 15:25:13 2024, Build transit paths, Build tranist network
Thu Jun  6 15:25:32 2024, Build transit paths, Tranist network settings
Thu Jun  6 15:25:38 2024, Build transit paths, Transit assignment PF
Thu Jun  6 15:26:11 2024, Build transit paths, Fill stop layer with base ivtt
Thu Jun  6 15:26:12 2024, Build transit paths, Update transit links with correct ivtt
Thu Jun  6 15:26:13 2024, Build transit paths, Transit skim PF
Thu Jun  6 15:27:51 2024, Build transit paths, Calculate boardings in transfers field
Thu Jun  6 15:27:52 2024, Build transit paths, Build transit paths Loop - PM - Drive - ComRail -30 of 40
Thu Jun  6 15:27:52 2024, Build transit paths, Build tranist network
Thu Jun  6 15:28:12 2024, Build transit paths, Tranist network settings
Thu Jun  6 15:28:17 2024, Build transit paths, Transit assignment PF
Thu Jun  6 15:28:53 2024, Build transit paths, Fill stop layer with base ivtt
Thu Jun  6 15:28:53 2024, Build transit paths, Update transit links with correct ivtt
Thu Jun  6 15:28:54 2024, Build transit paths, Transit skim PF
Thu Jun  6 15:30:33 2024, Build transit paths, Calculate boardings in transfers field
Thu Jun  6 15:30:34 2024, Build transit paths, Build transit paths Loop - OP - Walk - Local -31 of 40
Thu Jun  6 15:30:34 2024, Build transit paths, Build tranist network
Thu Jun  6 15:30:52 2024, Build transit paths, Tranist network settings
Thu Jun  6 15:30:54 2024, Build transit paths, Transit assignment PF
Thu Jun  6 15:31:10 2024, Build transit paths, Fill stop layer with base ivtt
Thu Jun  6 15:31:11 2024, Build transit paths, Update transit links with correct ivtt
Thu Jun  6 15:31:12 2024, Build transit paths, Transit skim PF
Thu Jun  6 15:32:33 2024, Build transit paths, Calculate boardings in transfers field
Thu Jun  6 15:32:33 2024, Build transit paths, Build transit paths Loop - OP - Walk - Brt -32 of 40
Thu Jun  6 15:32:33 2024, Build transit paths, Build tranist network
Thu Jun  6 15:32:52 2024, Build transit paths, Tranist network settings
Thu Jun  6 15:32:54 2024, Build transit paths, Transit assignment PF
Thu Jun  6 15:33:10 2024, Build transit paths, Fill stop layer with base ivtt
Thu Jun  6 15:33:10 2024, Build transit paths, Update transit links with correct ivtt
Thu Jun  6 15:33:12 2024, Build transit paths, Transit skim PF
Thu Jun  6 15:34:34 2024, Build transit paths, Calculate boardings in transfers field
Thu Jun  6 15:34:35 2024, Build transit paths, Build transit paths Loop - OP - Walk - ExpBus -33 of 40
Thu Jun  6 15:34:35 2024, Build transit paths, Build tranist network
Thu Jun  6 15:34:54 2024, Build transit paths, Tranist network settings
Thu Jun  6 15:34:55 2024, Build transit paths, Transit assignment PF
Thu Jun  6 15:35:11 2024, Build transit paths, Fill stop layer with base ivtt
Thu Jun  6 15:35:11 2024, Build transit paths, Update transit links with correct ivtt
Thu Jun  6 15:35:12 2024, Build transit paths, Transit skim PF
Thu Jun  6 15:36:33 2024, Build transit paths, Calculate boardings in transfers field
Thu Jun  6 15:36:34 2024, Build transit paths, Build transit paths Loop - OP - Walk - UrbRail -34 of 40
Thu Jun  6 15:36:34 2024, Build transit paths, Build tranist network
Thu Jun  6 15:36:53 2024, Build transit paths, Tranist network settings
Thu Jun  6 15:36:54 2024, Build transit paths, Transit assignment PF
Thu Jun  6 15:37:10 2024, Build transit paths, Fill stop layer with base ivtt
Thu Jun  6 15:37:10 2024, Build transit paths, Update transit links with correct ivtt
Thu Jun  6 15:37:11 2024, Build transit paths, Transit skim PF
Thu Jun  6 15:38:33 2024, Build transit paths, Calculate boardings in transfers field
Thu Jun  6 15:38:33 2024, Build transit paths, Build transit paths Loop - OP - Walk - ComRail -35 of 40
Thu Jun  6 15:38:33 2024, Build transit paths, Build tranist network
Thu Jun  6 15:38:52 2024, Build transit paths, Tranist network settings
Thu Jun  6 15:38:54 2024, Build transit paths, Transit assignment PF
Thu Jun  6 15:39:10 2024, Build transit paths, Fill stop layer with base ivtt
Thu Jun  6 15:39:10 2024, Build transit paths, Update transit links with correct ivtt
Thu Jun  6 15:39:11 2024, Build transit paths, Transit skim PF
Thu Jun  6 15:40:33 2024, Build transit paths, Calculate boardings in transfers field
Thu Jun  6 15:40:33 2024, Build transit paths, Build transit paths Loop - OP - Drive - Local -36 of 40
Thu Jun  6 15:40:33 2024, Build transit paths, Build tranist network
Thu Jun  6 15:40:52 2024, Build transit paths, Tranist network settings
Thu Jun  6 15:40:58 2024, Build transit paths, Transit assignment PF
Thu Jun  6 15:41:30 2024, Build transit paths, Fill stop layer with base ivtt
Thu Jun  6 15:41:30 2024, Build transit paths, Update transit links with correct ivtt
Thu Jun  6 15:41:31 2024, Build transit paths, Transit skim PF
Thu Jun  6 15:43:10 2024, Build transit paths, Calculate boardings in transfers field
Thu Jun  6 15:43:10 2024, Build transit paths, Build transit paths Loop - OP - Drive - Brt -37 of 40
Thu Jun  6 15:43:10 2024, Build transit paths, Build tranist network
Thu Jun  6 15:43:29 2024, Build transit paths, Tranist network settings
Thu Jun  6 15:43:34 2024, Build transit paths, Transit assignment PF
Thu Jun  6 15:44:06 2024, Build transit paths, Fill stop layer with base ivtt
Thu Jun  6 15:44:07 2024, Build transit paths, Update transit links with correct ivtt
Thu Jun  6 15:44:08 2024, Build transit paths, Transit skim PF
Thu Jun  6 15:45:43 2024, Build transit paths, Calculate boardings in transfers field
Thu Jun  6 15:45:44 2024, Build transit paths, Build transit paths Loop - OP - Drive - ExpBus -38 of 40
Thu Jun  6 15:45:44 2024, Build transit paths, Build tranist network
Thu Jun  6 15:46:03 2024, Build transit paths, Tranist network settings
Thu Jun  6 15:46:09 2024, Build transit paths, Transit assignment PF
Thu Jun  6 15:46:40 2024, Build transit paths, Fill stop layer with base ivtt
Thu Jun  6 15:46:41 2024, Build transit paths, Update transit links with correct ivtt
Thu Jun  6 15:46:42 2024, Build transit paths, Transit skim PF
Thu Jun  6 15:48:17 2024, Build transit paths, Calculate boardings in transfers field
Thu Jun  6 15:48:17 2024, Build transit paths, Build transit paths Loop - OP - Drive - UrbRail -39 of 40
Thu Jun  6 15:48:17 2024, Build transit paths, Build tranist network
Thu Jun  6 15:48:36 2024, Build transit paths, Tranist network settings
Thu Jun  6 15:48:42 2024, Build transit paths, Transit assignment PF
Thu Jun  6 15:49:14 2024, Build transit paths, Fill stop layer with base ivtt
Thu Jun  6 15:49:15 2024, Build transit paths, Update transit links with correct ivtt
Thu Jun  6 15:49:16 2024, Build transit paths, Transit skim PF
Thu Jun  6 15:50:53 2024, Build transit paths, Calculate boardings in transfers field
Thu Jun  6 15:50:53 2024, Build transit paths, Build transit paths Loop - OP - Drive - ComRail -40 of 40
Thu Jun  6 15:50:53 2024, Build transit paths, Build tranist network
Thu Jun  6 15:51:12 2024, Build transit paths, Tranist network settings
Thu Jun  6 15:51:18 2024, Build transit paths, Transit assignment PF
Thu Jun  6 15:51:50 2024, Build transit paths, Fill stop layer with base ivtt
Thu Jun  6 15:51:50 2024, Build transit paths, Update transit links with correct ivtt
Thu Jun  6 15:51:51 2024, Build transit paths, Transit skim PF
Thu Jun  6 15:53:29 2024, Build transit paths, Calculate boardings in transfers field
Thu Jun  6 15:53:29 2024, Process transit skims
Thu Jun  6 16:15:59 2024, 4 InternalTruckModel.rsc, Run Internal Truck and Commercial Vehicle Model
Thu Jun  6 16:15:59 2024, Aggregate LandUse
Thu Jun  6 16:16:18 2024, Calculate Accessibilities
Thu Jun  6 16:16:28 2024, Run Truck Model
Thu Jun  6 16:17:51 2024, Run Commercial Vehicle Model
Thu Jun  6 16:18:01 2024, Run Trip Length Summaries
Thu Jun  6 16:18:16 2024, Close All Views
Thu Jun  6 16:18:16 2024, 5 VisitorModel.rsc, Run Visitor Model
Thu Jun  6 16:18:17 2024, Prepare input data
Thu Jun  6 16:19:01 2024, Visitor Trip Gen
Thu Jun  6 16:19:10 2024, Visitor Trip Distribution
Thu Jun  6 16:19:22 2024, Visitor Trip Mode Choice
Thu Jun  6 16:19:23 2024, Visitor Trip Time of Day
Thu Jun  6 16:19:36 2024, 7.1 RunDaySim.rsc,   ****** Run DaySim ****** 
Thu Jun  6 16:19:36 2024, Set transit paramters
Thu Jun  6 16:34:57 2024, Runing OMX Re Export in feedback loop 3
Thu Jun  6 16:34:57 2024, Set transit paramters
Thu Jun  6 20:13:17 2024, Copy DaySim inputs in feedback loop 3
Thu Jun  6 20:13:17 2024, Runing DaySim for iteration 1 in feedback loop 3
Thu Jun  6 21:11:01 2024, Runing DaySim Summaries in feedback loop 3
Thu Jun  6 21:11:01 2024, Set transit paramters
Thu Jun  6 21:16:47 2024, 7.1 RunDaySim.rsc,  ******** Build DaySim Trip Matrices ******** 
Thu Jun  6 21:16:47 2024, Set transit paramters
Thu Jun  6 21:16:47 2024, Copying DaySim outputs
Thu Jun  6 21:16:57 2024, Joining trip and tour files
Thu Jun  6 21:21:35 2024, Processing trips ... , Auto
Thu Jun  6 21:21:35 2024, Processing trips for: , AM
Thu Jun  6 21:30:54 2024, Processing trips for: , MD
Thu Jun  6 21:39:45 2024, Processing trips for: , PM
Thu Jun  6 21:49:18 2024, Processing trips for: , OP
Thu Jun  6 21:53:59 2024, Processing trips ... , Transit
Thu Jun  6 21:53:59 2024, Processing trips trips for: , AM
Thu Jun  6 21:59:07 2024, Processing trips trips for: , MD
Thu Jun  6 22:01:02 2024, Processing trips trips for: , PM
Thu Jun  6 22:03:04 2024, Processing trips trips for: , OP
Thu Jun  6 22:04:15 2024, Set transit paramters
Thu Jun  6 22:04:18 2024, 8.1 HwyAssignment.rsc,   ****** Pre Assignment ****** 
Thu Jun  6 22:04:18 2024, Add visitor trips 
Thu Jun  6 22:04:21 2024, Add internal truck demand 
Thu Jun  6 22:04:22 2024, Add internal commercial vehicle demand 
Thu Jun  6 22:04:23 2024, Add external truck demand 
Thu Jun  6 22:04:32 2024, Add external auto demand 
Thu Jun  6 22:04:41 2024, Highway Assignment - Processing Matrices for , AM
Thu Jun  6 22:04:47 2024, Highway Assignment - Processing Matrices for , MD
Thu Jun  6 22:05:01 2024, Highway Assignment - Processing Matrices for , PM
Thu Jun  6 22:05:14 2024, Highway Assignment - Processing Matrices for , OP
Thu Jun  6 22:05:26 2024, Highway Assignment - Network Settings
Thu Jun  6 22:05:27 2024, Highway Assignment - Preload Assignment for AM
Thu Jun  6 22:06:15 2024, Highway Assignment - Preload Assignment for MD
Thu Jun  6 22:07:44 2024, Highway Assignment - Preload Assignment for PM
Thu Jun  6 22:09:05 2024, Highway Assignment - Preload Assignment for OP
Thu Jun  6 22:09:48 2024, Highway Assignment - General Assignment for AM
Thu Jun  6 22:18:03 2024, Highway Assignment - General Assignment for MD
Thu Jun  6 22:22:09 2024, Highway Assignment - General Assignment for PM
Thu Jun  6 22:30:20 2024, Highway Assignment - General Assignment for OP
Thu Jun  6 22:32:05 2024, 8.2 TransitAssignment.rsc,   ****** Transit Assignment ****** 
Thu Jun  6 22:32:05 2024, Set transit paramters
Thu Jun  6 22:32:05 2024, Transit assignment, AM
Thu Jun  6 22:32:16 2024, Transit assignment, AM
Thu Jun  6 22:32:24 2024, Transit assignment, AM
Thu Jun  6 22:32:32 2024, Transit assignment, AM
Thu Jun  6 22:32:39 2024, Transit assignment, AM
Thu Jun  6 22:32:49 2024, Transit assignment, AM
Thu Jun  6 22:32:58 2024, Transit assignment, AM
Thu Jun  6 22:33:04 2024, Transit assignment, AM
Thu Jun  6 22:33:11 2024, Transit assignment, AM
Thu Jun  6 22:33:18 2024, Transit assignment, AM
Thu Jun  6 22:33:26 2024, Transit assignment, AM
Thu Jun  6 22:33:32 2024, Transit assignment, AM
Thu Jun  6 22:33:39 2024, Transit assignment, AM
Thu Jun  6 22:33:46 2024, Transit assignment, AM
Thu Jun  6 22:33:52 2024, Transit assignment, AM
Thu Jun  6 22:33:59 2024, Transit assignment, MD
Thu Jun  6 22:34:11 2024, Transit assignment, MD
Thu Jun  6 22:34:19 2024, Transit assignment, MD
Thu Jun  6 22:34:27 2024, Transit assignment, MD
Thu Jun  6 22:34:35 2024, Transit assignment, MD
Thu Jun  6 22:34:42 2024, Transit assignment, MD
Thu Jun  6 22:34:49 2024, Transit assignment, MD
Thu Jun  6 22:34:55 2024, Transit assignment, MD
Thu Jun  6 22:35:02 2024, Transit assignment, MD
Thu Jun  6 22:35:09 2024, Transit assignment, MD
Thu Jun  6 22:35:15 2024, Transit assignment, MD
Thu Jun  6 22:35:22 2024, Transit assignment, MD
Thu Jun  6 22:35:28 2024, Transit assignment, MD
Thu Jun  6 22:35:35 2024, Transit assignment, MD
Thu Jun  6 22:35:41 2024, Transit assignment, MD
Thu Jun  6 22:35:48 2024, Transit assignment, PM
Thu Jun  6 22:36:00 2024, Transit assignment, PM
Thu Jun  6 22:36:08 2024, Transit assignment, PM
Thu Jun  6 22:36:16 2024, Transit assignment, PM
Thu Jun  6 22:36:24 2024, Transit assignment, PM
Thu Jun  6 22:36:35 2024, Transit assignment, PM
Thu Jun  6 22:36:53 2024, Transit assignment, PM
Thu Jun  6 22:37:10 2024, Transit assignment, PM
Thu Jun  6 22:37:27 2024, Transit assignment, PM
Thu Jun  6 22:37:44 2024, Transit assignment, PM
Thu Jun  6 22:38:02 2024, Transit assignment, PM
Thu Jun  6 22:38:19 2024, Transit assignment, PM
Thu Jun  6 22:38:36 2024, Transit assignment, PM
Thu Jun  6 22:38:53 2024, Transit assignment, PM
Thu Jun  6 22:39:11 2024, Transit assignment, PM
Thu Jun  6 22:39:28 2024, Transit assignment, OP
Thu Jun  6 22:39:38 2024, Transit assignment, OP
Thu Jun  6 22:39:45 2024, Transit assignment, OP
Thu Jun  6 22:39:52 2024, Transit assignment, OP
Thu Jun  6 22:39:59 2024, Transit assignment, OP
Thu Jun  6 22:40:05 2024, Transit assignment, OP
Thu Jun  6 22:40:22 2024, Transit assignment, OP
Thu Jun  6 22:40:39 2024, Transit assignment, OP
Thu Jun  6 22:40:55 2024, Transit assignment, OP
Thu Jun  6 22:41:12 2024, Transit assignment, OP
Thu Jun  6 22:41:29 2024, Transit assignment, OP
Thu Jun  6 22:41:45 2024, Transit assignment, OP
Thu Jun  6 22:42:02 2024, Transit assignment, OP
Thu Jun  6 22:42:18 2024, Transit assignment, OP
Thu Jun  6 22:42:35 2024, Transit assignment, OP
Thu Jun  6 22:42:52 2024, 8.2 TransitAssignment.rsc,   ****** Transit Reporting ****** 
Thu Jun  6 22:42:52 2024, Set transit paramters
Thu Jun  6 23:01:55 2024, 8.1 HwyAssignment.rsc,   ****** Highway Post Processor ****** 
Thu Jun  6 23:16:18 2024, 8.3 FeedbackLoop.rsc,   ****** Update Travel Times ****** 
Thu Jun  6 23:18:55 2024, 9.2 boardings.rsc,   ****** Tranist Stop Summary ****** 
Thu Jun  6 23:26:24 2024, 9.1 Utility.rsc,  Running MOE1
Thu Jun  6 23:26:55 2024,               , District Set 1 of 10
Thu Jun  6 23:30:06 2024,               , Step 1 of 20 - Regional
Thu Jun  6 23:30:32 2024,               , Step 2 of 20 - CBD
Thu Jun  6 23:30:38 2024,               , Step 3 of 20 - Columbia
Thu Jun  6 23:30:43 2024,               , Step 4 of 20 - Gallatin
Thu Jun  6 23:30:47 2024,               , Step 5 of 20 - Inner Core  I-65
Thu Jun  6 23:30:52 2024,               , Step 6 of 20 - Inner Core I-24
Thu Jun  6 23:30:57 2024,               , Step 7 of 20 - Inner Core I-24/
Thu Jun  6 23:31:02 2024,               , Step 8 of 20 - Inner Core I-24W
Thu Jun  6 23:31:07 2024,               , Step 9 of 20 - Inner Core I-40
Thu Jun  6 23:31:11 2024,               , Step 10 of 20 - Lebanon
Thu Jun  6 23:31:16 2024,               , Step 11 of 20 - Maury
Thu Jun  6 23:31:21 2024,               , Step 12 of 20 - Middle Core I-24
Thu Jun  6 23:31:27 2024,               , Step 13 of 20 - Middle Core I-40
Thu Jun  6 23:31:32 2024,               , Step 14 of 20 - Middle Core I-65
Thu Jun  6 23:31:40 2024,               , Step 15 of 20 - Murfreesboro
Thu Jun  6 23:31:45 2024,               , Step 16 of 20 - Outer Core I-24
Thu Jun  6 23:31:50 2024,               , Step 17 of 20 - Outer Core I-40
Thu Jun  6 23:31:55 2024,               , Step 18 of 20 - Outer Core I-65
Thu Jun  6 23:32:01 2024,               , Step 19 of 20 - Outer Core SR386
Thu Jun  6 23:32:06 2024,               , Step 20 of 20 - Springfield
Thu Jun  6 23:32:10 2024,               , District Set 2 of 10
Thu Jun  6 23:35:21 2024,               , Step 1 of 8 - Regional
Thu Jun  6 23:35:47 2024,               , Step 2 of 8 - DAVIDSON
Thu Jun  6 23:35:58 2024,               , Step 3 of 8 - MAURY
Thu Jun  6 23:36:03 2024,               , Step 4 of 8 - ROBERTSON
Thu Jun  6 23:36:08 2024,               , Step 5 of 8 - RUTHERFORD
Thu Jun  6 23:36:14 2024,               , Step 6 of 8 - SUMNER
Thu Jun  6 23:36:20 2024,               , Step 7 of 8 - WILLIAMSON
Thu Jun  6 23:36:26 2024,               , Step 8 of 8 - WILSON
Thu Jun  6 23:36:31 2024,               , District Set 3 of 10
Thu Jun  6 23:36:31 2024,               , District Set 4 of 10
Thu Jun  6 23:36:31 2024,               , District Set 5 of 10
Thu Jun  6 23:36:31 2024,               , District Set 6 of 10
Thu Jun  6 23:36:31 2024,               , District Set 7 of 10
Thu Jun  6 23:36:31 2024,               , District Set 8 of 10
Thu Jun  6 23:36:31 2024,               , District Set 9 of 10
Thu Jun  6 23:36:31 2024,               , District Set 10 of 10
Fri Jun  7 12:42:04 2024,  ******************* FINISHED Nashville ABM 2019 - Version 19.1.0 ******************* 
Wed Jun 19 14:33:22 2024,  ******************* STARTED Nashville ABM 2019 - Version 19.1.0 ******************* 
Wed Jun 19 14:33:22 2024, 1.1 Initialization.rsc, Initialization
Wed Jun 19 14:39:10 2024, 1.1 Initialization.rsc, Area Type
Wed Jun 19 14:49:30 2024, 1.1 Initialization.rsc, Capacity and FF Speed
Wed Jun 19 15:18:57 2024, 2.1 HwySkimming.rsc,   ****** Highway Skimming ****** 
Wed Jun 19 15:18:57 2024, Build highway network
Wed Jun 19 15:19:05 2024, Shortest path using length
Wed Jun 19 15:19:07 2024, Terminal time
Wed Jun 19 15:19:10 2024, Build HOV skims
Wed Jun 19 15:19:55 2024, Build SOV skims
Wed Jun 19 15:20:47 2024, Save and copy skims
Wed Jun 19 15:20:59 2024, 2.1 HwySkimming.rsc, Finished Highway Skimming
Wed Jun 19 15:20:59 2024, 2.2 TransitSkimming.rsc,   ****** Transit Skimming ****** 
Wed Jun 19 15:20:59 2024, Set transit paramters
Wed Jun 19 15:20:59 2024, Prepare inputs
Wed Jun 19 15:22:58 2024, Build drive connectors
Wed Jun 19 15:25:54 2024, Build transit paths
Wed Jun 19 15:25:54 2024, Build transit paths, Build transit paths Loop - AM - Walk - Local -1 of 40
Wed Jun 19 15:25:54 2024, Build transit paths, Build tranist network
Wed Jun 19 15:26:14 2024, Build transit paths, Tranist network settings
Wed Jun 19 15:26:15 2024, Build transit paths, Transit assignment PF
Wed Jun 19 15:26:28 2024, Build transit paths, Fill stop layer with base ivtt
Wed Jun 19 15:26:29 2024, Build transit paths, Update transit links with correct ivtt
Wed Jun 19 15:26:30 2024, Build transit paths, Transit skim PF
Wed Jun 19 15:28:03 2024, Build transit paths, Calculate boardings in transfers field
Wed Jun 19 15:28:04 2024, Build transit paths, Build transit paths Loop - AM - Walk - Brt -2 of 40
Wed Jun 19 15:28:04 2024, Build transit paths, Build tranist network
Wed Jun 19 15:28:23 2024, Build transit paths, Tranist network settings
Wed Jun 19 15:28:25 2024, Build transit paths, Transit assignment PF
Wed Jun 19 15:28:38 2024, Build transit paths, Fill stop layer with base ivtt
Wed Jun 19 15:28:39 2024, Build transit paths, Update transit links with correct ivtt
Wed Jun 19 15:28:40 2024, Build transit paths, Transit skim PF
Wed Jun 19 15:30:08 2024, Build transit paths, Calculate boardings in transfers field
Wed Jun 19 15:30:09 2024, Build transit paths, Build transit paths Loop - AM - Walk - ExpBus -3 of 40
Wed Jun 19 15:30:09 2024, Build transit paths, Build tranist network
Wed Jun 19 15:30:29 2024, Build transit paths, Tranist network settings
Wed Jun 19 15:30:31 2024, Build transit paths, Transit assignment PF
Wed Jun 19 15:30:45 2024, Build transit paths, Fill stop layer with base ivtt
Wed Jun 19 15:30:45 2024, Build transit paths, Update transit links with correct ivtt
Wed Jun 19 15:30:47 2024, Build transit paths, Transit skim PF
Wed Jun 19 15:32:18 2024, Build transit paths, Calculate boardings in transfers field
Wed Jun 19 15:32:18 2024, Build transit paths, Build transit paths Loop - AM - Walk - UrbRail -4 of 40
Wed Jun 19 15:32:18 2024, Build transit paths, Build tranist network
Wed Jun 19 15:32:38 2024, Build transit paths, Tranist network settings
Wed Jun 19 15:32:40 2024, Build transit paths, Transit assignment PF
Wed Jun 19 15:32:54 2024, Build transit paths, Fill stop layer with base ivtt
Wed Jun 19 15:32:54 2024, Build transit paths, Update transit links with correct ivtt
Wed Jun 19 15:32:55 2024, Build transit paths, Transit skim PF
Wed Jun 19 15:34:27 2024, Build transit paths, Calculate boardings in transfers field
Wed Jun 19 15:34:27 2024, Build transit paths, Build transit paths Loop - AM - Walk - ComRail -5 of 40
Wed Jun 19 15:34:27 2024, Build transit paths, Build tranist network
Wed Jun 19 15:34:47 2024, Build transit paths, Tranist network settings
Wed Jun 19 15:34:49 2024, Build transit paths, Transit assignment PF
Wed Jun 19 15:35:04 2024, Build transit paths, Fill stop layer with base ivtt
Wed Jun 19 15:35:04 2024, Build transit paths, Update transit links with correct ivtt
Wed Jun 19 15:35:05 2024, Build transit paths, Transit skim PF
Wed Jun 19 15:36:38 2024, Build transit paths, Calculate boardings in transfers field
Wed Jun 19 15:36:41 2024, Build transit paths, Build transit paths Loop - AM - Drive - Local -6 of 40
Wed Jun 19 15:36:41 2024, Build transit paths, Build tranist network
Wed Jun 19 15:37:01 2024, Build transit paths, Tranist network settings
Wed Jun 19 15:37:06 2024, Build transit paths, Transit assignment PF
Wed Jun 19 15:37:19 2024, Build transit paths, Fill stop layer with base ivtt
Wed Jun 19 15:37:19 2024, Build transit paths, Update transit links with correct ivtt
Wed Jun 19 15:37:20 2024, Build transit paths, Transit skim PF
Wed Jun 19 15:38:13 2024, Build transit paths, Calculate boardings in transfers field
Wed Jun 19 15:38:14 2024, Build transit paths, Build transit paths Loop - AM - Drive - Brt -7 of 40
Wed Jun 19 15:38:14 2024, Build transit paths, Build tranist network
Wed Jun 19 15:38:34 2024, Build transit paths, Tranist network settings
Wed Jun 19 15:38:39 2024, Build transit paths, Transit assignment PF
Wed Jun 19 15:38:52 2024, Build transit paths, Fill stop layer with base ivtt
Wed Jun 19 15:38:52 2024, Build transit paths, Update transit links with correct ivtt
Wed Jun 19 15:38:53 2024, Build transit paths, Transit skim PF
Wed Jun 19 15:39:47 2024, Build transit paths, Calculate boardings in transfers field
Wed Jun 19 15:39:47 2024, Build transit paths, Build transit paths Loop - AM - Drive - ExpBus -8 of 40
Wed Jun 19 15:39:47 2024, Build transit paths, Build tranist network
Wed Jun 19 15:40:07 2024, Build transit paths, Tranist network settings
Wed Jun 19 15:40:13 2024, Build transit paths, Transit assignment PF
Wed Jun 19 15:40:27 2024, Build transit paths, Fill stop layer with base ivtt
Wed Jun 19 15:40:27 2024, Build transit paths, Update transit links with correct ivtt
Wed Jun 19 15:40:28 2024, Build transit paths, Transit skim PF
Wed Jun 19 15:41:25 2024, Build transit paths, Calculate boardings in transfers field
Wed Jun 19 15:41:25 2024, Build transit paths, Build transit paths Loop - AM - Drive - UrbRail -9 of 40
Wed Jun 19 15:41:25 2024, Build transit paths, Build tranist network
Wed Jun 19 15:41:46 2024, Build transit paths, Tranist network settings
Wed Jun 19 15:41:51 2024, Build transit paths, Transit assignment PF
Wed Jun 19 15:42:05 2024, Build transit paths, Fill stop layer with base ivtt
Wed Jun 19 15:42:05 2024, Build transit paths, Update transit links with correct ivtt
Wed Jun 19 15:42:06 2024, Build transit paths, Transit skim PF
Wed Jun 19 15:43:08 2024, Build transit paths, Calculate boardings in transfers field
Wed Jun 19 15:43:08 2024, Build transit paths, Build transit paths Loop - AM - Drive - ComRail -10 of 40
Wed Jun 19 15:43:08 2024, Build transit paths, Build tranist network
Wed Jun 19 15:43:28 2024, Build transit paths, Tranist network settings
Wed Jun 19 15:43:34 2024, Build transit paths, Transit assignment PF
Wed Jun 19 15:43:48 2024, Build transit paths, Fill stop layer with base ivtt
Wed Jun 19 15:43:48 2024, Build transit paths, Update transit links with correct ivtt
Wed Jun 19 15:43:49 2024, Build transit paths, Transit skim PF
Wed Jun 19 15:45:01 2024, Build transit paths, Calculate boardings in transfers field
Wed Jun 19 15:45:01 2024, Build transit paths, Build transit paths Loop - MD - Walk - Local -11 of 40
Wed Jun 19 15:45:01 2024, Build transit paths, Build tranist network
Wed Jun 19 15:45:21 2024, Build transit paths, Tranist network settings
Wed Jun 19 15:45:23 2024, Build transit paths, Transit assignment PF
Wed Jun 19 15:45:36 2024, Build transit paths, Fill stop layer with base ivtt
Wed Jun 19 15:45:37 2024, Build transit paths, Update transit links with correct ivtt
Wed Jun 19 15:45:38 2024, Build transit paths, Transit skim PF
Wed Jun 19 15:47:07 2024, Build transit paths, Calculate boardings in transfers field
Wed Jun 19 15:47:07 2024, Build transit paths, Build transit paths Loop - MD - Walk - Brt -12 of 40
Wed Jun 19 15:47:07 2024, Build transit paths, Build tranist network
Wed Jun 19 15:47:27 2024, Build transit paths, Tranist network settings
Wed Jun 19 15:47:29 2024, Build transit paths, Transit assignment PF
Wed Jun 19 15:47:43 2024, Build transit paths, Fill stop layer with base ivtt
Wed Jun 19 15:47:43 2024, Build transit paths, Update transit links with correct ivtt
Wed Jun 19 15:47:44 2024, Build transit paths, Transit skim PF
Wed Jun 19 15:49:12 2024, Build transit paths, Calculate boardings in transfers field
Wed Jun 19 15:49:14 2024, Build transit paths, Build transit paths Loop - MD - Walk - ExpBus -13 of 40
Wed Jun 19 15:49:14 2024, Build transit paths, Build tranist network
Wed Jun 19 15:49:34 2024, Build transit paths, Tranist network settings
Wed Jun 19 15:49:36 2024, Build transit paths, Transit assignment PF
Wed Jun 19 15:49:51 2024, Build transit paths, Fill stop layer with base ivtt
Wed Jun 19 15:49:51 2024, Build transit paths, Update transit links with correct ivtt
Wed Jun 19 15:49:52 2024, Build transit paths, Transit skim PF
Wed Jun 19 15:51:21 2024, Build transit paths, Calculate boardings in transfers field
Wed Jun 19 15:51:21 2024, Build transit paths, Build transit paths Loop - MD - Walk - UrbRail -14 of 40
Wed Jun 19 15:51:21 2024, Build transit paths, Build tranist network
Wed Jun 19 15:51:41 2024, Build transit paths, Tranist network settings
Wed Jun 19 15:51:43 2024, Build transit paths, Transit assignment PF
Wed Jun 19 15:51:57 2024, Build transit paths, Fill stop layer with base ivtt
Wed Jun 19 15:51:58 2024, Build transit paths, Update transit links with correct ivtt
Wed Jun 19 15:51:59 2024, Build transit paths, Transit skim PF
Wed Jun 19 15:53:27 2024, Build transit paths, Calculate boardings in transfers field
Wed Jun 19 15:53:28 2024, Build transit paths, Build transit paths Loop - MD - Walk - ComRail -15 of 40
Wed Jun 19 15:53:28 2024, Build transit paths, Build tranist network
Wed Jun 19 15:53:48 2024, Build transit paths, Tranist network settings
Wed Jun 19 15:53:49 2024, Build transit paths, Transit assignment PF
Wed Jun 19 15:54:04 2024, Build transit paths, Fill stop layer with base ivtt
Wed Jun 19 15:54:05 2024, Build transit paths, Update transit links with correct ivtt
Wed Jun 19 15:54:06 2024, Build transit paths, Transit skim PF
Wed Jun 19 15:55:34 2024, Build transit paths, Calculate boardings in transfers field
Wed Jun 19 15:55:35 2024, Build transit paths, Build transit paths Loop - MD - Drive - Local -16 of 40
Wed Jun 19 15:55:35 2024, Build transit paths, Build tranist network
Wed Jun 19 15:55:55 2024, Build transit paths, Tranist network settings
Wed Jun 19 15:56:00 2024, Build transit paths, Transit assignment PF
Wed Jun 19 15:56:16 2024, Build transit paths, Fill stop layer with base ivtt
Wed Jun 19 15:56:17 2024, Build transit paths, Update transit links with correct ivtt
Wed Jun 19 15:56:18 2024, Build transit paths, Transit skim PF
Wed Jun 19 15:57:11 2024, Build transit paths, Calculate boardings in transfers field
Wed Jun 19 15:57:11 2024, Build transit paths, Build transit paths Loop - MD - Drive - Brt -17 of 40
Wed Jun 19 15:57:11 2024, Build transit paths, Build tranist network
Wed Jun 19 15:57:32 2024, Build transit paths, Tranist network settings
Wed Jun 19 15:57:37 2024, Build transit paths, Transit assignment PF
Wed Jun 19 15:57:53 2024, Build transit paths, Fill stop layer with base ivtt
Wed Jun 19 15:57:53 2024, Build transit paths, Update transit links with correct ivtt
Wed Jun 19 15:57:54 2024, Build transit paths, Transit skim PF
Wed Jun 19 15:58:48 2024, Build transit paths, Calculate boardings in transfers field
Wed Jun 19 15:58:49 2024, Build transit paths, Build transit paths Loop - MD - Drive - ExpBus -18 of 40
Wed Jun 19 15:58:49 2024, Build transit paths, Build tranist network
Wed Jun 19 15:59:09 2024, Build transit paths, Tranist network settings
Wed Jun 19 15:59:14 2024, Build transit paths, Transit assignment PF
Wed Jun 19 15:59:31 2024, Build transit paths, Fill stop layer with base ivtt
Wed Jun 19 15:59:31 2024, Build transit paths, Update transit links with correct ivtt
Wed Jun 19 15:59:32 2024, Build transit paths, Transit skim PF
Wed Jun 19 16:00:27 2024, Build transit paths, Calculate boardings in transfers field
Wed Jun 19 16:00:28 2024, Build transit paths, Build transit paths Loop - MD - Drive - UrbRail -19 of 40
Wed Jun 19 16:00:28 2024, Build transit paths, Build tranist network
Wed Jun 19 16:00:49 2024, Build transit paths, Tranist network settings
Wed Jun 19 16:00:54 2024, Build transit paths, Transit assignment PF
Wed Jun 19 16:01:10 2024, Build transit paths, Fill stop layer with base ivtt
Wed Jun 19 16:01:11 2024, Build transit paths, Update transit links with correct ivtt
Wed Jun 19 16:01:12 2024, Build transit paths, Transit skim PF
Wed Jun 19 16:02:07 2024, Build transit paths, Calculate boardings in transfers field
Wed Jun 19 16:02:07 2024, Build transit paths, Build transit paths Loop - MD - Drive - ComRail -20 of 40
Wed Jun 19 16:02:07 2024, Build transit paths, Build tranist network
Wed Jun 19 16:02:28 2024, Build transit paths, Tranist network settings
Wed Jun 19 16:02:33 2024, Build transit paths, Transit assignment PF
Wed Jun 19 16:02:50 2024, Build transit paths, Fill stop layer with base ivtt
Wed Jun 19 16:02:50 2024, Build transit paths, Update transit links with correct ivtt
Wed Jun 19 16:02:51 2024, Build transit paths, Transit skim PF
Wed Jun 19 16:03:47 2024, Build transit paths, Calculate boardings in transfers field
Wed Jun 19 16:03:47 2024, Build transit paths, Build transit paths Loop - PM - Walk - Local -21 of 40
Wed Jun 19 16:03:47 2024, Build transit paths, Build tranist network
Wed Jun 19 16:04:07 2024, Build transit paths, Tranist network settings
Wed Jun 19 16:04:08 2024, Build transit paths, Transit assignment PF
Wed Jun 19 16:04:25 2024, Build transit paths, Fill stop layer with base ivtt
Wed Jun 19 16:04:25 2024, Build transit paths, Update transit links with correct ivtt
Wed Jun 19 16:04:26 2024, Build transit paths, Transit skim PF
Wed Jun 19 16:05:56 2024, Build transit paths, Calculate boardings in transfers field
Wed Jun 19 16:05:56 2024, Build transit paths, Build transit paths Loop - PM - Walk - Brt -22 of 40
Wed Jun 19 16:05:56 2024, Build transit paths, Build tranist network
Wed Jun 19 16:06:16 2024, Build transit paths, Tranist network settings
Wed Jun 19 16:06:18 2024, Build transit paths, Transit assignment PF
Wed Jun 19 16:06:34 2024, Build transit paths, Fill stop layer with base ivtt
Wed Jun 19 16:06:35 2024, Build transit paths, Update transit links with correct ivtt
Wed Jun 19 16:06:36 2024, Build transit paths, Transit skim PF
Wed Jun 19 16:08:01 2024, Build transit paths, Calculate boardings in transfers field
Wed Jun 19 16:08:02 2024, Build transit paths, Build transit paths Loop - PM - Walk - ExpBus -23 of 40
Wed Jun 19 16:08:02 2024, Build transit paths, Build tranist network
Wed Jun 19 16:08:22 2024, Build transit paths, Tranist network settings
Wed Jun 19 16:08:24 2024, Build transit paths, Transit assignment PF
Wed Jun 19 16:08:42 2024, Build transit paths, Fill stop layer with base ivtt
Wed Jun 19 16:08:43 2024, Build transit paths, Update transit links with correct ivtt
Wed Jun 19 16:08:44 2024, Build transit paths, Transit skim PF
Wed Jun 19 16:10:14 2024, Build transit paths, Calculate boardings in transfers field
Wed Jun 19 16:10:14 2024, Build transit paths, Build transit paths Loop - PM - Walk - UrbRail -24 of 40
Wed Jun 19 16:10:14 2024, Build transit paths, Build tranist network
Wed Jun 19 16:10:35 2024, Build transit paths, Tranist network settings
Wed Jun 19 16:10:36 2024, Build transit paths, Transit assignment PF
Wed Jun 19 16:10:55 2024, Build transit paths, Fill stop layer with base ivtt
Wed Jun 19 16:10:56 2024, Build transit paths, Update transit links with correct ivtt
Wed Jun 19 16:10:57 2024, Build transit paths, Transit skim PF
Wed Jun 19 16:12:29 2024, Build transit paths, Calculate boardings in transfers field
Wed Jun 19 16:12:29 2024, Build transit paths, Build transit paths Loop - PM - Walk - ComRail -25 of 40
Wed Jun 19 16:12:29 2024, Build transit paths, Build tranist network
Wed Jun 19 16:12:50 2024, Build transit paths, Tranist network settings
Wed Jun 19 16:12:51 2024, Build transit paths, Transit assignment PF
Wed Jun 19 16:13:10 2024, Build transit paths, Fill stop layer with base ivtt
Wed Jun 19 16:13:11 2024, Build transit paths, Update transit links with correct ivtt
Wed Jun 19 16:13:12 2024, Build transit paths, Transit skim PF
Wed Jun 19 16:14:44 2024, Build transit paths, Calculate boardings in transfers field
Wed Jun 19 16:14:45 2024, Build transit paths, Build transit paths Loop - PM - Drive - Local -26 of 40
Wed Jun 19 16:14:45 2024, Build transit paths, Build tranist network
Wed Jun 19 16:15:05 2024, Build transit paths, Tranist network settings
Wed Jun 19 16:15:11 2024, Build transit paths, Transit assignment PF
Wed Jun 19 16:15:44 2024, Build transit paths, Fill stop layer with base ivtt
Wed Jun 19 16:15:45 2024, Build transit paths, Update transit links with correct ivtt
Wed Jun 19 16:15:46 2024, Build transit paths, Transit skim PF
Wed Jun 19 16:17:26 2024, Build transit paths, Calculate boardings in transfers field
Wed Jun 19 16:17:26 2024, Build transit paths, Build transit paths Loop - PM - Drive - Brt -27 of 40
Wed Jun 19 16:17:26 2024, Build transit paths, Build tranist network
Wed Jun 19 16:17:46 2024, Build transit paths, Tranist network settings
Wed Jun 19 16:17:51 2024, Build transit paths, Transit assignment PF
Wed Jun 19 16:18:25 2024, Build transit paths, Fill stop layer with base ivtt
Wed Jun 19 16:18:25 2024, Build transit paths, Update transit links with correct ivtt
Wed Jun 19 16:18:26 2024, Build transit paths, Transit skim PF
Wed Jun 19 16:20:05 2024, Build transit paths, Calculate boardings in transfers field
Wed Jun 19 16:20:06 2024, Build transit paths, Build transit paths Loop - PM - Drive - ExpBus -28 of 40
Wed Jun 19 16:20:06 2024, Build transit paths, Build tranist network
Wed Jun 19 16:20:26 2024, Build transit paths, Tranist network settings
Wed Jun 19 16:20:31 2024, Build transit paths, Transit assignment PF
Wed Jun 19 16:21:07 2024, Build transit paths, Fill stop layer with base ivtt
Wed Jun 19 16:21:08 2024, Build transit paths, Update transit links with correct ivtt
Wed Jun 19 16:21:09 2024, Build transit paths, Transit skim PF
Wed Jun 19 16:22:49 2024, Build transit paths, Calculate boardings in transfers field
Wed Jun 19 16:22:49 2024, Build transit paths, Build transit paths Loop - PM - Drive - UrbRail -29 of 40
Wed Jun 19 16:22:49 2024, Build transit paths, Build tranist network
Wed Jun 19 16:23:09 2024, Build transit paths, Tranist network settings
Wed Jun 19 16:23:15 2024, Build transit paths, Transit assignment PF
Wed Jun 19 16:23:50 2024, Build transit paths, Fill stop layer with base ivtt
Wed Jun 19 16:23:51 2024, Build transit paths, Update transit links with correct ivtt
Wed Jun 19 16:23:52 2024, Build transit paths, Transit skim PF
Wed Jun 19 16:25:34 2024, Build transit paths, Calculate boardings in transfers field
Wed Jun 19 16:25:34 2024, Build transit paths, Build transit paths Loop - PM - Drive - ComRail -30 of 40
Wed Jun 19 16:25:34 2024, Build transit paths, Build tranist network
Wed Jun 19 16:25:54 2024, Build transit paths, Tranist network settings
Wed Jun 19 16:25:59 2024, Build transit paths, Transit assignment PF
Wed Jun 19 16:26:36 2024, Build transit paths, Fill stop layer with base ivtt
Wed Jun 19 16:26:37 2024, Build transit paths, Update transit links with correct ivtt
Wed Jun 19 16:26:38 2024, Build transit paths, Transit skim PF
Wed Jun 19 16:28:20 2024, Build transit paths, Calculate boardings in transfers field
Wed Jun 19 16:28:20 2024, Build transit paths, Build transit paths Loop - OP - Walk - Local -31 of 40
Wed Jun 19 16:28:20 2024, Build transit paths, Build tranist network
Wed Jun 19 16:28:40 2024, Build transit paths, Tranist network settings
Wed Jun 19 16:28:41 2024, Build transit paths, Transit assignment PF
Wed Jun 19 16:28:58 2024, Build transit paths, Fill stop layer with base ivtt
Wed Jun 19 16:28:59 2024, Build transit paths, Update transit links with correct ivtt
Wed Jun 19 16:29:00 2024, Build transit paths, Transit skim PF
Wed Jun 19 16:30:26 2024, Build transit paths, Calculate boardings in transfers field
Wed Jun 19 16:30:26 2024, Build transit paths, Build transit paths Loop - OP - Walk - Brt -32 of 40
Wed Jun 19 16:30:26 2024, Build transit paths, Build tranist network
Wed Jun 19 16:30:45 2024, Build transit paths, Tranist network settings
Wed Jun 19 16:30:47 2024, Build transit paths, Transit assignment PF
Wed Jun 19 16:31:04 2024, Build transit paths, Fill stop layer with base ivtt
Wed Jun 19 16:31:04 2024, Build transit paths, Update transit links with correct ivtt
Wed Jun 19 16:31:05 2024, Build transit paths, Transit skim PF
Wed Jun 19 16:32:30 2024, Build transit paths, Calculate boardings in transfers field
Wed Jun 19 16:32:30 2024, Build transit paths, Build transit paths Loop - OP - Walk - ExpBus -33 of 40
Wed Jun 19 16:32:30 2024, Build transit paths, Build tranist network
Wed Jun 19 16:32:49 2024, Build transit paths, Tranist network settings
Wed Jun 19 16:32:51 2024, Build transit paths, Transit assignment PF
Wed Jun 19 16:33:08 2024, Build transit paths, Fill stop layer with base ivtt
Wed Jun 19 16:33:09 2024, Build transit paths, Update transit links with correct ivtt
Wed Jun 19 16:33:10 2024, Build transit paths, Transit skim PF
Wed Jun 19 16:34:36 2024, Build transit paths, Calculate boardings in transfers field
Wed Jun 19 16:34:37 2024, Build transit paths, Build transit paths Loop - OP - Walk - UrbRail -34 of 40
Wed Jun 19 16:34:37 2024, Build transit paths, Build tranist network
Wed Jun 19 16:34:56 2024, Build transit paths, Tranist network settings
Wed Jun 19 16:34:58 2024, Build transit paths, Transit assignment PF
Wed Jun 19 16:35:15 2024, Build transit paths, Fill stop layer with base ivtt
Wed Jun 19 16:35:15 2024, Build transit paths, Update transit links with correct ivtt
Wed Jun 19 16:35:16 2024, Build transit paths, Transit skim PF
Wed Jun 19 16:36:41 2024, Build transit paths, Calculate boardings in transfers field
Wed Jun 19 16:36:41 2024, Build transit paths, Build transit paths Loop - OP - Walk - ComRail -35 of 40
Wed Jun 19 16:36:41 2024, Build transit paths, Build tranist network
Wed Jun 19 16:37:00 2024, Build transit paths, Tranist network settings
Wed Jun 19 16:37:02 2024, Build transit paths, Transit assignment PF
Wed Jun 19 16:37:19 2024, Build transit paths, Fill stop layer with base ivtt
Wed Jun 19 16:37:20 2024, Build transit paths, Update transit links with correct ivtt
Wed Jun 19 16:37:21 2024, Build transit paths, Transit skim PF
Wed Jun 19 16:38:47 2024, Build transit paths, Calculate boardings in transfers field
Wed Jun 19 16:38:47 2024, Build transit paths, Build transit paths Loop - OP - Drive - Local -36 of 40
Wed Jun 19 16:38:47 2024, Build transit paths, Build tranist network
Wed Jun 19 16:39:06 2024, Build transit paths, Tranist network settings
Wed Jun 19 16:39:12 2024, Build transit paths, Transit assignment PF
Wed Jun 19 16:39:45 2024, Build transit paths, Fill stop layer with base ivtt
Wed Jun 19 16:39:46 2024, Build transit paths, Update transit links with correct ivtt
Wed Jun 19 16:39:47 2024, Build transit paths, Transit skim PF
Wed Jun 19 16:41:24 2024, Build transit paths, Calculate boardings in transfers field
Wed Jun 19 16:41:24 2024, Build transit paths, Build transit paths Loop - OP - Drive - Brt -37 of 40
Wed Jun 19 16:41:24 2024, Build transit paths, Build tranist network
Wed Jun 19 16:41:43 2024, Build transit paths, Tranist network settings
Wed Jun 19 16:41:49 2024, Build transit paths, Transit assignment PF
Wed Jun 19 16:42:23 2024, Build transit paths, Fill stop layer with base ivtt
Wed Jun 19 16:42:24 2024, Build transit paths, Update transit links with correct ivtt
Wed Jun 19 16:42:25 2024, Build transit paths, Transit skim PF
Wed Jun 19 16:44:03 2024, Build transit paths, Calculate boardings in transfers field
Wed Jun 19 16:44:03 2024, Build transit paths, Build transit paths Loop - OP - Drive - ExpBus -38 of 40
Wed Jun 19 16:44:03 2024, Build transit paths, Build tranist network
Wed Jun 19 16:44:22 2024, Build transit paths, Tranist network settings
Wed Jun 19 16:44:28 2024, Build transit paths, Transit assignment PF
Wed Jun 19 16:45:02 2024, Build transit paths, Fill stop layer with base ivtt
Wed Jun 19 16:45:03 2024, Build transit paths, Update transit links with correct ivtt
Wed Jun 19 16:45:04 2024, Build transit paths, Transit skim PF
Wed Jun 19 16:46:45 2024, Build transit paths, Calculate boardings in transfers field
Wed Jun 19 16:46:46 2024, Build transit paths, Build transit paths Loop - OP - Drive - UrbRail -39 of 40
Wed Jun 19 16:46:46 2024, Build transit paths, Build tranist network
Wed Jun 19 16:47:05 2024, Build transit paths, Tranist network settings
Wed Jun 19 16:47:11 2024, Build transit paths, Transit assignment PF
Wed Jun 19 16:47:45 2024, Build transit paths, Fill stop layer with base ivtt
Wed Jun 19 16:47:46 2024, Build transit paths, Update transit links with correct ivtt
Wed Jun 19 16:47:47 2024, Build transit paths, Transit skim PF
Wed Jun 19 16:49:25 2024, Build transit paths, Calculate boardings in transfers field
Wed Jun 19 16:49:26 2024, Build transit paths, Build transit paths Loop - OP - Drive - ComRail -40 of 40
Wed Jun 19 16:49:26 2024, Build transit paths, Build tranist network
Wed Jun 19 16:49:45 2024, Build transit paths, Tranist network settings
Wed Jun 19 16:49:50 2024, Build transit paths, Transit assignment PF
Wed Jun 19 16:50:25 2024, Build transit paths, Fill stop layer with base ivtt
Wed Jun 19 16:50:26 2024, Build transit paths, Update transit links with correct ivtt
Wed Jun 19 16:50:27 2024, Build transit paths, Transit skim PF
Wed Jun 19 16:52:06 2024, Build transit paths, Calculate boardings in transfers field
Wed Jun 19 16:52:06 2024, Process transit skims
Wed Jun 19 17:14:42 2024, Create percent walk for TCMS
Wed Jun 19 17:17:01 2024, 4 InternalTruckModel.rsc, Run Internal Truck and Commercial Vehicle Model
Wed Jun 19 17:17:01 2024, Aggregate LandUse
Wed Jun 19 17:17:22 2024, Calculate Accessibilities
Wed Jun 19 17:17:35 2024, Run Truck Model
Wed Jun 19 17:19:08 2024, Run Commercial Vehicle Model
Wed Jun 19 17:19:18 2024, Run Trip Length Summaries
Wed Jun 19 17:19:32 2024, Close All Views
Wed Jun 19 17:19:32 2024, 5 VisitorModel.rsc, Run Visitor Model
Wed Jun 19 17:19:33 2024, Prepare input data
Wed Jun 19 17:20:17 2024, Visitor Trip Gen
Wed Jun 19 17:20:23 2024, Visitor Trip Distribution
Wed Jun 19 17:20:35 2024, Visitor Trip Mode Choice
Wed Jun 19 17:20:36 2024, Visitor Trip Time of Day
Wed Jun 19 17:20:43 2024, 7.1 RunDaySim.rsc,   ****** Run DaySim ****** 
Wed Jun 19 17:20:43 2024, Set transit paramters
Wed Jun 19 17:26:01 2024, Runing OMX Re Export in feedback loop 1
Wed Jun 19 17:26:01 2024, Set transit paramters
Thu Jun 20 19:29:12 2024,  ******************* STARTED Nashville ABM 2019 - Version 19.1.0 ******************* 
Thu Jun 20 19:29:12 2024, 1.1 Initialization.rsc, Initialization
Thu Jun 20 19:35:58 2024, 1.1 Initialization.rsc, Area Type
Thu Jun 20 19:48:32 2024, 1.1 Initialization.rsc, Capacity and FF Speed
Thu Jun 20 20:20:49 2024, 2.1 HwySkimming.rsc,   ****** Highway Skimming ****** 
Thu Jun 20 20:20:50 2024, Build highway network
Thu Jun 20 20:21:06 2024, Shortest path using length
Thu Jun 20 20:21:11 2024, Terminal time
Thu Jun 20 20:21:19 2024, Build HOV skims
Thu Jun 20 20:22:50 2024, Build SOV skims
Thu Jun 20 20:24:44 2024, Save and copy skims
Thu Jun 20 20:24:56 2024, 2.1 HwySkimming.rsc, Finished Highway Skimming
Thu Jun 20 20:24:56 2024, 2.2 TransitSkimming.rsc,   ****** Transit Skimming ****** 
Thu Jun 20 20:24:56 2024, Set transit paramters
Thu Jun 20 20:24:56 2024, Prepare inputs
Thu Jun 20 20:28:16 2024, Build drive connectors
Thu Jun 20 20:34:41 2024, Build transit paths
Thu Jun 20 20:34:41 2024, Build transit paths, Build transit paths Loop - AM - Walk - Local -1 of 40
Thu Jun 20 20:34:41 2024, Build transit paths, Build tranist network
Thu Jun 20 20:35:12 2024, Build transit paths, Tranist network settings
Thu Jun 20 20:35:15 2024, Build transit paths, Transit assignment PF
Thu Jun 20 20:35:33 2024, Build transit paths, Fill stop layer with base ivtt
Thu Jun 20 20:35:33 2024, Build transit paths, Update transit links with correct ivtt
Thu Jun 20 20:35:35 2024, Build transit paths, Transit skim PF
Thu Jun 20 20:37:40 2024, Build transit paths, Calculate boardings in transfers field
Thu Jun 20 20:37:40 2024, Build transit paths, Build transit paths Loop - AM - Walk - Brt -2 of 40
Thu Jun 20 20:37:40 2024, Build transit paths, Build tranist network
Thu Jun 20 20:38:01 2024, Build transit paths, Tranist network settings
Thu Jun 20 20:38:03 2024, Build transit paths, Transit assignment PF
Thu Jun 20 20:38:18 2024, Build transit paths, Fill stop layer with base ivtt
Thu Jun 20 20:38:19 2024, Build transit paths, Update transit links with correct ivtt
Thu Jun 20 20:38:20 2024, Build transit paths, Transit skim PF
Thu Jun 20 20:39:55 2024, Build transit paths, Calculate boardings in transfers field
Thu Jun 20 20:39:55 2024, Build transit paths, Build transit paths Loop - AM - Walk - ExpBus -3 of 40
Thu Jun 20 20:39:55 2024, Build transit paths, Build tranist network
Thu Jun 20 20:40:20 2024, Build transit paths, Tranist network settings
Thu Jun 20 20:40:23 2024, Build transit paths, Transit assignment PF
Thu Jun 20 20:40:41 2024, Build transit paths, Fill stop layer with base ivtt
Thu Jun 20 20:40:42 2024, Build transit paths, Update transit links with correct ivtt
Thu Jun 20 20:40:43 2024, Build transit paths, Transit skim PF
Thu Jun 20 20:42:37 2024, Build transit paths, Calculate boardings in transfers field
Thu Jun 20 20:42:37 2024, Build transit paths, Build transit paths Loop - AM - Walk - UrbRail -4 of 40
Thu Jun 20 20:42:37 2024, Build transit paths, Build tranist network
Thu Jun 20 20:43:06 2024, Build transit paths, Tranist network settings
Thu Jun 20 20:43:09 2024, Build transit paths, Transit assignment PF
Thu Jun 20 20:43:28 2024, Build transit paths, Fill stop layer with base ivtt
Thu Jun 20 20:43:29 2024, Build transit paths, Update transit links with correct ivtt
Thu Jun 20 20:43:30 2024, Build transit paths, Transit skim PF
Thu Jun 20 20:45:23 2024, Build transit paths, Calculate boardings in transfers field
Thu Jun 20 20:45:23 2024, Build transit paths, Build transit paths Loop - AM - Walk - ComRail -5 of 40
Thu Jun 20 20:45:23 2024, Build transit paths, Build tranist network
Thu Jun 20 20:45:56 2024, Build transit paths, Tranist network settings
Thu Jun 20 20:46:01 2024, Build transit paths, Transit assignment PF
Thu Jun 20 20:46:19 2024, Build transit paths, Fill stop layer with base ivtt
Thu Jun 20 20:46:20 2024, Build transit paths, Update transit links with correct ivtt
Thu Jun 20 20:46:21 2024, Build transit paths, Transit skim PF
Thu Jun 20 20:48:42 2024, Build transit paths, Calculate boardings in transfers field
Thu Jun 20 20:48:42 2024, Build transit paths, Build transit paths Loop - AM - Drive - Local -6 of 40
Thu Jun 20 20:48:42 2024, Build transit paths, Build tranist network
Thu Jun 20 20:49:16 2024, Build transit paths, Tranist network settings
Thu Jun 20 20:49:29 2024, Build transit paths, Transit assignment PF
Thu Jun 20 20:49:46 2024, Build transit paths, Fill stop layer with base ivtt
Thu Jun 20 20:49:46 2024, Build transit paths, Update transit links with correct ivtt
Thu Jun 20 20:49:48 2024, Build transit paths, Transit skim PF
Thu Jun 20 20:51:04 2024, Build transit paths, Calculate boardings in transfers field
Thu Jun 20 20:51:05 2024, Build transit paths, Build transit paths Loop - AM - Drive - Brt -7 of 40
Thu Jun 20 20:51:05 2024, Build transit paths, Build tranist network
Thu Jun 20 20:51:36 2024, Build transit paths, Tranist network settings
Thu Jun 20 20:51:50 2024, Build transit paths, Transit assignment PF
Thu Jun 20 20:52:07 2024, Build transit paths, Fill stop layer with base ivtt
Thu Jun 20 20:52:07 2024, Build transit paths, Update transit links with correct ivtt
Thu Jun 20 20:52:09 2024, Build transit paths, Transit skim PF
Thu Jun 20 20:53:27 2024, Build transit paths, Calculate boardings in transfers field
Thu Jun 20 20:53:27 2024, Build transit paths, Build transit paths Loop - AM - Drive - ExpBus -8 of 40
Thu Jun 20 20:53:27 2024, Build transit paths, Build tranist network
Thu Jun 20 20:53:59 2024, Build transit paths, Tranist network settings
Thu Jun 20 20:54:11 2024, Build transit paths, Transit assignment PF
Thu Jun 20 20:54:30 2024, Build transit paths, Fill stop layer with base ivtt
Thu Jun 20 20:54:31 2024, Build transit paths, Update transit links with correct ivtt
Thu Jun 20 20:54:32 2024, Build transit paths, Transit skim PF
Thu Jun 20 20:55:54 2024, Build transit paths, Calculate boardings in transfers field
Thu Jun 20 20:55:55 2024, Build transit paths, Build transit paths Loop - AM - Drive - UrbRail -9 of 40
Thu Jun 20 20:55:55 2024, Build transit paths, Build tranist network
Thu Jun 20 20:56:28 2024, Build transit paths, Tranist network settings
Thu Jun 20 20:56:40 2024, Build transit paths, Transit assignment PF
Thu Jun 20 20:56:59 2024, Build transit paths, Fill stop layer with base ivtt
Thu Jun 20 20:57:00 2024, Build transit paths, Update transit links with correct ivtt
Thu Jun 20 20:57:01 2024, Build transit paths, Transit skim PF
Thu Jun 20 20:58:37 2024, Build transit paths, Calculate boardings in transfers field
Thu Jun 20 20:58:37 2024, Build transit paths, Build transit paths Loop - AM - Drive - ComRail -10 of 40
Thu Jun 20 20:58:37 2024, Build transit paths, Build tranist network
Thu Jun 20 20:59:11 2024, Build transit paths, Tranist network settings
Thu Jun 20 20:59:24 2024, Build transit paths, Transit assignment PF
Thu Jun 20 20:59:41 2024, Build transit paths, Fill stop layer with base ivtt
Thu Jun 20 20:59:41 2024, Build transit paths, Update transit links with correct ivtt
Thu Jun 20 20:59:43 2024, Build transit paths, Transit skim PF
Thu Jun 20 21:01:18 2024, Build transit paths, Calculate boardings in transfers field
Thu Jun 20 21:01:18 2024, Build transit paths, Build transit paths Loop - MD - Walk - Local -11 of 40
Thu Jun 20 21:01:18 2024, Build transit paths, Build tranist network
Thu Jun 20 21:01:55 2024, Build transit paths, Tranist network settings
Thu Jun 20 21:01:59 2024, Build transit paths, Transit assignment PF
Thu Jun 20 21:02:19 2024, Build transit paths, Fill stop layer with base ivtt
Thu Jun 20 21:02:20 2024, Build transit paths, Update transit links with correct ivtt
Thu Jun 20 21:02:22 2024, Build transit paths, Transit skim PF
Thu Jun 20 21:04:40 2024, Build transit paths, Calculate boardings in transfers field
Thu Jun 20 21:04:41 2024, Build transit paths, Build transit paths Loop - MD - Walk - Brt -12 of 40
Thu Jun 20 21:04:41 2024, Build transit paths, Build tranist network
Thu Jun 20 21:05:14 2024, Build transit paths, Tranist network settings
Thu Jun 20 21:05:18 2024, Build transit paths, Transit assignment PF
Thu Jun 20 21:05:36 2024, Build transit paths, Fill stop layer with base ivtt
Thu Jun 20 21:05:37 2024, Build transit paths, Update transit links with correct ivtt
Thu Jun 20 21:05:38 2024, Build transit paths, Transit skim PF
Thu Jun 20 21:08:12 2024, Build transit paths, Calculate boardings in transfers field
Thu Jun 20 21:08:14 2024, Build transit paths, Build transit paths Loop - MD - Walk - ExpBus -13 of 40
Thu Jun 20 21:08:14 2024, Build transit paths, Build tranist network
Thu Jun 20 21:08:47 2024, Build transit paths, Tranist network settings
Thu Jun 20 21:08:50 2024, Build transit paths, Transit assignment PF
Thu Jun 20 21:09:08 2024, Build transit paths, Fill stop layer with base ivtt
Thu Jun 20 21:09:09 2024, Build transit paths, Update transit links with correct ivtt
Thu Jun 20 21:09:10 2024, Build transit paths, Transit skim PF
Thu Jun 20 21:11:29 2024, Build transit paths, Calculate boardings in transfers field
Thu Jun 20 21:11:29 2024, Build transit paths, Build transit paths Loop - MD - Walk - UrbRail -14 of 40
Thu Jun 20 21:11:29 2024, Build transit paths, Build tranist network
Thu Jun 20 21:12:03 2024, Build transit paths, Tranist network settings
Thu Jun 20 21:12:06 2024, Build transit paths, Transit assignment PF
Thu Jun 20 21:12:26 2024, Build transit paths, Fill stop layer with base ivtt
Thu Jun 20 21:12:26 2024, Build transit paths, Update transit links with correct ivtt
Thu Jun 20 21:12:28 2024, Build transit paths, Transit skim PF
Thu Jun 20 21:14:45 2024, Build transit paths, Calculate boardings in transfers field
Thu Jun 20 21:14:46 2024, Build transit paths, Build transit paths Loop - MD - Walk - ComRail -15 of 40
Thu Jun 20 21:14:46 2024, Build transit paths, Build tranist network
Thu Jun 20 21:15:19 2024, Build transit paths, Tranist network settings
Thu Jun 20 21:15:22 2024, Build transit paths, Transit assignment PF
Thu Jun 20 21:15:42 2024, Build transit paths, Fill stop layer with base ivtt
Thu Jun 20 21:15:43 2024, Build transit paths, Update transit links with correct ivtt
Thu Jun 20 21:15:44 2024, Build transit paths, Transit skim PF
Thu Jun 20 21:18:07 2024, Build transit paths, Calculate boardings in transfers field
Thu Jun 20 21:18:08 2024, Build transit paths, Build transit paths Loop - MD - Drive - Local -16 of 40
Thu Jun 20 21:18:08 2024, Build transit paths, Build tranist network
Thu Jun 20 21:18:41 2024, Build transit paths, Tranist network settings
Thu Jun 20 21:18:53 2024, Build transit paths, Transit assignment PF
Thu Jun 20 21:19:12 2024, Build transit paths, Fill stop layer with base ivtt
Thu Jun 20 21:19:12 2024, Build transit paths, Update transit links with correct ivtt
Thu Jun 20 21:19:14 2024, Build transit paths, Transit skim PF
Thu Jun 20 21:20:29 2024, Build transit paths, Calculate boardings in transfers field
Thu Jun 20 21:20:30 2024, Build transit paths, Build transit paths Loop - MD - Drive - Brt -17 of 40
Thu Jun 20 21:20:30 2024, Build transit paths, Build tranist network
Thu Jun 20 21:21:02 2024, Build transit paths, Tranist network settings
Thu Jun 20 21:21:14 2024, Build transit paths, Transit assignment PF
Thu Jun 20 21:21:33 2024, Build transit paths, Fill stop layer with base ivtt
Thu Jun 20 21:21:33 2024, Build transit paths, Update transit links with correct ivtt
Thu Jun 20 21:21:35 2024, Build transit paths, Transit skim PF
Thu Jun 20 21:22:53 2024, Build transit paths, Calculate boardings in transfers field
Thu Jun 20 21:22:55 2024, Build transit paths, Build transit paths Loop - MD - Drive - ExpBus -18 of 40
Thu Jun 20 21:22:55 2024, Build transit paths, Build tranist network
Thu Jun 20 21:23:25 2024, Build transit paths, Tranist network settings
Thu Jun 20 21:23:37 2024, Build transit paths, Transit assignment PF
Thu Jun 20 21:23:58 2024, Build transit paths, Fill stop layer with base ivtt
Thu Jun 20 21:23:58 2024, Build transit paths, Update transit links with correct ivtt
Thu Jun 20 21:24:00 2024, Build transit paths, Transit skim PF
Thu Jun 20 21:25:22 2024, Build transit paths, Calculate boardings in transfers field
Thu Jun 20 21:25:22 2024, Build transit paths, Build transit paths Loop - MD - Drive - UrbRail -19 of 40
Thu Jun 20 21:25:22 2024, Build transit paths, Build tranist network
Thu Jun 20 21:25:54 2024, Build transit paths, Tranist network settings
Thu Jun 20 21:26:06 2024, Build transit paths, Transit assignment PF
Thu Jun 20 21:26:27 2024, Build transit paths, Fill stop layer with base ivtt
Thu Jun 20 21:26:27 2024, Build transit paths, Update transit links with correct ivtt
Thu Jun 20 21:26:29 2024, Build transit paths, Transit skim PF
Thu Jun 20 21:27:54 2024, Build transit paths, Calculate boardings in transfers field
Thu Jun 20 21:27:55 2024, Build transit paths, Build transit paths Loop - MD - Drive - ComRail -20 of 40
Thu Jun 20 21:27:55 2024, Build transit paths, Build tranist network
Thu Jun 20 21:28:28 2024, Build transit paths, Tranist network settings
Thu Jun 20 21:28:40 2024, Build transit paths, Transit assignment PF
Thu Jun 20 21:29:01 2024, Build transit paths, Fill stop layer with base ivtt
Thu Jun 20 21:29:02 2024, Build transit paths, Update transit links with correct ivtt
Thu Jun 20 21:29:03 2024, Build transit paths, Transit skim PF
Thu Jun 20 21:30:28 2024, Build transit paths, Calculate boardings in transfers field
Thu Jun 20 21:30:28 2024, Build transit paths, Build transit paths Loop - PM - Walk - Local -21 of 40
Thu Jun 20 21:30:28 2024, Build transit paths, Build tranist network
Thu Jun 20 21:31:00 2024, Build transit paths, Tranist network settings
Thu Jun 20 21:31:03 2024, Build transit paths, Transit assignment PF
Thu Jun 20 21:31:23 2024, Build transit paths, Fill stop layer with base ivtt
Thu Jun 20 21:31:23 2024, Build transit paths, Update transit links with correct ivtt
Thu Jun 20 21:31:25 2024, Build transit paths, Transit skim PF
Thu Jun 20 21:33:43 2024, Build transit paths, Calculate boardings in transfers field
Thu Jun 20 21:33:43 2024, Build transit paths, Build transit paths Loop - PM - Walk - Brt -22 of 40
Thu Jun 20 21:33:43 2024, Build transit paths, Build tranist network
Thu Jun 20 21:34:03 2024, Build transit paths, Tranist network settings
Thu Jun 20 21:34:05 2024, Build transit paths, Transit assignment PF
Thu Jun 20 21:34:20 2024, Build transit paths, Fill stop layer with base ivtt
Thu Jun 20 21:34:21 2024, Build transit paths, Update transit links with correct ivtt
Thu Jun 20 21:34:22 2024, Build transit paths, Transit skim PF
Thu Jun 20 21:35:46 2024, Build transit paths, Calculate boardings in transfers field
Thu Jun 20 21:35:46 2024, Build transit paths, Build transit paths Loop - PM - Walk - ExpBus -23 of 40
Thu Jun 20 21:35:46 2024, Build transit paths, Build tranist network
Thu Jun 20 21:36:08 2024, Build transit paths, Tranist network settings
Thu Jun 20 21:36:10 2024, Build transit paths, Transit assignment PF
Thu Jun 20 21:36:30 2024, Build transit paths, Fill stop layer with base ivtt
Thu Jun 20 21:36:30 2024, Build transit paths, Update transit links with correct ivtt
Thu Jun 20 21:36:31 2024, Build transit paths, Transit skim PF
Thu Jun 20 21:38:29 2024, Build transit paths, Calculate boardings in transfers field
Thu Jun 20 21:38:30 2024, Build transit paths, Build transit paths Loop - PM - Walk - UrbRail -24 of 40
Thu Jun 20 21:38:30 2024, Build transit paths, Build tranist network
Thu Jun 20 21:38:54 2024, Build transit paths, Tranist network settings
Thu Jun 20 21:38:56 2024, Build transit paths, Transit assignment PF
Thu Jun 20 21:39:15 2024, Build transit paths, Fill stop layer with base ivtt
Thu Jun 20 21:39:16 2024, Build transit paths, Update transit links with correct ivtt
Thu Jun 20 21:39:17 2024, Build transit paths, Transit skim PF
Thu Jun 20 21:41:10 2024, Build transit paths, Calculate boardings in transfers field
Thu Jun 20 21:41:10 2024, Build transit paths, Build transit paths Loop - PM - Walk - ComRail -25 of 40
Thu Jun 20 21:41:10 2024, Build transit paths, Build tranist network
Thu Jun 20 21:41:37 2024, Build transit paths, Tranist network settings
Thu Jun 20 21:41:40 2024, Build transit paths, Transit assignment PF
Thu Jun 20 21:42:01 2024, Build transit paths, Fill stop layer with base ivtt
Thu Jun 20 21:42:01 2024, Build transit paths, Update transit links with correct ivtt
Thu Jun 20 21:42:02 2024, Build transit paths, Transit skim PF
Thu Jun 20 21:43:55 2024, Build transit paths, Calculate boardings in transfers field
Thu Jun 20 21:43:56 2024, Build transit paths, Build transit paths Loop - PM - Drive - Local -26 of 40
Thu Jun 20 21:43:56 2024, Build transit paths, Build tranist network
Thu Jun 20 21:44:24 2024, Build transit paths, Tranist network settings
Thu Jun 20 21:44:32 2024, Build transit paths, Transit assignment PF
Thu Jun 20 21:45:11 2024, Build transit paths, Fill stop layer with base ivtt
Thu Jun 20 21:45:11 2024, Build transit paths, Update transit links with correct ivtt
Thu Jun 20 21:45:13 2024, Build transit paths, Transit skim PF
Thu Jun 20 21:47:24 2024, Build transit paths, Calculate boardings in transfers field
Thu Jun 20 21:47:24 2024, Build transit paths, Build transit paths Loop - PM - Drive - Brt -27 of 40
Thu Jun 20 21:47:24 2024, Build transit paths, Build tranist network
Thu Jun 20 21:47:51 2024, Build transit paths, Tranist network settings
Thu Jun 20 21:47:59 2024, Build transit paths, Transit assignment PF
Thu Jun 20 21:48:39 2024, Build transit paths, Fill stop layer with base ivtt
Thu Jun 20 21:48:40 2024, Build transit paths, Update transit links with correct ivtt
Thu Jun 20 21:48:41 2024, Build transit paths, Transit skim PF
Thu Jun 20 21:50:41 2024, Build transit paths, Calculate boardings in transfers field
Thu Jun 20 21:50:41 2024, Build transit paths, Build transit paths Loop - PM - Drive - ExpBus -28 of 40
Thu Jun 20 21:50:41 2024, Build transit paths, Build tranist network
Thu Jun 20 21:51:09 2024, Build transit paths, Tranist network settings
Thu Jun 20 21:51:16 2024, Build transit paths, Transit assignment PF
Thu Jun 20 21:51:58 2024, Build transit paths, Fill stop layer with base ivtt
Thu Jun 20 21:51:59 2024, Build transit paths, Update transit links with correct ivtt
Thu Jun 20 21:52:00 2024, Build transit paths, Transit skim PF
Thu Jun 20 21:53:59 2024, Build transit paths, Calculate boardings in transfers field
Thu Jun 20 21:53:59 2024, Build transit paths, Build transit paths Loop - PM - Drive - UrbRail -29 of 40
Thu Jun 20 21:53:59 2024, Build transit paths, Build tranist network
Thu Jun 20 21:54:24 2024, Build transit paths, Tranist network settings
Thu Jun 20 21:54:31 2024, Build transit paths, Transit assignment PF
Thu Jun 20 21:55:16 2024, Build transit paths, Fill stop layer with base ivtt
Thu Jun 20 21:55:16 2024, Build transit paths, Update transit links with correct ivtt
Thu Jun 20 21:55:17 2024, Build transit paths, Transit skim PF
Thu Jun 20 21:57:29 2024, Build transit paths, Calculate boardings in transfers field
Thu Jun 20 21:57:30 2024, Build transit paths, Build transit paths Loop - PM - Drive - ComRail -30 of 40
Thu Jun 20 21:57:30 2024, Build transit paths, Build tranist network
Thu Jun 20 21:58:02 2024, Build transit paths, Tranist network settings
Thu Jun 20 21:58:16 2024, Build transit paths, Transit assignment PF
Thu Jun 20 21:59:06 2024, Build transit paths, Fill stop layer with base ivtt
Thu Jun 20 21:59:07 2024, Build transit paths, Update transit links with correct ivtt
Thu Jun 20 21:59:08 2024, Build transit paths, Transit skim PF
Thu Jun 20 22:01:19 2024, Build transit paths, Calculate boardings in transfers field
Thu Jun 20 22:01:20 2024, Build transit paths, Build transit paths Loop - OP - Walk - Local -31 of 40
Thu Jun 20 22:01:20 2024, Build transit paths, Build tranist network
Thu Jun 20 22:01:50 2024, Build transit paths, Tranist network settings
Thu Jun 20 22:01:55 2024, Build transit paths, Transit assignment PF
Thu Jun 20 22:02:15 2024, Build transit paths, Fill stop layer with base ivtt
Thu Jun 20 22:02:16 2024, Build transit paths, Update transit links with correct ivtt
Thu Jun 20 22:02:17 2024, Build transit paths, Transit skim PF
Thu Jun 20 22:04:10 2024, Build transit paths, Calculate boardings in transfers field
Thu Jun 20 22:04:10 2024, Build transit paths, Build transit paths Loop - OP - Walk - Brt -32 of 40
Thu Jun 20 22:04:10 2024, Build transit paths, Build tranist network
Thu Jun 20 22:04:42 2024, Build transit paths, Tranist network settings
Thu Jun 20 22:04:46 2024, Build transit paths, Transit assignment PF
Thu Jun 20 22:05:06 2024, Build transit paths, Fill stop layer with base ivtt
Thu Jun 20 22:05:06 2024, Build transit paths, Update transit links with correct ivtt
Thu Jun 20 22:05:08 2024, Build transit paths, Transit skim PF
Thu Jun 20 22:07:26 2024, Build transit paths, Calculate boardings in transfers field
Thu Jun 20 22:07:27 2024, Build transit paths, Build transit paths Loop - OP - Walk - ExpBus -33 of 40
Thu Jun 20 22:07:27 2024, Build transit paths, Build tranist network
Thu Jun 20 22:07:58 2024, Build transit paths, Tranist network settings
Thu Jun 20 22:08:03 2024, Build transit paths, Transit assignment PF
Thu Jun 20 22:08:23 2024, Build transit paths, Fill stop layer with base ivtt
Thu Jun 20 22:08:23 2024, Build transit paths, Update transit links with correct ivtt
Thu Jun 20 22:08:25 2024, Build transit paths, Transit skim PF
Thu Jun 20 22:10:42 2024, Build transit paths, Calculate boardings in transfers field
Thu Jun 20 22:10:43 2024, Build transit paths, Build transit paths Loop - OP - Walk - UrbRail -34 of 40
Thu Jun 20 22:10:43 2024, Build transit paths, Build tranist network
Thu Jun 20 22:11:14 2024, Build transit paths, Tranist network settings
Thu Jun 20 22:11:18 2024, Build transit paths, Transit assignment PF
Thu Jun 20 22:11:38 2024, Build transit paths, Fill stop layer with base ivtt
Thu Jun 20 22:11:39 2024, Build transit paths, Update transit links with correct ivtt
Thu Jun 20 22:11:40 2024, Build transit paths, Transit skim PF
Thu Jun 20 22:13:55 2024, Build transit paths, Calculate boardings in transfers field
Thu Jun 20 22:13:56 2024, Build transit paths, Build transit paths Loop - OP - Walk - ComRail -35 of 40
Thu Jun 20 22:13:56 2024, Build transit paths, Build tranist network
Thu Jun 20 22:14:27 2024, Build transit paths, Tranist network settings
Thu Jun 20 22:14:31 2024, Build transit paths, Transit assignment PF
Thu Jun 20 22:14:51 2024, Build transit paths, Fill stop layer with base ivtt
Thu Jun 20 22:14:52 2024, Build transit paths, Update transit links with correct ivtt
Thu Jun 20 22:14:53 2024, Build transit paths, Transit skim PF
Thu Jun 20 22:17:13 2024, Build transit paths, Calculate boardings in transfers field
Thu Jun 20 22:17:14 2024, Build transit paths, Build transit paths Loop - OP - Drive - Local -36 of 40
Thu Jun 20 22:17:14 2024, Build transit paths, Build tranist network
Thu Jun 20 22:17:45 2024, Build transit paths, Tranist network settings
Thu Jun 20 22:17:58 2024, Build transit paths, Transit assignment PF
Thu Jun 20 22:18:43 2024, Build transit paths, Fill stop layer with base ivtt
Thu Jun 20 22:18:43 2024, Build transit paths, Update transit links with correct ivtt
Thu Jun 20 22:18:45 2024, Build transit paths, Transit skim PF
Thu Jun 20 22:20:56 2024, Build transit paths, Calculate boardings in transfers field
Thu Jun 20 22:20:57 2024, Build transit paths, Build transit paths Loop - OP - Drive - Brt -37 of 40
Thu Jun 20 22:20:57 2024, Build transit paths, Build tranist network
Thu Jun 20 22:21:29 2024, Build transit paths, Tranist network settings
Thu Jun 20 22:21:42 2024, Build transit paths, Transit assignment PF
Thu Jun 20 22:22:28 2024, Build transit paths, Fill stop layer with base ivtt
Thu Jun 20 22:22:28 2024, Build transit paths, Update transit links with correct ivtt
Thu Jun 20 22:22:30 2024, Build transit paths, Transit skim PF
Thu Jun 20 22:24:44 2024, Build transit paths, Calculate boardings in transfers field
Thu Jun 20 22:24:45 2024, Build transit paths, Build transit paths Loop - OP - Drive - ExpBus -38 of 40
Thu Jun 20 22:24:45 2024, Build transit paths, Build tranist network
Thu Jun 20 22:25:18 2024, Build transit paths, Tranist network settings
Thu Jun 20 22:25:32 2024, Build transit paths, Transit assignment PF
Thu Jun 20 22:26:20 2024, Build transit paths, Fill stop layer with base ivtt
Thu Jun 20 22:26:21 2024, Build transit paths, Update transit links with correct ivtt
Thu Jun 20 22:26:23 2024, Build transit paths, Transit skim PF
Thu Jun 20 22:28:38 2024, Build transit paths, Calculate boardings in transfers field
Thu Jun 20 22:28:38 2024, Build transit paths, Build transit paths Loop - OP - Drive - UrbRail -39 of 40
Thu Jun 20 22:28:38 2024, Build transit paths, Build tranist network
Thu Jun 20 22:29:12 2024, Build transit paths, Tranist network settings
Thu Jun 20 22:29:25 2024, Build transit paths, Transit assignment PF
Thu Jun 20 22:30:15 2024, Build transit paths, Fill stop layer with base ivtt
Thu Jun 20 22:30:15 2024, Build transit paths, Update transit links with correct ivtt
Thu Jun 20 22:30:17 2024, Build transit paths, Transit skim PF
Thu Jun 20 22:32:29 2024, Build transit paths, Calculate boardings in transfers field
Thu Jun 20 22:32:29 2024, Build transit paths, Build transit paths Loop - OP - Drive - ComRail -40 of 40
Thu Jun 20 22:32:29 2024, Build transit paths, Build tranist network
Thu Jun 20 22:33:02 2024, Build transit paths, Tranist network settings
Thu Jun 20 22:33:13 2024, Build transit paths, Transit assignment PF
Thu Jun 20 22:34:00 2024, Build transit paths, Fill stop layer with base ivtt
Thu Jun 20 22:34:00 2024, Build transit paths, Update transit links with correct ivtt
Thu Jun 20 22:34:02 2024, Build transit paths, Transit skim PF
Thu Jun 20 22:36:16 2024, Build transit paths, Calculate boardings in transfers field
Thu Jun 20 22:36:16 2024, Process transit skims
Thu Jun 20 23:09:28 2024, Create percent walk for TCMS
Thu Jun 20 23:12:42 2024, 4 InternalTruckModel.rsc, Run Internal Truck and Commercial Vehicle Model
Thu Jun 20 23:12:42 2024, Aggregate LandUse
Thu Jun 20 23:13:15 2024, Calculate Accessibilities
Thu Jun 20 23:13:33 2024, Run Truck Model
Thu Jun 20 23:18:03 2024, Run Commercial Vehicle Model
Thu Jun 20 23:18:28 2024, Run Trip Length Summaries
Thu Jun 20 23:18:48 2024, Close All Views
Thu Jun 20 23:18:48 2024, 5 VisitorModel.rsc, Run Visitor Model
Thu Jun 20 23:18:48 2024, Prepare input data
Thu Jun 20 23:20:11 2024, Visitor Trip Gen
Thu Jun 20 23:20:25 2024, Visitor Trip Distribution
Thu Jun 20 23:20:51 2024, Visitor Trip Mode Choice
Thu Jun 20 23:20:54 2024, Visitor Trip Time of Day
Thu Jun 20 23:21:08 2024, 7.1 RunDaySim.rsc,   ****** Run DaySim ****** 
Thu Jun 20 23:21:08 2024, Set transit paramters
Thu Jun 20 23:39:35 2024, Runing OMX Re Export in feedback loop 1
Thu Jun 20 23:39:35 2024, Set transit paramters
Fri Jun 21 03:36:10 2024, Copy DaySim inputs in feedback loop 1
Fri Jun 21 03:36:10 2024, Runing DaySim for iteration 1 in feedback loop 1
Fri Jun 21 04:47:28 2024, 7.1 RunDaySim.rsc,  ******** Build DaySim Trip Matrices ******** 
Fri Jun 21 04:47:28 2024, Set transit paramters
Fri Jun 21 04:47:28 2024, Copying DaySim outputs
Fri Jun 21 04:47:40 2024, Joining trip and tour files
Fri Jun 21 04:54:20 2024, Processing trips ... , Auto
Fri Jun 21 04:54:20 2024, Processing trips for: , AM
Fri Jun 21 05:04:15 2024, Processing trips for: , MD
Fri Jun 21 05:13:04 2024, Processing trips for: , PM
Fri Jun 21 05:23:08 2024, Processing trips for: , OP
Fri Jun 21 05:27:28 2024, Processing trips ... , Transit
Fri Jun 21 05:27:28 2024, Processing trips trips for: , AM
Fri Jun 21 05:32:39 2024, Processing trips trips for: , MD
Fri Jun 21 05:34:27 2024, Processing trips trips for: , PM
Fri Jun 21 05:36:41 2024, Processing trips trips for: , OP
Fri Jun 21 05:37:44 2024, Set transit paramters
Fri Jun 21 05:37:47 2024, 8.1 HwyAssignment.rsc,   ****** Pre Assignment ****** 
Fri Jun 21 05:37:47 2024, Add visitor trips 
Fri Jun 21 05:37:49 2024, Add internal truck demand 
Fri Jun 21 05:37:50 2024, Add internal commercial vehicle demand 
Fri Jun 21 05:37:51 2024, Add external truck demand 
Fri Jun 21 05:38:01 2024, Add external auto demand 
Fri Jun 21 05:38:07 2024, Highway Assignment - Processing Matrices for , AM
Fri Jun 21 05:38:14 2024, Highway Assignment - Processing Matrices for , MD
Fri Jun 21 05:38:26 2024, Highway Assignment - Processing Matrices for , PM
Fri Jun 21 05:38:39 2024, Highway Assignment - Processing Matrices for , OP
Fri Jun 21 05:38:50 2024, Highway Assignment - Network Settings
Fri Jun 21 05:38:51 2024, Highway Assignment - Preload Assignment for AM
Fri Jun 21 05:39:40 2024, Highway Assignment - Preload Assignment for MD
Fri Jun 21 05:41:07 2024, Highway Assignment - Preload Assignment for PM
Fri Jun 21 05:42:27 2024, Highway Assignment - Preload Assignment for OP
Fri Jun 21 05:43:09 2024, Highway Assignment - General Assignment for AM
Fri Jun 21 05:51:36 2024, Highway Assignment - General Assignment for MD
Fri Jun 21 05:55:24 2024, Highway Assignment - General Assignment for PM
Fri Jun 21 06:08:23 2024, Highway Assignment - General Assignment for OP
Fri Jun 21 06:11:20 2024, 8.1 HwyAssignment.rsc,   ****** Highway Post Processor ****** 
Fri Jun 21 06:29:00 2024, 8.3 FeedbackLoop.rsc,   ****** Update Travel Times ****** 
Fri Jun 21 06:31:35 2024, 2.1 HwySkimming.rsc,   ****** Highway Skimming ****** 
Fri Jun 21 06:31:35 2024, Build highway network
Fri Jun 21 06:31:36 2024, Shortest path using length
Fri Jun 21 06:31:41 2024, Terminal time
Fri Jun 21 06:31:45 2024, Build HOV skims
Fri Jun 21 06:33:11 2024, Build SOV skims
Fri Jun 21 06:35:11 2024, Save and copy skims
Fri Jun 21 06:35:30 2024, 2.1 HwySkimming.rsc, Finished Highway Skimming
Fri Jun 21 06:35:30 2024, 2.2 TransitSkimming.rsc,   ****** Transit Skimming ****** 
Fri Jun 21 06:35:30 2024, Set transit paramters
Fri Jun 21 06:35:30 2024, Prepare inputs
Fri Jun 21 06:39:45 2024, Build drive connectors
Fri Jun 21 06:46:48 2024, Build transit paths
Fri Jun 21 06:46:48 2024, Build transit paths, Build transit paths Loop - AM - Walk - Local -1 of 40
Fri Jun 21 06:46:48 2024, Build transit paths, Build tranist network
Fri Jun 21 06:47:25 2024, Build transit paths, Tranist network settings
Fri Jun 21 06:47:29 2024, Build transit paths, Transit assignment PF
Fri Jun 21 06:47:49 2024, Build transit paths, Fill stop layer with base ivtt
Fri Jun 21 06:47:49 2024, Build transit paths, Update transit links with correct ivtt
Fri Jun 21 06:47:51 2024, Build transit paths, Transit skim PF
Fri Jun 21 06:50:08 2024, Build transit paths, Calculate boardings in transfers field
Fri Jun 21 06:50:09 2024, Build transit paths, Build transit paths Loop - AM - Walk - Brt -2 of 40
Fri Jun 21 06:50:09 2024, Build transit paths, Build tranist network
Fri Jun 21 06:50:45 2024, Build transit paths, Tranist network settings
Fri Jun 21 06:50:48 2024, Build transit paths, Transit assignment PF
Fri Jun 21 06:51:09 2024, Build transit paths, Fill stop layer with base ivtt
Fri Jun 21 06:51:09 2024, Build transit paths, Update transit links with correct ivtt
Fri Jun 21 06:51:11 2024, Build transit paths, Transit skim PF
Fri Jun 21 06:53:32 2024, Build transit paths, Calculate boardings in transfers field
Fri Jun 21 06:53:32 2024, Build transit paths, Build transit paths Loop - AM - Walk - ExpBus -3 of 40
Fri Jun 21 06:53:32 2024, Build transit paths, Build tranist network
Fri Jun 21 06:54:10 2024, Build transit paths, Tranist network settings
Fri Jun 21 06:54:14 2024, Build transit paths, Transit assignment PF
Fri Jun 21 06:54:34 2024, Build transit paths, Fill stop layer with base ivtt
Fri Jun 21 06:54:35 2024, Build transit paths, Update transit links with correct ivtt
Fri Jun 21 06:54:37 2024, Build transit paths, Transit skim PF
Fri Jun 21 06:56:55 2024, Build transit paths, Calculate boardings in transfers field
Fri Jun 21 06:56:55 2024, Build transit paths, Build transit paths Loop - AM - Walk - UrbRail -4 of 40
Fri Jun 21 06:56:55 2024, Build transit paths, Build tranist network
Fri Jun 21 06:57:33 2024, Build transit paths, Tranist network settings
Fri Jun 21 06:57:36 2024, Build transit paths, Transit assignment PF
Fri Jun 21 06:57:58 2024, Build transit paths, Fill stop layer with base ivtt
Fri Jun 21 06:57:59 2024, Build transit paths, Update transit links with correct ivtt
Fri Jun 21 06:58:01 2024, Build transit paths, Transit skim PF
Fri Jun 21 07:00:24 2024, Build transit paths, Calculate boardings in transfers field
Fri Jun 21 07:00:25 2024, Build transit paths, Build transit paths Loop - AM - Walk - ComRail -5 of 40
Fri Jun 21 07:00:25 2024, Build transit paths, Build tranist network
Fri Jun 21 07:01:02 2024, Build transit paths, Tranist network settings
Fri Jun 21 07:01:06 2024, Build transit paths, Transit assignment PF
Fri Jun 21 07:01:30 2024, Build transit paths, Fill stop layer with base ivtt
Fri Jun 21 07:01:30 2024, Build transit paths, Update transit links with correct ivtt
Fri Jun 21 07:01:32 2024, Build transit paths, Transit skim PF
Fri Jun 21 07:03:50 2024, Build transit paths, Calculate boardings in transfers field
Fri Jun 21 07:03:51 2024, Build transit paths, Build transit paths Loop - AM - Drive - Local -6 of 40
Fri Jun 21 07:03:51 2024, Build transit paths, Build tranist network
Fri Jun 21 07:04:28 2024, Build transit paths, Tranist network settings
Fri Jun 21 07:04:41 2024, Build transit paths, Transit assignment PF
Fri Jun 21 07:05:04 2024, Build transit paths, Fill stop layer with base ivtt
Fri Jun 21 07:05:04 2024, Build transit paths, Update transit links with correct ivtt
Fri Jun 21 07:05:06 2024, Build transit paths, Transit skim PF
Fri Jun 21 07:06:20 2024, Build transit paths, Calculate boardings in transfers field
Fri Jun 21 07:06:20 2024, Build transit paths, Build transit paths Loop - AM - Drive - Brt -7 of 40
Fri Jun 21 07:06:20 2024, Build transit paths, Build tranist network
Fri Jun 21 07:06:57 2024, Build transit paths, Tranist network settings
Fri Jun 21 07:07:11 2024, Build transit paths, Transit assignment PF
Fri Jun 21 07:07:32 2024, Build transit paths, Fill stop layer with base ivtt
Fri Jun 21 07:07:33 2024, Build transit paths, Update transit links with correct ivtt
Fri Jun 21 07:07:34 2024, Build transit paths, Transit skim PF
Fri Jun 21 07:08:53 2024, Build transit paths, Calculate boardings in transfers field
Fri Jun 21 07:08:53 2024, Build transit paths, Build transit paths Loop - AM - Drive - ExpBus -8 of 40
Fri Jun 21 07:08:53 2024, Build transit paths, Build tranist network
Fri Jun 21 07:09:31 2024, Build transit paths, Tranist network settings
Fri Jun 21 07:09:45 2024, Build transit paths, Transit assignment PF
Fri Jun 21 07:10:08 2024, Build transit paths, Fill stop layer with base ivtt
Fri Jun 21 07:10:08 2024, Build transit paths, Update transit links with correct ivtt
Fri Jun 21 07:10:10 2024, Build transit paths, Transit skim PF
Fri Jun 21 07:11:31 2024, Build transit paths, Calculate boardings in transfers field
Fri Jun 21 07:11:32 2024, Build transit paths, Build transit paths Loop - AM - Drive - UrbRail -9 of 40
Fri Jun 21 07:11:32 2024, Build transit paths, Build tranist network
Fri Jun 21 07:12:09 2024, Build transit paths, Tranist network settings
Fri Jun 21 07:12:23 2024, Build transit paths, Transit assignment PF
Fri Jun 21 07:12:43 2024, Build transit paths, Fill stop layer with base ivtt
Fri Jun 21 07:12:44 2024, Build transit paths, Update transit links with correct ivtt
Fri Jun 21 07:12:45 2024, Build transit paths, Transit skim PF
Fri Jun 21 07:14:19 2024, Build transit paths, Calculate boardings in transfers field
Fri Jun 21 07:14:20 2024, Build transit paths, Build transit paths Loop - AM - Drive - ComRail -10 of 40
Fri Jun 21 07:14:20 2024, Build transit paths, Build tranist network
Fri Jun 21 07:14:58 2024, Build transit paths, Tranist network settings
Fri Jun 21 07:15:12 2024, Build transit paths, Transit assignment PF
Fri Jun 21 07:15:34 2024, Build transit paths, Fill stop layer with base ivtt
Fri Jun 21 07:15:35 2024, Build transit paths, Update transit links with correct ivtt
Fri Jun 21 07:15:37 2024, Build transit paths, Transit skim PF
Fri Jun 21 07:17:04 2024, Build transit paths, Calculate boardings in transfers field
Fri Jun 21 07:17:05 2024, Build transit paths, Build transit paths Loop - MD - Walk - Local -11 of 40
Fri Jun 21 07:17:05 2024, Build transit paths, Build tranist network
Fri Jun 21 07:17:42 2024, Build transit paths, Tranist network settings
Fri Jun 21 07:17:45 2024, Build transit paths, Transit assignment PF
Fri Jun 21 07:18:07 2024, Build transit paths, Fill stop layer with base ivtt
Fri Jun 21 07:18:07 2024, Build transit paths, Update transit links with correct ivtt
Fri Jun 21 07:18:09 2024, Build transit paths, Transit skim PF
Fri Jun 21 07:20:32 2024, Build transit paths, Calculate boardings in transfers field
Fri Jun 21 07:20:32 2024, Build transit paths, Build transit paths Loop - MD - Walk - Brt -12 of 40
Fri Jun 21 07:20:32 2024, Build transit paths, Build tranist network
Fri Jun 21 07:21:08 2024, Build transit paths, Tranist network settings
Fri Jun 21 07:21:12 2024, Build transit paths, Transit assignment PF
Fri Jun 21 07:21:34 2024, Build transit paths, Fill stop layer with base ivtt
Fri Jun 21 07:21:35 2024, Build transit paths, Update transit links with correct ivtt
Fri Jun 21 07:21:37 2024, Build transit paths, Transit skim PF
Fri Jun 21 07:23:51 2024, Build transit paths, Calculate boardings in transfers field
Fri Jun 21 07:23:51 2024, Build transit paths, Build transit paths Loop - MD - Walk - ExpBus -13 of 40
Fri Jun 21 07:23:51 2024, Build transit paths, Build tranist network
Fri Jun 21 07:24:27 2024, Build transit paths, Tranist network settings
Fri Jun 21 07:24:31 2024, Build transit paths, Transit assignment PF
Fri Jun 21 07:24:53 2024, Build transit paths, Fill stop layer with base ivtt
Fri Jun 21 07:24:54 2024, Build transit paths, Update transit links with correct ivtt
Fri Jun 21 07:24:55 2024, Build transit paths, Transit skim PF
Fri Jun 21 07:27:10 2024, Build transit paths, Calculate boardings in transfers field
Fri Jun 21 07:27:12 2024, Build transit paths, Build transit paths Loop - MD - Walk - UrbRail -14 of 40
Fri Jun 21 07:27:12 2024, Build transit paths, Build tranist network
Fri Jun 21 07:27:47 2024, Build transit paths, Tranist network settings
Fri Jun 21 07:27:51 2024, Build transit paths, Transit assignment PF
Fri Jun 21 07:28:14 2024, Build transit paths, Fill stop layer with base ivtt
Fri Jun 21 07:28:14 2024, Build transit paths, Update transit links with correct ivtt
Fri Jun 21 07:28:16 2024, Build transit paths, Transit skim PF
Fri Jun 21 07:30:27 2024, Build transit paths, Calculate boardings in transfers field
Fri Jun 21 07:30:27 2024, Build transit paths, Build transit paths Loop - MD - Walk - ComRail -15 of 40
Fri Jun 21 07:30:27 2024, Build transit paths, Build tranist network
Fri Jun 21 07:31:03 2024, Build transit paths, Tranist network settings
Fri Jun 21 07:31:07 2024, Build transit paths, Transit assignment PF
Fri Jun 21 07:31:29 2024, Build transit paths, Fill stop layer with base ivtt
Fri Jun 21 07:31:29 2024, Build transit paths, Update transit links with correct ivtt
Fri Jun 21 07:31:31 2024, Build transit paths, Transit skim PF
Fri Jun 21 07:33:51 2024, Build transit paths, Calculate boardings in transfers field
Fri Jun 21 07:33:51 2024, Build transit paths, Build transit paths Loop - MD - Drive - Local -16 of 40
Fri Jun 21 07:33:51 2024, Build transit paths, Build tranist network
Fri Jun 21 07:34:22 2024, Build transit paths, Tranist network settings
Fri Jun 21 07:34:28 2024, Build transit paths, Transit assignment PF
Fri Jun 21 07:34:46 2024, Build transit paths, Fill stop layer with base ivtt
Fri Jun 21 07:34:46 2024, Build transit paths, Update transit links with correct ivtt
Fri Jun 21 07:34:47 2024, Build transit paths, Transit skim PF
Fri Jun 21 07:35:50 2024, Build transit paths, Calculate boardings in transfers field
Fri Jun 21 07:35:50 2024, Build transit paths, Build transit paths Loop - MD - Drive - Brt -17 of 40
Fri Jun 21 07:35:50 2024, Build transit paths, Build tranist network
Fri Jun 21 07:36:15 2024, Build transit paths, Tranist network settings
Fri Jun 21 07:36:22 2024, Build transit paths, Transit assignment PF
Fri Jun 21 07:36:39 2024, Build transit paths, Fill stop layer with base ivtt
Fri Jun 21 07:36:39 2024, Build transit paths, Update transit links with correct ivtt
Fri Jun 21 07:36:41 2024, Build transit paths, Transit skim PF
Fri Jun 21 07:37:43 2024, Build transit paths, Calculate boardings in transfers field
Fri Jun 21 07:37:44 2024, Build transit paths, Build transit paths Loop - MD - Drive - ExpBus -18 of 40
Fri Jun 21 07:37:44 2024, Build transit paths, Build tranist network
Fri Jun 21 07:38:07 2024, Build transit paths, Tranist network settings
Fri Jun 21 07:38:14 2024, Build transit paths, Transit assignment PF
Fri Jun 21 07:38:33 2024, Build transit paths, Fill stop layer with base ivtt
Fri Jun 21 07:38:34 2024, Build transit paths, Update transit links with correct ivtt
Fri Jun 21 07:38:35 2024, Build transit paths, Transit skim PF
Fri Jun 21 07:39:39 2024, Build transit paths, Calculate boardings in transfers field
Fri Jun 21 07:39:40 2024, Build transit paths, Build transit paths Loop - MD - Drive - UrbRail -19 of 40
Fri Jun 21 07:39:40 2024, Build transit paths, Build tranist network
Fri Jun 21 07:40:05 2024, Build transit paths, Tranist network settings
Fri Jun 21 07:40:11 2024, Build transit paths, Transit assignment PF
Fri Jun 21 07:40:28 2024, Build transit paths, Fill stop layer with base ivtt
Fri Jun 21 07:40:29 2024, Build transit paths, Update transit links with correct ivtt
Fri Jun 21 07:40:30 2024, Build transit paths, Transit skim PF
Fri Jun 21 07:41:33 2024, Build transit paths, Calculate boardings in transfers field
Fri Jun 21 07:41:34 2024, Build transit paths, Build transit paths Loop - MD - Drive - ComRail -20 of 40
Fri Jun 21 07:41:34 2024, Build transit paths, Build tranist network
Fri Jun 21 07:41:58 2024, Build transit paths, Tranist network settings
Fri Jun 21 07:42:04 2024, Build transit paths, Transit assignment PF
Fri Jun 21 07:42:22 2024, Build transit paths, Fill stop layer with base ivtt
Fri Jun 21 07:42:22 2024, Build transit paths, Update transit links with correct ivtt
Fri Jun 21 07:42:23 2024, Build transit paths, Transit skim PF
Fri Jun 21 07:43:28 2024, Build transit paths, Calculate boardings in transfers field
Fri Jun 21 07:43:28 2024, Build transit paths, Build transit paths Loop - PM - Walk - Local -21 of 40
Fri Jun 21 07:43:28 2024, Build transit paths, Build tranist network
Fri Jun 21 07:43:52 2024, Build transit paths, Tranist network settings
Fri Jun 21 07:43:54 2024, Build transit paths, Transit assignment PF
Fri Jun 21 07:44:12 2024, Build transit paths, Fill stop layer with base ivtt
Fri Jun 21 07:44:13 2024, Build transit paths, Update transit links with correct ivtt
Fri Jun 21 07:44:14 2024, Build transit paths, Transit skim PF
Fri Jun 21 07:45:53 2024, Build transit paths, Calculate boardings in transfers field
Fri Jun 21 07:45:54 2024, Build transit paths, Build transit paths Loop - PM - Walk - Brt -22 of 40
Fri Jun 21 07:45:54 2024, Build transit paths, Build tranist network
Fri Jun 21 07:46:17 2024, Build transit paths, Tranist network settings
Fri Jun 21 07:46:19 2024, Build transit paths, Transit assignment PF
Fri Jun 21 07:46:37 2024, Build transit paths, Fill stop layer with base ivtt
Fri Jun 21 07:46:38 2024, Build transit paths, Update transit links with correct ivtt
Fri Jun 21 07:46:39 2024, Build transit paths, Transit skim PF
Fri Jun 21 07:48:17 2024, Build transit paths, Calculate boardings in transfers field
Fri Jun 21 07:48:18 2024, Build transit paths, Build transit paths Loop - PM - Walk - ExpBus -23 of 40
Fri Jun 21 07:48:18 2024, Build transit paths, Build tranist network
Fri Jun 21 07:48:41 2024, Build transit paths, Tranist network settings
Fri Jun 21 07:48:43 2024, Build transit paths, Transit assignment PF
Fri Jun 21 07:49:03 2024, Build transit paths, Fill stop layer with base ivtt
Fri Jun 21 07:49:03 2024, Build transit paths, Update transit links with correct ivtt
Fri Jun 21 07:49:04 2024, Build transit paths, Transit skim PF
Fri Jun 21 07:50:47 2024, Build transit paths, Calculate boardings in transfers field
Fri Jun 21 07:50:49 2024, Build transit paths, Build transit paths Loop - PM - Walk - UrbRail -24 of 40
Fri Jun 21 07:50:49 2024, Build transit paths, Build tranist network
Fri Jun 21 07:51:12 2024, Build transit paths, Tranist network settings
Fri Jun 21 07:51:14 2024, Build transit paths, Transit assignment PF
Fri Jun 21 07:51:33 2024, Build transit paths, Fill stop layer with base ivtt
Fri Jun 21 07:51:34 2024, Build transit paths, Update transit links with correct ivtt
Fri Jun 21 07:51:35 2024, Build transit paths, Transit skim PF
Fri Jun 21 07:53:16 2024, Build transit paths, Calculate boardings in transfers field
Fri Jun 21 07:53:16 2024, Build transit paths, Build transit paths Loop - PM - Walk - ComRail -25 of 40
Fri Jun 21 07:53:16 2024, Build transit paths, Build tranist network
Fri Jun 21 07:53:41 2024, Build transit paths, Tranist network settings
Fri Jun 21 07:53:42 2024, Build transit paths, Transit assignment PF
Fri Jun 21 07:54:03 2024, Build transit paths, Fill stop layer with base ivtt
Fri Jun 21 07:54:03 2024, Build transit paths, Update transit links with correct ivtt
Fri Jun 21 07:54:04 2024, Build transit paths, Transit skim PF
Fri Jun 21 07:55:46 2024, Build transit paths, Calculate boardings in transfers field
Fri Jun 21 07:55:47 2024, Build transit paths, Build transit paths Loop - PM - Drive - Local -26 of 40
Fri Jun 21 07:55:47 2024, Build transit paths, Build tranist network
Fri Jun 21 07:56:14 2024, Build transit paths, Tranist network settings
Fri Jun 21 07:56:28 2024, Build transit paths, Transit assignment PF
Fri Jun 21 07:57:17 2024, Build transit paths, Fill stop layer with base ivtt
Fri Jun 21 07:57:17 2024, Build transit paths, Update transit links with correct ivtt
Fri Jun 21 07:57:19 2024, Build transit paths, Transit skim PF
Fri Jun 21 07:59:25 2024, Build transit paths, Calculate boardings in transfers field
Fri Jun 21 07:59:26 2024, Build transit paths, Build transit paths Loop - PM - Drive - Brt -27 of 40
Fri Jun 21 07:59:26 2024, Build transit paths, Build tranist network
Fri Jun 21 08:00:01 2024, Build transit paths, Tranist network settings
Fri Jun 21 08:00:14 2024, Build transit paths, Transit assignment PF
Fri Jun 21 08:01:02 2024, Build transit paths, Fill stop layer with base ivtt
Fri Jun 21 08:01:02 2024, Build transit paths, Update transit links with correct ivtt
Fri Jun 21 08:01:04 2024, Build transit paths, Transit skim PF
Fri Jun 21 08:03:11 2024, Build transit paths, Calculate boardings in transfers field
Fri Jun 21 08:03:12 2024, Build transit paths, Build transit paths Loop - PM - Drive - ExpBus -28 of 40
Fri Jun 21 08:03:12 2024, Build transit paths, Build tranist network
Fri Jun 21 08:03:50 2024, Build transit paths, Tranist network settings
Fri Jun 21 08:04:03 2024, Build transit paths, Transit assignment PF
Fri Jun 21 08:04:54 2024, Build transit paths, Fill stop layer with base ivtt
Fri Jun 21 08:04:54 2024, Build transit paths, Update transit links with correct ivtt
Fri Jun 21 08:04:56 2024, Build transit paths, Transit skim PF
Fri Jun 21 08:07:11 2024, Build transit paths, Calculate boardings in transfers field
Fri Jun 21 08:07:11 2024, Build transit paths, Build transit paths Loop - PM - Drive - UrbRail -29 of 40
Fri Jun 21 08:07:11 2024, Build transit paths, Build tranist network
Fri Jun 21 08:07:49 2024, Build transit paths, Tranist network settings
Fri Jun 21 08:08:03 2024, Build transit paths, Transit assignment PF
Fri Jun 21 08:08:53 2024, Build transit paths, Fill stop layer with base ivtt
Fri Jun 21 08:08:54 2024, Build transit paths, Update transit links with correct ivtt
Fri Jun 21 08:08:56 2024, Build transit paths, Transit skim PF
Fri Jun 21 08:11:10 2024, Build transit paths, Calculate boardings in transfers field
Fri Jun 21 08:11:11 2024, Build transit paths, Build transit paths Loop - PM - Drive - ComRail -30 of 40
Fri Jun 21 08:11:11 2024, Build transit paths, Build tranist network
Fri Jun 21 08:11:46 2024, Build transit paths, Tranist network settings
Fri Jun 21 08:11:59 2024, Build transit paths, Transit assignment PF
Fri Jun 21 08:12:51 2024, Build transit paths, Fill stop layer with base ivtt
Fri Jun 21 08:12:51 2024, Build transit paths, Update transit links with correct ivtt
Fri Jun 21 08:12:53 2024, Build transit paths, Transit skim PF
Fri Jun 21 08:15:05 2024, Build transit paths, Calculate boardings in transfers field
Fri Jun 21 08:15:07 2024, Build transit paths, Build transit paths Loop - OP - Walk - Local -31 of 40
Fri Jun 21 08:15:07 2024, Build transit paths, Build tranist network
Fri Jun 21 08:15:41 2024, Build transit paths, Tranist network settings
Fri Jun 21 08:15:45 2024, Build transit paths, Transit assignment PF
Fri Jun 21 08:16:07 2024, Build transit paths, Fill stop layer with base ivtt
Fri Jun 21 08:16:07 2024, Build transit paths, Update transit links with correct ivtt
Fri Jun 21 08:16:09 2024, Build transit paths, Transit skim PF
Fri Jun 21 08:18:20 2024, Build transit paths, Calculate boardings in transfers field
Fri Jun 21 08:18:21 2024, Build transit paths, Build transit paths Loop - OP - Walk - Brt -32 of 40
Fri Jun 21 08:18:21 2024, Build transit paths, Build tranist network
Fri Jun 21 08:18:54 2024, Build transit paths, Tranist network settings
Fri Jun 21 08:18:58 2024, Build transit paths, Transit assignment PF
Fri Jun 21 08:19:19 2024, Build transit paths, Fill stop layer with base ivtt
Fri Jun 21 08:19:19 2024, Build transit paths, Update transit links with correct ivtt
Fri Jun 21 08:19:21 2024, Build transit paths, Transit skim PF
Fri Jun 21 08:21:32 2024, Build transit paths, Calculate boardings in transfers field
Fri Jun 21 08:21:32 2024, Build transit paths, Build transit paths Loop - OP - Walk - ExpBus -33 of 40
Fri Jun 21 08:21:32 2024, Build transit paths, Build tranist network
Fri Jun 21 08:22:07 2024, Build transit paths, Tranist network settings
Fri Jun 21 08:22:11 2024, Build transit paths, Transit assignment PF
Fri Jun 21 08:22:32 2024, Build transit paths, Fill stop layer with base ivtt
Fri Jun 21 08:22:32 2024, Build transit paths, Update transit links with correct ivtt
Fri Jun 21 08:22:34 2024, Build transit paths, Transit skim PF
Fri Jun 21 08:24:47 2024, Build transit paths, Calculate boardings in transfers field
Fri Jun 21 08:24:48 2024, Build transit paths, Build transit paths Loop - OP - Walk - UrbRail -34 of 40
Fri Jun 21 08:24:48 2024, Build transit paths, Build tranist network
Fri Jun 21 08:25:08 2024, Build transit paths, Tranist network settings
Fri Jun 21 08:25:11 2024, Build transit paths, Transit assignment PF
Fri Jun 21 08:25:28 2024, Build transit paths, Fill stop layer with base ivtt
Fri Jun 21 08:25:29 2024, Build transit paths, Update transit links with correct ivtt
Fri Jun 21 08:25:30 2024, Build transit paths, Transit skim PF
Fri Jun 21 08:26:55 2024, Build transit paths, Calculate boardings in transfers field
Fri Jun 21 08:26:55 2024, Build transit paths, Build transit paths Loop - OP - Walk - ComRail -35 of 40
Fri Jun 21 08:26:55 2024, Build transit paths, Build tranist network
Fri Jun 21 08:27:15 2024, Build transit paths, Tranist network settings
Fri Jun 21 08:27:16 2024, Build transit paths, Transit assignment PF
Fri Jun 21 08:27:34 2024, Build transit paths, Fill stop layer with base ivtt
Fri Jun 21 08:27:34 2024, Build transit paths, Update transit links with correct ivtt
Fri Jun 21 08:27:35 2024, Build transit paths, Transit skim PF
Fri Jun 21 08:28:58 2024, Build transit paths, Calculate boardings in transfers field
Fri Jun 21 08:28:58 2024, Build transit paths, Build transit paths Loop - OP - Drive - Local -36 of 40
Fri Jun 21 08:28:58 2024, Build transit paths, Build tranist network
Fri Jun 21 08:29:18 2024, Build transit paths, Tranist network settings
Fri Jun 21 08:29:23 2024, Build transit paths, Transit assignment PF
Fri Jun 21 08:29:57 2024, Build transit paths, Fill stop layer with base ivtt
Fri Jun 21 08:29:57 2024, Build transit paths, Update transit links with correct ivtt
Fri Jun 21 08:29:58 2024, Build transit paths, Transit skim PF
Fri Jun 21 08:31:34 2024, Build transit paths, Calculate boardings in transfers field
Fri Jun 21 08:31:35 2024, Build transit paths, Build transit paths Loop - OP - Drive - Brt -37 of 40
Fri Jun 21 08:31:35 2024, Build transit paths, Build tranist network
Fri Jun 21 08:31:54 2024, Build transit paths, Tranist network settings
Fri Jun 21 08:32:00 2024, Build transit paths, Transit assignment PF
Fri Jun 21 08:32:34 2024, Build transit paths, Fill stop layer with base ivtt
Fri Jun 21 08:32:34 2024, Build transit paths, Update transit links with correct ivtt
Fri Jun 21 08:32:35 2024, Build transit paths, Transit skim PF
Fri Jun 21 08:34:14 2024, Build transit paths, Calculate boardings in transfers field
Fri Jun 21 08:34:14 2024, Build transit paths, Build transit paths Loop - OP - Drive - ExpBus -38 of 40
Fri Jun 21 08:34:14 2024, Build transit paths, Build tranist network
Fri Jun 21 08:34:33 2024, Build transit paths, Tranist network settings
Fri Jun 21 08:34:39 2024, Build transit paths, Transit assignment PF
Fri Jun 21 08:35:11 2024, Build transit paths, Fill stop layer with base ivtt
Fri Jun 21 08:35:12 2024, Build transit paths, Update transit links with correct ivtt
Fri Jun 21 08:35:13 2024, Build transit paths, Transit skim PF
Fri Jun 21 08:36:49 2024, Build transit paths, Calculate boardings in transfers field
Fri Jun 21 08:36:49 2024, Build transit paths, Build transit paths Loop - OP - Drive - UrbRail -39 of 40
Fri Jun 21 08:36:49 2024, Build transit paths, Build tranist network
Fri Jun 21 08:37:08 2024, Build transit paths, Tranist network settings
Fri Jun 21 08:37:15 2024, Build transit paths, Transit assignment PF
Fri Jun 21 08:37:47 2024, Build transit paths, Fill stop layer with base ivtt
Fri Jun 21 08:37:48 2024, Build transit paths, Update transit links with correct ivtt
Fri Jun 21 08:37:49 2024, Build transit paths, Transit skim PF
Fri Jun 21 08:39:27 2024, Build transit paths, Calculate boardings in transfers field
Fri Jun 21 08:39:27 2024, Build transit paths, Build transit paths Loop - OP - Drive - ComRail -40 of 40
Fri Jun 21 08:39:27 2024, Build transit paths, Build tranist network
Fri Jun 21 08:39:46 2024, Build transit paths, Tranist network settings
Fri Jun 21 08:39:52 2024, Build transit paths, Transit assignment PF
Fri Jun 21 08:40:26 2024, Build transit paths, Fill stop layer with base ivtt
Fri Jun 21 08:40:26 2024, Build transit paths, Update transit links with correct ivtt
Fri Jun 21 08:40:27 2024, Build transit paths, Transit skim PF
Fri Jun 21 08:42:07 2024, Build transit paths, Calculate boardings in transfers field
Fri Jun 21 08:42:07 2024, Process transit skims
Fri Jun 21 09:05:27 2024, 4 InternalTruckModel.rsc, Run Internal Truck and Commercial Vehicle Model
Fri Jun 21 09:05:27 2024, Aggregate LandUse
Fri Jun 21 09:05:47 2024, Calculate Accessibilities
Fri Jun 21 09:05:59 2024, Run Truck Model
Fri Jun 21 09:07:09 2024, Run Commercial Vehicle Model
Fri Jun 21 09:07:18 2024, Run Trip Length Summaries
Fri Jun 21 09:07:33 2024, Close All Views
Fri Jun 21 09:07:33 2024, 5 VisitorModel.rsc, Run Visitor Model
Fri Jun 21 09:07:34 2024, Prepare input data
Fri Jun 21 09:08:17 2024, Visitor Trip Gen
Fri Jun 21 09:08:23 2024, Visitor Trip Distribution
Fri Jun 21 09:08:33 2024, Visitor Trip Mode Choice
Fri Jun 21 09:08:34 2024, Visitor Trip Time of Day
Fri Jun 21 09:08:46 2024, 7.1 RunDaySim.rsc,   ****** Run DaySim ****** 
Fri Jun 21 09:08:46 2024, Set transit paramters
Fri Jun 21 09:22:57 2024, Runing OMX Re Export in feedback loop 2
Fri Jun 21 09:22:57 2024, Set transit paramters
Fri Jun 21 13:17:55 2024, Copy DaySim inputs in feedback loop 2
Fri Jun 21 13:17:55 2024, Runing DaySim for iteration 1 in feedback loop 2
Fri Jun 21 15:24:56 2024, 7.1 RunDaySim.rsc,  ******** Build DaySim Trip Matrices ******** 
Fri Jun 21 15:24:56 2024, Set transit paramters
Fri Jun 21 15:24:56 2024, Copying DaySim outputs
Fri Jun 21 15:25:09 2024, Joining trip and tour files
Fri Jun 21 15:32:17 2024, Processing trips ... , Auto
Fri Jun 21 15:32:17 2024, Processing trips for: , AM
Fri Jun 21 15:41:34 2024, Processing trips for: , MD
Fri Jun 21 15:50:57 2024, Processing trips for: , PM
Fri Jun 21 16:00:32 2024, Processing trips for: , OP
Fri Jun 21 16:05:11 2024, Processing trips ... , Transit
Fri Jun 21 16:05:11 2024, Processing trips trips for: , AM
Fri Jun 21 16:10:18 2024, Processing trips trips for: , MD
Fri Jun 21 16:12:19 2024, Processing trips trips for: , PM
Fri Jun 21 16:14:23 2024, Processing trips trips for: , OP
Fri Jun 21 16:15:31 2024, Set transit paramters
Fri Jun 21 16:15:33 2024, 8.1 HwyAssignment.rsc,   ****** Pre Assignment ****** 
Fri Jun 21 16:15:33 2024, Add visitor trips 
Fri Jun 21 16:15:35 2024, Add internal truck demand 
Fri Jun 21 16:15:37 2024, Add internal commercial vehicle demand 
Fri Jun 21 16:15:37 2024, Add external truck demand 
Fri Jun 21 16:15:48 2024, Add external auto demand 
Fri Jun 21 16:15:51 2024, Highway Assignment - Processing Matrices for , AM
Fri Jun 21 16:15:57 2024, Highway Assignment - Processing Matrices for , MD
Fri Jun 21 16:16:03 2024, Highway Assignment - Processing Matrices for , PM
Fri Jun 21 16:16:13 2024, Highway Assignment - Processing Matrices for , OP
Fri Jun 21 16:16:21 2024, Highway Assignment - Network Settings
Fri Jun 21 16:16:23 2024, Highway Assignment - Preload Assignment for AM
Fri Jun 21 16:17:12 2024, Highway Assignment - Preload Assignment for MD
Fri Jun 21 16:18:45 2024, Highway Assignment - Preload Assignment for PM
Fri Jun 21 16:20:08 2024, Highway Assignment - Preload Assignment for OP
Fri Jun 21 16:20:51 2024, Highway Assignment - General Assignment for AM
Fri Jun 21 16:30:05 2024, Highway Assignment - General Assignment for MD
Fri Jun 21 16:34:22 2024, Highway Assignment - General Assignment for PM
Fri Jun 21 16:42:32 2024, Highway Assignment - General Assignment for OP
Fri Jun 21 16:44:16 2024, 8.1 HwyAssignment.rsc,   ****** Highway Post Processor ****** 
Fri Jun 21 16:59:41 2024, 8.3 FeedbackLoop.rsc,   ****** Update Travel Times ****** 
Fri Jun 21 17:02:13 2024, 2.1 HwySkimming.rsc,   ****** Highway Skimming ****** 
Fri Jun 21 17:02:13 2024, Build highway network
Fri Jun 21 17:02:13 2024, Shortest path using length
Fri Jun 21 17:02:16 2024, Terminal time
Fri Jun 21 17:02:19 2024, Build HOV skims
Fri Jun 21 17:03:07 2024, Build SOV skims
Fri Jun 21 17:04:16 2024, Save and copy skims
Fri Jun 21 17:04:38 2024, 2.1 HwySkimming.rsc, Finished Highway Skimming
Fri Jun 21 17:04:39 2024, 2.2 TransitSkimming.rsc,   ****** Transit Skimming ****** 
Fri Jun 21 17:04:39 2024, Set transit paramters
Fri Jun 21 17:04:39 2024, Prepare inputs
Fri Jun 21 17:07:08 2024, Build drive connectors
Fri Jun 21 17:11:48 2024, Build transit paths
Fri Jun 21 17:11:48 2024, Build transit paths, Build transit paths Loop - AM - Walk - Local -1 of 40
Fri Jun 21 17:11:48 2024, Build transit paths, Build tranist network
Fri Jun 21 17:12:08 2024, Build transit paths, Tranist network settings
Fri Jun 21 17:12:10 2024, Build transit paths, Transit assignment PF
Fri Jun 21 17:12:28 2024, Build transit paths, Fill stop layer with base ivtt
Fri Jun 21 17:12:29 2024, Build transit paths, Update transit links with correct ivtt
Fri Jun 21 17:12:30 2024, Build transit paths, Transit skim PF
Fri Jun 21 17:14:15 2024, Build transit paths, Calculate boardings in transfers field
Fri Jun 21 17:14:15 2024, Build transit paths, Build transit paths Loop - AM - Walk - Brt -2 of 40
Fri Jun 21 17:14:15 2024, Build transit paths, Build tranist network
Fri Jun 21 17:14:35 2024, Build transit paths, Tranist network settings
Fri Jun 21 17:14:38 2024, Build transit paths, Transit assignment PF
Fri Jun 21 17:14:56 2024, Build transit paths, Fill stop layer with base ivtt
Fri Jun 21 17:14:56 2024, Build transit paths, Update transit links with correct ivtt
Fri Jun 21 17:14:57 2024, Build transit paths, Transit skim PF
Fri Jun 21 17:16:33 2024, Build transit paths, Calculate boardings in transfers field
Fri Jun 21 17:16:33 2024, Build transit paths, Build transit paths Loop - AM - Walk - ExpBus -3 of 40
Fri Jun 21 17:16:33 2024, Build transit paths, Build tranist network
Fri Jun 21 17:16:53 2024, Build transit paths, Tranist network settings
Fri Jun 21 17:16:55 2024, Build transit paths, Transit assignment PF
Fri Jun 21 17:17:14 2024, Build transit paths, Fill stop layer with base ivtt
Fri Jun 21 17:17:15 2024, Build transit paths, Update transit links with correct ivtt
Fri Jun 21 17:17:16 2024, Build transit paths, Transit skim PF
Fri Jun 21 17:18:51 2024, Build transit paths, Calculate boardings in transfers field
Fri Jun 21 17:18:51 2024, Build transit paths, Build transit paths Loop - AM - Walk - UrbRail -4 of 40
Fri Jun 21 17:18:51 2024, Build transit paths, Build tranist network
Fri Jun 21 17:19:13 2024, Build transit paths, Tranist network settings
Fri Jun 21 17:19:15 2024, Build transit paths, Transit assignment PF
Fri Jun 21 17:19:33 2024, Build transit paths, Fill stop layer with base ivtt
Fri Jun 21 17:19:34 2024, Build transit paths, Update transit links with correct ivtt
Fri Jun 21 17:19:35 2024, Build transit paths, Transit skim PF
Fri Jun 21 17:21:03 2024, Build transit paths, Calculate boardings in transfers field
Fri Jun 21 17:21:04 2024, Build transit paths, Build transit paths Loop - AM - Walk - ComRail -5 of 40
Fri Jun 21 17:21:04 2024, Build transit paths, Build tranist network
Fri Jun 21 17:21:24 2024, Build transit paths, Tranist network settings
Fri Jun 21 17:21:27 2024, Build transit paths, Transit assignment PF
Fri Jun 21 17:21:45 2024, Build transit paths, Fill stop layer with base ivtt
Fri Jun 21 17:21:46 2024, Build transit paths, Update transit links with correct ivtt
Fri Jun 21 17:21:47 2024, Build transit paths, Transit skim PF
Fri Jun 21 17:23:21 2024, Build transit paths, Calculate boardings in transfers field
Fri Jun 21 17:23:22 2024, Build transit paths, Build transit paths Loop - AM - Drive - Local -6 of 40
Fri Jun 21 17:23:22 2024, Build transit paths, Build tranist network
Fri Jun 21 17:23:42 2024, Build transit paths, Tranist network settings
Fri Jun 21 17:23:48 2024, Build transit paths, Transit assignment PF
Fri Jun 21 17:24:05 2024, Build transit paths, Fill stop layer with base ivtt
Fri Jun 21 17:24:05 2024, Build transit paths, Update transit links with correct ivtt
Fri Jun 21 17:24:06 2024, Build transit paths, Transit skim PF
Fri Jun 21 17:25:06 2024, Build transit paths, Calculate boardings in transfers field
Fri Jun 21 17:25:07 2024, Build transit paths, Build transit paths Loop - AM - Drive - Brt -7 of 40
Fri Jun 21 17:25:07 2024, Build transit paths, Build tranist network
Fri Jun 21 17:25:27 2024, Build transit paths, Tranist network settings
Fri Jun 21 17:25:33 2024, Build transit paths, Transit assignment PF
Fri Jun 21 17:25:51 2024, Build transit paths, Fill stop layer with base ivtt
Fri Jun 21 17:25:52 2024, Build transit paths, Update transit links with correct ivtt
Fri Jun 21 17:25:53 2024, Build transit paths, Transit skim PF
Fri Jun 21 17:26:47 2024, Build transit paths, Calculate boardings in transfers field
Fri Jun 21 17:26:47 2024, Build transit paths, Build transit paths Loop - AM - Drive - ExpBus -8 of 40
Fri Jun 21 17:26:47 2024, Build transit paths, Build tranist network
Fri Jun 21 17:27:07 2024, Build transit paths, Tranist network settings
Fri Jun 21 17:27:14 2024, Build transit paths, Transit assignment PF
Fri Jun 21 17:27:31 2024, Build transit paths, Fill stop layer with base ivtt
Fri Jun 21 17:27:31 2024, Build transit paths, Update transit links with correct ivtt
Fri Jun 21 17:27:32 2024, Build transit paths, Transit skim PF
Fri Jun 21 17:28:31 2024, Build transit paths, Calculate boardings in transfers field
Fri Jun 21 17:28:33 2024, Build transit paths, Build transit paths Loop - AM - Drive - UrbRail -9 of 40
Fri Jun 21 17:28:33 2024, Build transit paths, Build tranist network
Fri Jun 21 17:28:53 2024, Build transit paths, Tranist network settings
Fri Jun 21 17:28:58 2024, Build transit paths, Transit assignment PF
Fri Jun 21 17:29:17 2024, Build transit paths, Fill stop layer with base ivtt
Fri Jun 21 17:29:18 2024, Build transit paths, Update transit links with correct ivtt
Fri Jun 21 17:29:19 2024, Build transit paths, Transit skim PF
Fri Jun 21 17:30:30 2024, Build transit paths, Calculate boardings in transfers field
Fri Jun 21 17:30:30 2024, Build transit paths, Build transit paths Loop - AM - Drive - ComRail -10 of 40
Fri Jun 21 17:30:30 2024, Build transit paths, Build tranist network
Fri Jun 21 17:30:51 2024, Build transit paths, Tranist network settings
Fri Jun 21 17:30:56 2024, Build transit paths, Transit assignment PF
Fri Jun 21 17:31:17 2024, Build transit paths, Fill stop layer with base ivtt
Fri Jun 21 17:31:17 2024, Build transit paths, Update transit links with correct ivtt
Fri Jun 21 17:31:18 2024, Build transit paths, Transit skim PF
Fri Jun 21 17:32:30 2024, Build transit paths, Calculate boardings in transfers field
Fri Jun 21 17:32:30 2024, Build transit paths, Build transit paths Loop - MD - Walk - Local -11 of 40
Fri Jun 21 17:32:30 2024, Build transit paths, Build tranist network
Fri Jun 21 17:32:50 2024, Build transit paths, Tranist network settings
Fri Jun 21 17:32:51 2024, Build transit paths, Transit assignment PF
Fri Jun 21 17:33:09 2024, Build transit paths, Fill stop layer with base ivtt
Fri Jun 21 17:33:09 2024, Build transit paths, Update transit links with correct ivtt
Fri Jun 21 17:33:10 2024, Build transit paths, Transit skim PF
Fri Jun 21 17:34:43 2024, Build transit paths, Calculate boardings in transfers field
Fri Jun 21 17:34:44 2024, Build transit paths, Build transit paths Loop - MD - Walk - Brt -12 of 40
Fri Jun 21 17:34:44 2024, Build transit paths, Build tranist network
Fri Jun 21 17:35:04 2024, Build transit paths, Tranist network settings
Fri Jun 21 17:35:06 2024, Build transit paths, Transit assignment PF
Fri Jun 21 17:35:24 2024, Build transit paths, Fill stop layer with base ivtt
Fri Jun 21 17:35:25 2024, Build transit paths, Update transit links with correct ivtt
Fri Jun 21 17:35:26 2024, Build transit paths, Transit skim PF
Fri Jun 21 17:36:55 2024, Build transit paths, Calculate boardings in transfers field
Fri Jun 21 17:36:56 2024, Build transit paths, Build transit paths Loop - MD - Walk - ExpBus -13 of 40
Fri Jun 21 17:36:56 2024, Build transit paths, Build tranist network
Fri Jun 21 17:37:15 2024, Build transit paths, Tranist network settings
Fri Jun 21 17:37:17 2024, Build transit paths, Transit assignment PF
Fri Jun 21 17:37:36 2024, Build transit paths, Fill stop layer with base ivtt
Fri Jun 21 17:37:36 2024, Build transit paths, Update transit links with correct ivtt
Fri Jun 21 17:37:37 2024, Build transit paths, Transit skim PF
Fri Jun 21 17:39:04 2024, Build transit paths, Calculate boardings in transfers field
Fri Jun 21 17:39:04 2024, Build transit paths, Build transit paths Loop - MD - Walk - UrbRail -14 of 40
Fri Jun 21 17:39:04 2024, Build transit paths, Build tranist network
Fri Jun 21 17:39:24 2024, Build transit paths, Tranist network settings
Fri Jun 21 17:39:27 2024, Build transit paths, Transit assignment PF
Fri Jun 21 17:39:44 2024, Build transit paths, Fill stop layer with base ivtt
Fri Jun 21 17:39:45 2024, Build transit paths, Update transit links with correct ivtt
Fri Jun 21 17:39:46 2024, Build transit paths, Transit skim PF
Fri Jun 21 17:41:12 2024, Build transit paths, Calculate boardings in transfers field
Fri Jun 21 17:41:12 2024, Build transit paths, Build transit paths Loop - MD - Walk - ComRail -15 of 40
Fri Jun 21 17:41:12 2024, Build transit paths, Build tranist network
Fri Jun 21 17:41:32 2024, Build transit paths, Tranist network settings
Fri Jun 21 17:41:34 2024, Build transit paths, Transit assignment PF
Fri Jun 21 17:41:52 2024, Build transit paths, Fill stop layer with base ivtt
Fri Jun 21 17:41:53 2024, Build transit paths, Update transit links with correct ivtt
Fri Jun 21 17:41:54 2024, Build transit paths, Transit skim PF
Fri Jun 21 17:43:22 2024, Build transit paths, Calculate boardings in transfers field
Fri Jun 21 17:43:22 2024, Build transit paths, Build transit paths Loop - MD - Drive - Local -16 of 40
Fri Jun 21 17:43:22 2024, Build transit paths, Build tranist network
Fri Jun 21 17:43:42 2024, Build transit paths, Tranist network settings
Fri Jun 21 17:43:48 2024, Build transit paths, Transit assignment PF
Fri Jun 21 17:44:04 2024, Build transit paths, Fill stop layer with base ivtt
Fri Jun 21 17:44:05 2024, Build transit paths, Update transit links with correct ivtt
Fri Jun 21 17:44:06 2024, Build transit paths, Transit skim PF
Fri Jun 21 17:45:01 2024, Build transit paths, Calculate boardings in transfers field
Fri Jun 21 17:45:01 2024, Build transit paths, Build transit paths Loop - MD - Drive - Brt -17 of 40
Fri Jun 21 17:45:01 2024, Build transit paths, Build tranist network
Fri Jun 21 17:45:21 2024, Build transit paths, Tranist network settings
Fri Jun 21 17:45:28 2024, Build transit paths, Transit assignment PF
Fri Jun 21 17:45:45 2024, Build transit paths, Fill stop layer with base ivtt
Fri Jun 21 17:45:45 2024, Build transit paths, Update transit links with correct ivtt
Fri Jun 21 17:45:47 2024, Build transit paths, Transit skim PF
Fri Jun 21 17:46:42 2024, Build transit paths, Calculate boardings in transfers field
Fri Jun 21 17:46:42 2024, Build transit paths, Build transit paths Loop - MD - Drive - ExpBus -18 of 40
Fri Jun 21 17:46:42 2024, Build transit paths, Build tranist network
Fri Jun 21 17:47:02 2024, Build transit paths, Tranist network settings
Fri Jun 21 17:47:08 2024, Build transit paths, Transit assignment PF
Fri Jun 21 17:47:25 2024, Build transit paths, Fill stop layer with base ivtt
Fri Jun 21 17:47:25 2024, Build transit paths, Update transit links with correct ivtt
Fri Jun 21 17:47:26 2024, Build transit paths, Transit skim PF
Fri Jun 21 17:48:22 2024, Build transit paths, Calculate boardings in transfers field
Fri Jun 21 17:48:23 2024, Build transit paths, Build transit paths Loop - MD - Drive - UrbRail -19 of 40
Fri Jun 21 17:48:23 2024, Build transit paths, Build tranist network
Fri Jun 21 17:48:42 2024, Build transit paths, Tranist network settings
Fri Jun 21 17:48:47 2024, Build transit paths, Transit assignment PF
Fri Jun 21 17:49:04 2024, Build transit paths, Fill stop layer with base ivtt
Fri Jun 21 17:49:05 2024, Build transit paths, Update transit links with correct ivtt
Fri Jun 21 17:49:06 2024, Build transit paths, Transit skim PF
Fri Jun 21 17:50:10 2024, Build transit paths, Calculate boardings in transfers field
Fri Jun 21 17:50:10 2024, Build transit paths, Build transit paths Loop - MD - Drive - ComRail -20 of 40
Fri Jun 21 17:50:10 2024, Build transit paths, Build tranist network
Fri Jun 21 17:50:30 2024, Build transit paths, Tranist network settings
Fri Jun 21 17:50:35 2024, Build transit paths, Transit assignment PF
Fri Jun 21 17:50:52 2024, Build transit paths, Fill stop layer with base ivtt
Fri Jun 21 17:50:53 2024, Build transit paths, Update transit links with correct ivtt
Fri Jun 21 17:50:54 2024, Build transit paths, Transit skim PF
Fri Jun 21 17:51:52 2024, Build transit paths, Calculate boardings in transfers field
Fri Jun 21 17:51:52 2024, Build transit paths, Build transit paths Loop - PM - Walk - Local -21 of 40
Fri Jun 21 17:51:52 2024, Build transit paths, Build tranist network
Fri Jun 21 17:52:12 2024, Build transit paths, Tranist network settings
Fri Jun 21 17:52:14 2024, Build transit paths, Transit assignment PF
Fri Jun 21 17:52:30 2024, Build transit paths, Fill stop layer with base ivtt
Fri Jun 21 17:52:30 2024, Build transit paths, Update transit links with correct ivtt
Fri Jun 21 17:52:31 2024, Build transit paths, Transit skim PF
Fri Jun 21 17:54:00 2024, Build transit paths, Calculate boardings in transfers field
Fri Jun 21 17:54:00 2024, Build transit paths, Build transit paths Loop - PM - Walk - Brt -22 of 40
Fri Jun 21 17:54:00 2024, Build transit paths, Build tranist network
Fri Jun 21 17:54:19 2024, Build transit paths, Tranist network settings
Fri Jun 21 17:54:21 2024, Build transit paths, Transit assignment PF
Fri Jun 21 17:54:36 2024, Build transit paths, Fill stop layer with base ivtt
Fri Jun 21 17:54:37 2024, Build transit paths, Update transit links with correct ivtt
Fri Jun 21 17:54:38 2024, Build transit paths, Transit skim PF
Fri Jun 21 17:56:06 2024, Build transit paths, Calculate boardings in transfers field
Fri Jun 21 17:56:06 2024, Build transit paths, Build transit paths Loop - PM - Walk - ExpBus -23 of 40
Fri Jun 21 17:56:06 2024, Build transit paths, Build tranist network
Fri Jun 21 17:56:27 2024, Build transit paths, Tranist network settings
Fri Jun 21 17:56:30 2024, Build transit paths, Transit assignment PF
Fri Jun 21 17:56:48 2024, Build transit paths, Fill stop layer with base ivtt
Fri Jun 21 17:56:48 2024, Build transit paths, Update transit links with correct ivtt
Fri Jun 21 17:56:49 2024, Build transit paths, Transit skim PF
Fri Jun 21 17:58:22 2024, Build transit paths, Calculate boardings in transfers field
Fri Jun 21 17:58:23 2024, Build transit paths, Build transit paths Loop - PM - Walk - UrbRail -24 of 40
Fri Jun 21 17:58:23 2024, Build transit paths, Build tranist network
Fri Jun 21 17:58:43 2024, Build transit paths, Tranist network settings
Fri Jun 21 17:58:45 2024, Build transit paths, Transit assignment PF
Fri Jun 21 17:59:03 2024, Build transit paths, Fill stop layer with base ivtt
Fri Jun 21 17:59:03 2024, Build transit paths, Update transit links with correct ivtt
Fri Jun 21 17:59:04 2024, Build transit paths, Transit skim PF
Fri Jun 21 18:00:38 2024, Build transit paths, Calculate boardings in transfers field
Fri Jun 21 18:00:38 2024, Build transit paths, Build transit paths Loop - PM - Walk - ComRail -25 of 40
Fri Jun 21 18:00:38 2024, Build transit paths, Build tranist network
Fri Jun 21 18:00:59 2024, Build transit paths, Tranist network settings
Fri Jun 21 18:01:00 2024, Build transit paths, Transit assignment PF
Fri Jun 21 18:01:22 2024, Build transit paths, Fill stop layer with base ivtt
Fri Jun 21 18:01:23 2024, Build transit paths, Update transit links with correct ivtt
Fri Jun 21 18:01:24 2024, Build transit paths, Transit skim PF
Fri Jun 21 18:02:55 2024, Build transit paths, Calculate boardings in transfers field
Fri Jun 21 18:02:55 2024, Build transit paths, Build transit paths Loop - PM - Drive - Local -26 of 40
Fri Jun 21 18:02:55 2024, Build transit paths, Build tranist network
Fri Jun 21 18:03:14 2024, Build transit paths, Tranist network settings
Fri Jun 21 18:03:19 2024, Build transit paths, Transit assignment PF
Fri Jun 21 18:03:52 2024, Build transit paths, Fill stop layer with base ivtt
Fri Jun 21 18:03:53 2024, Build transit paths, Update transit links with correct ivtt
Fri Jun 21 18:03:54 2024, Build transit paths, Transit skim PF
Fri Jun 21 18:05:45 2024, Build transit paths, Calculate boardings in transfers field
Fri Jun 21 18:05:46 2024, Build transit paths, Build transit paths Loop - PM - Drive - Brt -27 of 40
Fri Jun 21 18:05:46 2024, Build transit paths, Build tranist network
Fri Jun 21 18:06:05 2024, Build transit paths, Tranist network settings
Fri Jun 21 18:06:10 2024, Build transit paths, Transit assignment PF
Fri Jun 21 18:06:43 2024, Build transit paths, Fill stop layer with base ivtt
Fri Jun 21 18:06:44 2024, Build transit paths, Update transit links with correct ivtt
Fri Jun 21 18:06:45 2024, Build transit paths, Transit skim PF
Fri Jun 21 18:08:59 2024, Build transit paths, Calculate boardings in transfers field
Fri Jun 21 18:09:00 2024, Build transit paths, Build transit paths Loop - PM - Drive - ExpBus -28 of 40
Fri Jun 21 18:09:00 2024, Build transit paths, Build tranist network
Fri Jun 21 18:09:19 2024, Build transit paths, Tranist network settings
Fri Jun 21 18:09:25 2024, Build transit paths, Transit assignment PF
Fri Jun 21 18:10:00 2024, Build transit paths, Fill stop layer with base ivtt
Fri Jun 21 18:10:00 2024, Build transit paths, Update transit links with correct ivtt
Fri Jun 21 18:10:01 2024, Build transit paths, Transit skim PF
Fri Jun 21 18:11:51 2024, Build transit paths, Calculate boardings in transfers field
Fri Jun 21 18:11:51 2024, Build transit paths, Build transit paths Loop - PM - Drive - UrbRail -29 of 40
Fri Jun 21 18:11:51 2024, Build transit paths, Build tranist network
Fri Jun 21 18:12:12 2024, Build transit paths, Tranist network settings
Fri Jun 21 18:12:18 2024, Build transit paths, Transit assignment PF
Fri Jun 21 18:12:57 2024, Build transit paths, Fill stop layer with base ivtt
Fri Jun 21 18:12:58 2024, Build transit paths, Update transit links with correct ivtt
Fri Jun 21 18:12:59 2024, Build transit paths, Transit skim PF
Fri Jun 21 18:14:52 2024, Build transit paths, Calculate boardings in transfers field
Fri Jun 21 18:14:52 2024, Build transit paths, Build transit paths Loop - PM - Drive - ComRail -30 of 40
Fri Jun 21 18:14:52 2024, Build transit paths, Build tranist network
Fri Jun 21 18:15:13 2024, Build transit paths, Tranist network settings
Fri Jun 21 18:15:19 2024, Build transit paths, Transit assignment PF
Fri Jun 21 18:15:57 2024, Build transit paths, Fill stop layer with base ivtt
Fri Jun 21 18:15:58 2024, Build transit paths, Update transit links with correct ivtt
Fri Jun 21 18:15:59 2024, Build transit paths, Transit skim PF
Fri Jun 21 18:17:55 2024, Build transit paths, Calculate boardings in transfers field
Fri Jun 21 18:17:55 2024, Build transit paths, Build transit paths Loop - OP - Walk - Local -31 of 40
Fri Jun 21 18:17:55 2024, Build transit paths, Build tranist network
Fri Jun 21 18:18:14 2024, Build transit paths, Tranist network settings
Fri Jun 21 18:18:16 2024, Build transit paths, Transit assignment PF
Fri Jun 21 18:18:33 2024, Build transit paths, Fill stop layer with base ivtt
Fri Jun 21 18:18:34 2024, Build transit paths, Update transit links with correct ivtt
Fri Jun 21 18:18:35 2024, Build transit paths, Transit skim PF
Fri Jun 21 18:19:59 2024, Build transit paths, Calculate boardings in transfers field
Fri Jun 21 18:19:59 2024, Build transit paths, Build transit paths Loop - OP - Walk - Brt -32 of 40
Fri Jun 21 18:19:59 2024, Build transit paths, Build tranist network
Fri Jun 21 18:20:18 2024, Build transit paths, Tranist network settings
Fri Jun 21 18:20:20 2024, Build transit paths, Transit assignment PF
Fri Jun 21 18:20:36 2024, Build transit paths, Fill stop layer with base ivtt
Fri Jun 21 18:20:37 2024, Build transit paths, Update transit links with correct ivtt
Fri Jun 21 18:20:38 2024, Build transit paths, Transit skim PF
Fri Jun 21 18:22:03 2024, Build transit paths, Calculate boardings in transfers field
Fri Jun 21 18:22:04 2024, Build transit paths, Build transit paths Loop - OP - Walk - ExpBus -33 of 40
Fri Jun 21 18:22:04 2024, Build transit paths, Build tranist network
Fri Jun 21 18:22:23 2024, Build transit paths, Tranist network settings
Fri Jun 21 18:22:25 2024, Build transit paths, Transit assignment PF
Fri Jun 21 18:22:43 2024, Build transit paths, Fill stop layer with base ivtt
Fri Jun 21 18:22:43 2024, Build transit paths, Update transit links with correct ivtt
Fri Jun 21 18:22:44 2024, Build transit paths, Transit skim PF
Fri Jun 21 18:24:12 2024, Build transit paths, Calculate boardings in transfers field
Fri Jun 21 18:24:13 2024, Build transit paths, Build transit paths Loop - OP - Walk - UrbRail -34 of 40
Fri Jun 21 18:24:13 2024, Build transit paths, Build tranist network
Fri Jun 21 18:24:32 2024, Build transit paths, Tranist network settings
Fri Jun 21 18:24:34 2024, Build transit paths, Transit assignment PF
Fri Jun 21 18:24:52 2024, Build transit paths, Fill stop layer with base ivtt
Fri Jun 21 18:24:52 2024, Build transit paths, Update transit links with correct ivtt
Fri Jun 21 18:24:53 2024, Build transit paths, Transit skim PF
Fri Jun 21 18:26:24 2024, Build transit paths, Calculate boardings in transfers field
Fri Jun 21 18:26:24 2024, Build transit paths, Build transit paths Loop - OP - Walk - ComRail -35 of 40
Fri Jun 21 18:26:24 2024, Build transit paths, Build tranist network
Fri Jun 21 18:26:43 2024, Build transit paths, Tranist network settings
Fri Jun 21 18:26:46 2024, Build transit paths, Transit assignment PF
Fri Jun 21 18:27:04 2024, Build transit paths, Fill stop layer with base ivtt
Fri Jun 21 18:27:04 2024, Build transit paths, Update transit links with correct ivtt
Fri Jun 21 18:27:05 2024, Build transit paths, Transit skim PF
Fri Jun 21 18:28:34 2024, Build transit paths, Calculate boardings in transfers field
Fri Jun 21 18:28:34 2024, Build transit paths, Build transit paths Loop - OP - Drive - Local -36 of 40
Fri Jun 21 18:28:34 2024, Build transit paths, Build tranist network
Fri Jun 21 18:28:53 2024, Build transit paths, Tranist network settings
Fri Jun 21 18:28:59 2024, Build transit paths, Transit assignment PF
Fri Jun 21 18:29:33 2024, Build transit paths, Fill stop layer with base ivtt
Fri Jun 21 18:29:34 2024, Build transit paths, Update transit links with correct ivtt
Fri Jun 21 18:29:35 2024, Build transit paths, Transit skim PF
Fri Jun 21 18:31:12 2024, Build transit paths, Calculate boardings in transfers field
Fri Jun 21 18:31:13 2024, Build transit paths, Build transit paths Loop - OP - Drive - Brt -37 of 40
Fri Jun 21 18:31:13 2024, Build transit paths, Build tranist network
Fri Jun 21 18:31:32 2024, Build transit paths, Tranist network settings
Fri Jun 21 18:31:37 2024, Build transit paths, Transit assignment PF
Fri Jun 21 18:32:11 2024, Build transit paths, Fill stop layer with base ivtt
Fri Jun 21 18:32:12 2024, Build transit paths, Update transit links with correct ivtt
Fri Jun 21 18:32:13 2024, Build transit paths, Transit skim PF
Fri Jun 21 18:33:50 2024, Build transit paths, Calculate boardings in transfers field
Fri Jun 21 18:33:50 2024, Build transit paths, Build transit paths Loop - OP - Drive - ExpBus -38 of 40
Fri Jun 21 18:33:50 2024, Build transit paths, Build tranist network
Fri Jun 21 18:34:09 2024, Build transit paths, Tranist network settings
Fri Jun 21 18:34:14 2024, Build transit paths, Transit assignment PF
Fri Jun 21 18:34:47 2024, Build transit paths, Fill stop layer with base ivtt
Fri Jun 21 18:34:48 2024, Build transit paths, Update transit links with correct ivtt
Fri Jun 21 18:34:49 2024, Build transit paths, Transit skim PF
Fri Jun 21 18:36:31 2024, Build transit paths, Calculate boardings in transfers field
Fri Jun 21 18:36:31 2024, Build transit paths, Build transit paths Loop - OP - Drive - UrbRail -39 of 40
Fri Jun 21 18:36:31 2024, Build transit paths, Build tranist network
Fri Jun 21 18:36:50 2024, Build transit paths, Tranist network settings
Fri Jun 21 18:36:55 2024, Build transit paths, Transit assignment PF
Fri Jun 21 18:37:28 2024, Build transit paths, Fill stop layer with base ivtt
Fri Jun 21 18:37:29 2024, Build transit paths, Update transit links with correct ivtt
Fri Jun 21 18:37:30 2024, Build transit paths, Transit skim PF
Fri Jun 21 18:39:08 2024, Build transit paths, Calculate boardings in transfers field
Fri Jun 21 18:39:08 2024, Build transit paths, Build transit paths Loop - OP - Drive - ComRail -40 of 40
Fri Jun 21 18:39:08 2024, Build transit paths, Build tranist network
Fri Jun 21 18:39:27 2024, Build transit paths, Tranist network settings
Fri Jun 21 18:39:32 2024, Build transit paths, Transit assignment PF
Fri Jun 21 18:40:06 2024, Build transit paths, Fill stop layer with base ivtt
Fri Jun 21 18:40:06 2024, Build transit paths, Update transit links with correct ivtt
Fri Jun 21 18:40:07 2024, Build transit paths, Transit skim PF
Fri Jun 21 18:41:46 2024, Build transit paths, Calculate boardings in transfers field
Fri Jun 21 18:41:46 2024, Process transit skims
Fri Jun 21 19:04:56 2024, 4 InternalTruckModel.rsc, Run Internal Truck and Commercial Vehicle Model
Fri Jun 21 19:04:56 2024, Aggregate LandUse
Fri Jun 21 19:05:22 2024, Calculate Accessibilities
Fri Jun 21 19:05:36 2024, Run Truck Model
Fri Jun 21 19:06:49 2024, Run Commercial Vehicle Model
Fri Jun 21 19:06:58 2024, Run Trip Length Summaries
Fri Jun 21 19:07:13 2024, Close All Views
Fri Jun 21 19:07:13 2024, 5 VisitorModel.rsc, Run Visitor Model
Fri Jun 21 19:07:13 2024, Prepare input data
Fri Jun 21 19:08:01 2024, Visitor Trip Gen
Fri Jun 21 19:08:07 2024, Visitor Trip Distribution
Fri Jun 21 19:08:19 2024, Visitor Trip Mode Choice
Fri Jun 21 19:08:20 2024, Visitor Trip Time of Day
Fri Jun 21 19:08:30 2024, 7.1 RunDaySim.rsc,   ****** Run DaySim ****** 
Fri Jun 21 19:08:30 2024, Set transit paramters
Fri Jun 21 19:25:00 2024, Runing OMX Re Export in feedback loop 3
Fri Jun 21 19:25:00 2024, Set transit paramters
Fri Jun 21 23:05:18 2024, Copy DaySim inputs in feedback loop 3
Fri Jun 21 23:05:18 2024, Runing DaySim for iteration 1 in feedback loop 3
Sat Jun 22 00:17:04 2024, Runing DaySim Summaries in feedback loop 3
Sat Jun 22 00:17:04 2024, Set transit paramters
Sat Jun 22 00:22:55 2024, 7.1 RunDaySim.rsc,  ******** Build DaySim Trip Matrices ******** 
Sat Jun 22 00:22:55 2024, Set transit paramters
Sat Jun 22 00:22:55 2024, Copying DaySim outputs
Sat Jun 22 00:23:12 2024, Joining trip and tour files
Sat Jun 22 00:29:37 2024, Processing trips ... , Auto
Sat Jun 22 00:29:37 2024, Processing trips for: , AM
Sat Jun 22 00:39:06 2024, Processing trips for: , MD
Sat Jun 22 00:48:19 2024, Processing trips for: , PM
Sat Jun 22 00:57:53 2024, Processing trips for: , OP
Sat Jun 22 01:02:38 2024, Processing trips ... , Transit
Sat Jun 22 01:02:38 2024, Processing trips trips for: , AM
Sat Jun 22 01:07:59 2024, Processing trips trips for: , MD
Sat Jun 22 01:09:53 2024, Processing trips trips for: , PM
Sat Jun 22 01:12:00 2024, Processing trips trips for: , OP
Sat Jun 22 01:13:04 2024, Set transit paramters
Sat Jun 22 01:13:06 2024, 8.1 HwyAssignment.rsc,   ****** Pre Assignment ****** 
Sat Jun 22 01:13:06 2024, Add visitor trips 
Sat Jun 22 01:13:08 2024, Add internal truck demand 
Sat Jun 22 01:13:10 2024, Add internal commercial vehicle demand 
Sat Jun 22 01:13:11 2024, Add external truck demand 
Sat Jun 22 01:13:21 2024, Add external auto demand 
Sat Jun 22 01:13:27 2024, Highway Assignment - Processing Matrices for , AM
Sat Jun 22 01:13:33 2024, Highway Assignment - Processing Matrices for , MD
Sat Jun 22 01:13:43 2024, Highway Assignment - Processing Matrices for , PM
Sat Jun 22 01:13:49 2024, Highway Assignment - Processing Matrices for , OP
Sat Jun 22 01:13:57 2024, Highway Assignment - Network Settings
Sat Jun 22 01:13:59 2024, Highway Assignment - Preload Assignment for AM
Sat Jun 22 01:14:49 2024, Highway Assignment - Preload Assignment for MD
Sat Jun 22 01:17:00 2024, Highway Assignment - Preload Assignment for PM
Sat Jun 22 01:18:40 2024, Highway Assignment - Preload Assignment for OP
Sat Jun 22 01:19:50 2024, Highway Assignment - General Assignment for AM
Sat Jun 22 01:29:45 2024, Highway Assignment - General Assignment for MD
Sat Jun 22 01:34:02 2024, Highway Assignment - General Assignment for PM
Sat Jun 22 01:42:24 2024, Highway Assignment - General Assignment for OP
Sat Jun 22 01:44:09 2024, 8.2 TransitAssignment.rsc,   ****** Transit Assignment ****** 
Sat Jun 22 01:44:09 2024, Set transit paramters
Sat Jun 22 01:44:09 2024, Transit assignment, AM
Sat Jun 22 01:44:19 2024, Transit assignment, AM
Sat Jun 22 01:44:27 2024, Transit assignment, AM
Sat Jun 22 01:44:34 2024, Transit assignment, AM
Sat Jun 22 01:44:42 2024, Transit assignment, AM
Sat Jun 22 01:44:51 2024, Transit assignment, AM
Sat Jun 22 01:44:59 2024, Transit assignment, AM
Sat Jun 22 01:45:05 2024, Transit assignment, AM
Sat Jun 22 01:45:11 2024, Transit assignment, AM
Sat Jun 22 01:45:18 2024, Transit assignment, AM
Sat Jun 22 01:45:25 2024, Transit assignment, AM
Sat Jun 22 01:45:31 2024, Transit assignment, AM
Sat Jun 22 01:45:38 2024, Transit assignment, AM
Sat Jun 22 01:45:44 2024, Transit assignment, AM
Sat Jun 22 01:45:51 2024, Transit assignment, AM
Sat Jun 22 01:45:57 2024, Transit assignment, MD
Sat Jun 22 01:46:08 2024, Transit assignment, MD
Sat Jun 22 01:46:16 2024, Transit assignment, MD
Sat Jun 22 01:46:24 2024, Transit assignment, MD
Sat Jun 22 01:46:31 2024, Transit assignment, MD
Sat Jun 22 01:46:38 2024, Transit assignment, MD
Sat Jun 22 01:46:45 2024, Transit assignment, MD
Sat Jun 22 01:46:51 2024, Transit assignment, MD
Sat Jun 22 01:46:58 2024, Transit assignment, MD
Sat Jun 22 01:47:04 2024, Transit assignment, MD
Sat Jun 22 01:47:10 2024, Transit assignment, MD
Sat Jun 22 01:47:16 2024, Transit assignment, MD
Sat Jun 22 01:47:22 2024, Transit assignment, MD
Sat Jun 22 01:47:29 2024, Transit assignment, MD
Sat Jun 22 01:47:35 2024, Transit assignment, MD
Sat Jun 22 01:47:42 2024, Transit assignment, PM
Sat Jun 22 01:47:53 2024, Transit assignment, PM
Sat Jun 22 01:48:01 2024, Transit assignment, PM
Sat Jun 22 01:48:09 2024, Transit assignment, PM
Sat Jun 22 01:48:16 2024, Transit assignment, PM
Sat Jun 22 01:48:27 2024, Transit assignment, PM
Sat Jun 22 01:48:45 2024, Transit assignment, PM
Sat Jun 22 01:49:02 2024, Transit assignment, PM
Sat Jun 22 01:49:21 2024, Transit assignment, PM
Sat Jun 22 01:49:39 2024, Transit assignment, PM
Sat Jun 22 01:49:57 2024, Transit assignment, PM
Sat Jun 22 01:50:14 2024, Transit assignment, PM
Sat Jun 22 01:50:31 2024, Transit assignment, PM
Sat Jun 22 01:50:49 2024, Transit assignment, PM
Sat Jun 22 01:51:07 2024, Transit assignment, PM
Sat Jun 22 01:51:25 2024, Transit assignment, OP
Sat Jun 22 01:51:35 2024, Transit assignment, OP
Sat Jun 22 01:51:42 2024, Transit assignment, OP
Sat Jun 22 01:51:48 2024, Transit assignment, OP
Sat Jun 22 01:51:55 2024, Transit assignment, OP
Sat Jun 22 01:52:01 2024, Transit assignment, OP
Sat Jun 22 01:52:18 2024, Transit assignment, OP
Sat Jun 22 01:52:35 2024, Transit assignment, OP
Sat Jun 22 01:52:52 2024, Transit assignment, OP
Sat Jun 22 01:53:09 2024, Transit assignment, OP
Sat Jun 22 01:53:26 2024, Transit assignment, OP
Sat Jun 22 01:53:43 2024, Transit assignment, OP
Sat Jun 22 01:54:00 2024, Transit assignment, OP
Sat Jun 22 01:54:17 2024, Transit assignment, OP
Sat Jun 22 01:54:33 2024, Transit assignment, OP
Sat Jun 22 01:54:52 2024, 8.2 TransitAssignment.rsc,   ****** Transit Reporting ****** 
Sat Jun 22 01:54:52 2024, Set transit paramters
Sat Jun 22 02:18:44 2024, 8.1 HwyAssignment.rsc,   ****** Highway Post Processor ****** 
Sat Jun 22 02:34:50 2024, 8.3 FeedbackLoop.rsc,   ****** Update Travel Times ****** 
Sat Jun 22 02:37:32 2024, 9.2 boardings.rsc,   ****** Tranist Stop Summary ****** 
Sat Jun 22 02:43:46 2024, 9.1 Utility.rsc,  Running MOE1
Sat Jun 22 02:44:25 2024,               , District Set 1 of 10
Sat Jun 22 02:47:43 2024,               , Step 1 of 20 - Regional
Sat Jun 22 02:48:08 2024,               , Step 2 of 20 - CBD
Sat Jun 22 02:48:14 2024,               , Step 3 of 20 - Columbia
Sat Jun 22 02:48:19 2024,               , Step 4 of 20 - Gallatin
Sat Jun 22 02:48:23 2024,               , Step 5 of 20 - Inner Core  I-65
Sat Jun 22 02:48:28 2024,               , Step 6 of 20 - Inner Core I-24
Sat Jun 22 02:48:32 2024,               , Step 7 of 20 - Inner Core I-24/
Sat Jun 22 02:48:38 2024,               , Step 8 of 20 - Inner Core I-24W
Sat Jun 22 02:48:42 2024,               , Step 9 of 20 - Inner Core I-40
Sat Jun 22 02:48:46 2024,               , Step 10 of 20 - Lebanon
Sat Jun 22 02:48:51 2024,               , Step 11 of 20 - Maury
Sat Jun 22 02:48:56 2024,               , Step 12 of 20 - Middle Core I-24
Sat Jun 22 02:49:01 2024,               , Step 13 of 20 - Middle Core I-40
Sat Jun 22 02:49:08 2024,               , Step 14 of 20 - Middle Core I-65
Sat Jun 22 02:49:15 2024,               , Step 15 of 20 - Murfreesboro
Sat Jun 22 02:49:20 2024,               , Step 16 of 20 - Outer Core I-24
Sat Jun 22 02:49:25 2024,               , Step 17 of 20 - Outer Core I-40
Sat Jun 22 02:49:30 2024,               , Step 18 of 20 - Outer Core I-65
Sat Jun 22 02:49:36 2024,               , Step 19 of 20 - Outer Core SR386
Sat Jun 22 02:49:41 2024,               , Step 20 of 20 - Springfield
Sat Jun 22 02:49:46 2024,               , District Set 2 of 10
Sat Jun 22 02:53:04 2024,               , Step 1 of 8 - Regional
Sat Jun 22 02:53:30 2024,               , Step 2 of 8 - DAVIDSON
Sat Jun 22 02:53:42 2024,               , Step 3 of 8 - MAURY
Sat Jun 22 02:53:47 2024,               , Step 4 of 8 - ROBERTSON
Sat Jun 22 02:53:52 2024,               , Step 5 of 8 - RUTHERFORD
Sat Jun 22 02:53:58 2024,               , Step 6 of 8 - SUMNER
Sat Jun 22 02:54:03 2024,               , Step 7 of 8 - WILLIAMSON
Sat Jun 22 02:54:09 2024,               , Step 8 of 8 - WILSON
Sat Jun 22 02:54:15 2024,               , District Set 3 of 10
Sat Jun 22 02:54:15 2024,               , District Set 4 of 10
Sat Jun 22 02:54:15 2024,               , District Set 5 of 10
Sat Jun 22 02:54:15 2024,               , District Set 6 of 10
Sat Jun 22 02:54:15 2024,               , District Set 7 of 10
Sat Jun 22 02:54:15 2024,               , District Set 8 of 10
Sat Jun 22 02:54:15 2024,               , District Set 9 of 10
Sat Jun 22 02:54:15 2024,               , District Set 10 of 10
Mon Jun 24 12:10:14 2024,  ******************* FINISHED Nashville ABM 2019 - Version 19.1.0 ******************* 
Mon Jun 24 15:56:22 2024,  ******************* STARTED Nashville ABM 2019 - Version 19.1.0 ******************* 
Mon Jun 24 15:56:22 2024, 9.1 Utility.rsc,  Running MOE1
Mon Jun 24 15:57:31 2024,               , District Set 1 of 10
Mon Jun 24 16:00:45 2024,               , Step 1 of 20 - Regional
Mon Jun 24 16:01:11 2024,               , Step 2 of 20 - CBD
Mon Jun 24 16:01:17 2024,               , Step 3 of 20 - Columbia
Mon Jun 24 16:01:21 2024,               , Step 4 of 20 - Gallatin
Mon Jun 24 16:01:25 2024,               , Step 5 of 20 - Inner Core  I-65
Mon Jun 24 16:01:30 2024,               , Step 6 of 20 - Inner Core I-24
Mon Jun 24 16:01:35 2024,               , Step 7 of 20 - Inner Core I-24/
Mon Jun 24 16:01:42 2024,               , Step 8 of 20 - Inner Core I-24W
Mon Jun 24 16:01:46 2024,               , Step 9 of 20 - Inner Core I-40
Mon Jun 24 16:01:51 2024,               , Step 10 of 20 - Lebanon
Mon Jun 24 16:01:55 2024,               , Step 11 of 20 - Maury
Mon Jun 24 16:02:00 2024,               , Step 12 of 20 - Middle Core I-24
Mon Jun 24 16:02:05 2024,               , Step 13 of 20 - Middle Core I-40
Mon Jun 24 16:02:10 2024,               , Step 14 of 20 - Middle Core I-65
Mon Jun 24 16:02:17 2024,               , Step 15 of 20 - Murfreesboro
Mon Jun 24 16:02:22 2024,               , Step 16 of 20 - Outer Core I-24
Mon Jun 24 16:02:27 2024,               , Step 17 of 20 - Outer Core I-40
Mon Jun 24 16:02:33 2024,               , Step 18 of 20 - Outer Core I-65
Mon Jun 24 16:02:39 2024,               , Step 19 of 20 - Outer Core SR386
Mon Jun 24 16:02:44 2024,               , Step 20 of 20 - Springfield
Mon Jun 24 16:02:48 2024,               , District Set 2 of 10
Mon Jun 24 16:06:05 2024,               , Step 1 of 8 - Regional
Mon Jun 24 16:06:31 2024,               , Step 2 of 8 - DAVIDSON
Mon Jun 24 16:06:42 2024,               , Step 3 of 8 - MAURY
Mon Jun 24 16:06:46 2024,               , Step 4 of 8 - ROBERTSON
Mon Jun 24 16:06:52 2024,               , Step 5 of 8 - RUTHERFORD
Mon Jun 24 16:06:57 2024,               , Step 6 of 8 - SUMNER
Mon Jun 24 16:07:03 2024,               , Step 7 of 8 - WILLIAMSON
Mon Jun 24 16:07:09 2024,               , Step 8 of 8 - WILSON
Mon Jun 24 16:07:15 2024,               , District Set 3 of 10
Mon Jun 24 16:07:15 2024,               , District Set 4 of 10
Mon Jun 24 16:07:15 2024,               , District Set 5 of 10
Mon Jun 24 16:07:15 2024,               , District Set 6 of 10
Mon Jun 24 16:07:15 2024,               , District Set 7 of 10
Mon Jun 24 16:07:15 2024,               , District Set 8 of 10
Mon Jun 24 16:07:15 2024,               , District Set 9 of 10
Mon Jun 24 16:07:15 2024,               , District Set 10 of 10
Mon Jun 24 16:16:11 2024,  ******************* FINISHED Nashville ABM 2019 - Version 19.1.0 ******************* 
Mon Jun 24 19:27:17 2024,  ******************* STARTED Nashville ABM 2019 - Version 19.1.0 ******************* 
Mon Jun 24 19:27:17 2024, 9.1 Utility.rsc,  Running MOE1
Mon Jun 24 19:27:56 2024,               , District Set 1 of 10
Mon Jun 24 19:31:10 2024,               , Step 1 of 20 - Regional
Mon Jun 24 19:31:36 2024,               , Step 2 of 20 - CBD
Mon Jun 24 19:31:41 2024,               , Step 3 of 20 - Columbia
Mon Jun 24 19:31:46 2024,               , Step 4 of 20 - Gallatin
Mon Jun 24 19:31:50 2024,               , Step 5 of 20 - Inner Core  I-65
Mon Jun 24 19:31:55 2024,               , Step 6 of 20 - Inner Core I-24
Mon Jun 24 19:32:00 2024,               , Step 7 of 20 - Inner Core I-24/
Mon Jun 24 19:32:06 2024,               , Step 8 of 20 - Inner Core I-24W
Mon Jun 24 19:32:11 2024,               , Step 9 of 20 - Inner Core I-40
Mon Jun 24 19:32:16 2024,               , Step 10 of 20 - Lebanon
Mon Jun 24 19:32:20 2024,               , Step 11 of 20 - Maury
Mon Jun 24 19:32:25 2024,               , Step 12 of 20 - Middle Core I-24
Mon Jun 24 19:32:31 2024,               , Step 13 of 20 - Middle Core I-40
Mon Jun 24 19:32:37 2024,               , Step 14 of 20 - Middle Core I-65
Mon Jun 24 19:32:44 2024,               , Step 15 of 20 - Murfreesboro
Mon Jun 24 19:32:49 2024,               , Step 16 of 20 - Outer Core I-24
Mon Jun 24 19:32:54 2024,               , Step 17 of 20 - Outer Core I-40
Mon Jun 24 19:32:59 2024,               , Step 18 of 20 - Outer Core I-65
Mon Jun 24 19:33:05 2024,               , Step 19 of 20 - Outer Core SR386
Mon Jun 24 19:33:10 2024,               , Step 20 of 20 - Springfield
Mon Jun 24 19:33:15 2024,               , District Set 2 of 10
Mon Jun 24 19:36:24 2024,               , Step 1 of 8 - Regional
Mon Jun 24 19:36:49 2024,               , Step 2 of 8 - DAVIDSON
Mon Jun 24 19:37:01 2024,               , Step 3 of 8 - MAURY
Mon Jun 24 19:37:05 2024,               , Step 4 of 8 - ROBERTSON
Mon Jun 24 19:37:10 2024,               , Step 5 of 8 - RUTHERFORD
Mon Jun 24 19:37:16 2024,               , Step 6 of 8 - SUMNER
Mon Jun 24 19:37:23 2024,               , Step 7 of 8 - WILLIAMSON
Mon Jun 24 19:37:28 2024,               , Step 8 of 8 - WILSON
Mon Jun 24 19:37:34 2024,               , District Set 3 of 10
Mon Jun 24 19:37:34 2024,               , District Set 4 of 10
Mon Jun 24 19:37:34 2024,               , District Set 5 of 10
Mon Jun 24 19:37:34 2024,               , District Set 6 of 10
Mon Jun 24 19:37:34 2024,               , District Set 7 of 10
Mon Jun 24 19:37:34 2024,               , District Set 8 of 10
Mon Jun 24 19:37:34 2024,               , District Set 9 of 10
Mon Jun 24 19:37:34 2024,               , District Set 10 of 10
Mon Jun 24 19:46:03 2024,  ******************* FINISHED Nashville ABM 2019 - Version 19.1.0 ******************* 
Mon Jun 24 19:49:14 2024,  ******************* STARTED Nashville ABM 2019 - Version 19.1.0 ******************* 
Mon Jun 24 19:49:14 2024, 9.1 Utility.rsc,  Running MOE1
Mon Jun 24 19:50:08 2024,               , District Set 1 of 10
Mon Jun 24 19:53:30 2024,               , Step 1 of 20 - Regional
Mon Jun 24 19:53:56 2024,               , Step 2 of 20 - CBD
Mon Jun 24 19:54:01 2024,               , Step 3 of 20 - Columbia
Mon Jun 24 19:54:06 2024,               , Step 4 of 20 - Gallatin
Mon Jun 24 19:54:10 2024,               , Step 5 of 20 - Inner Core  I-65
Mon Jun 24 19:54:15 2024,               , Step 6 of 20 - Inner Core I-24
Mon Jun 24 19:54:21 2024,               , Step 7 of 20 - Inner Core I-24/
Mon Jun 24 19:54:27 2024,               , Step 8 of 20 - Inner Core I-24W
Mon Jun 24 19:54:31 2024,               , Step 9 of 20 - Inner Core I-40
Mon Jun 24 19:54:36 2024,               , Step 10 of 20 - Lebanon
Mon Jun 24 19:54:40 2024,               , Step 11 of 20 - Maury
Mon Jun 24 19:54:45 2024,               , Step 12 of 20 - Middle Core I-24
Mon Jun 24 19:54:50 2024,               , Step 13 of 20 - Middle Core I-40
Mon Jun 24 19:54:55 2024,               , Step 14 of 20 - Middle Core I-65
Mon Jun 24 19:55:02 2024,               , Step 15 of 20 - Murfreesboro
Mon Jun 24 19:55:07 2024,               , Step 16 of 20 - Outer Core I-24
Mon Jun 24 19:55:12 2024,               , Step 17 of 20 - Outer Core I-40
Mon Jun 24 19:55:17 2024,               , Step 18 of 20 - Outer Core I-65
Mon Jun 24 19:55:22 2024,               , Step 19 of 20 - Outer Core SR386
Mon Jun 24 19:55:27 2024,               , Step 20 of 20 - Springfield
Mon Jun 24 19:55:32 2024,               , District Set 2 of 10
Mon Jun 24 19:58:50 2024,               , Step 1 of 8 - Regional
Mon Jun 24 19:59:16 2024,               , Step 2 of 8 - DAVIDSON
Mon Jun 24 19:59:27 2024,               , Step 3 of 8 - MAURY
Mon Jun 24 19:59:32 2024,               , Step 4 of 8 - ROBERTSON
Mon Jun 24 19:59:37 2024,               , Step 5 of 8 - RUTHERFORD
Mon Jun 24 19:59:43 2024,               , Step 6 of 8 - SUMNER
Mon Jun 24 19:59:48 2024,               , Step 7 of 8 - WILLIAMSON
Mon Jun 24 19:59:54 2024,               , Step 8 of 8 - WILSON
Mon Jun 24 19:59:59 2024,               , District Set 3 of 10
Mon Jun 24 19:59:59 2024,               , District Set 4 of 10
Mon Jun 24 19:59:59 2024,               , District Set 5 of 10
Mon Jun 24 19:59:59 2024,               , District Set 6 of 10
Mon Jun 24 19:59:59 2024,               , District Set 7 of 10
Mon Jun 24 19:59:59 2024,               , District Set 8 of 10
Mon Jun 24 19:59:59 2024,               , District Set 9 of 10
Mon Jun 24 19:59:59 2024,               , District Set 10 of 10
Mon Jun 24 20:12:50 2024,  ******************* FINISHED Nashville ABM 2019 - Version 19.1.0 ******************* 
