pptyp,adjfac
1,1.286477991
2,1.406381039
3,1.534008903
4,1.534008903
5,1.224052772
6,1.255135607
7,1.318004677
